{"type":"FeatureCollection","features":[{"type":"Feature","id":8,"geometry":{"type":"Polygon","coordinates":[[[-4.703651062816772,41.63162898913744],[-4.7041906121587882,41.632501347224853],[-4.7062467565450437,41.63148459995142],[-4.7075491245194749,41.630794253536962],[-4.7081169397221618,41.630389517359426],[-4.7086804720849713,41.629822721052648],[-4.7107722193837605,41.627022020523377],[-4.7110869022440411,41.626594017204781],[-4.7124764149263791,41.624722427887924],[-4.7138985675082603,41.622967423799011],[-4.7151791962707765,41.621480213282837],[-4.7157136960928359,41.6209507081835],[-4.7157626738028009,41.62090218790965],[-4.7157074243413266,41.620140301329322],[-4.7157203718508747,41.619992278624217],[-4.715726752617182,41.61984382780728],[-4.7157265541247533,41.619695240056004],[-4.7157197767629189,41.619546806816473],[-4.7157064338250745,41.619398819231733],[-4.7156865514826034,41.619251567570664],[-4.7156601687335451,41.619105340658706],[-4.7156273373261017,41.618960425311293],[-4.7155881216571398,41.618817105771328],[-4.7155425986458743,41.618675663151599],[-4.7154908575830019,41.618536374883462],[-4.7154329999555582,41.618399514172609],[-4.7153691392478594,41.618265349463229],[-4.7152994007189095,41.618134143911483],[-4.71522392115671,41.618006154869299],[-4.7151428486099611,41.617881633379618],[-4.714270933251826,41.616646220512479],[-4.7138974697623848,41.616117044848828],[-4.7135384109248957,41.615528009268999],[-4.7133613439012274,41.615194004123964],[-4.7132995140072387,41.615092865263463],[-4.7132436663487605,41.614988304066372],[-4.7131939897057924,41.614880673977467],[-4.7131506519986557,41.614770338815191],[-4.7131137997203743,41.614657671541863],[-4.7130835574414913,41.614543053002947],[-4.7130600273889858,41.614426870639733],[-4.7130432891007192,41.61430951717962],[-4.7130333991565774,41.614191389308651],[-4.7130303909872113,41.614072886330582],[-4.7130342747610383,41.613954408817122],[-4.7130450373498638,41.613836357253916],[-4.7131549267774018,41.613127787769336],[-4.7129551382992529,41.61262664097783],[-4.7129325458305891,41.612569969194418],[-4.7129121161102869,41.612520736308738],[-4.7121624298459865,41.611869906785302],[-4.7117711618859817,41.611497448638318],[-4.7112138963698875,41.610974345229771],[-4.7070995071996391,41.607141376771601],[-4.6990325340890049,41.599616539141067],[-4.6987190277123903,41.599767969859272],[-4.6983180098636037,41.599972165924413],[-4.6978980678370945,41.600132793146344],[-4.6969442688419978,41.600371839892482],[-4.6953789961350445,41.600732380781551],[-4.6950953886841198,41.600765160482077],[-4.694873362682416,41.600821814575689],[-4.6946367512822631,41.600903468264278],[-4.6938075870004301,41.601247412782151],[-4.6933782675581091,41.601438664221334],[-4.6926537842910774,41.601803935418687],[-4.6926244195343392,41.601818740054362],[-4.6926247995388719,41.601823040619543],[-4.6929528328325443,41.603378554448774],[-4.6926735375254909,41.603578568157907],[-4.6931803166415618,41.604194557341259],[-4.69295651607188,41.60433241504645],[-4.6924125651875874,41.604714480974202],[-4.6922941561523359,41.604770894974642],[-4.6928965889325802,41.605547780548903],[-4.6927502325075059,41.60560478859675],[-4.6935375303939759,41.606263840702908],[-4.6937590373436606,41.606102326863336],[-4.6940782373415697,41.607281301489991],[-4.6942315294692198,41.607847373575638],[-4.6943741132555914,41.608072694548397],[-4.6945722652602013,41.608518404224725],[-4.6948671790671073,41.609107426079468],[-4.6956188502365936,41.610649758518647],[-4.6953760795758912,41.611124558968136],[-4.6946675382219869,41.612510253366047],[-4.6943412452535993,41.613148364114053],[-4.6944013027987204,41.613214016476242],[-4.6942281765450478,41.613560448505304],[-4.6940028261822162,41.614599282430731],[-4.6915216802639677,41.616035120633889],[-4.6914227653377534,41.616103233056428],[-4.6926562184842284,41.617702510200957],[-4.6933019478210944,41.618604864343226],[-4.6934124165244349,41.619003589704803],[-4.6934029065917944,41.619368336650957],[-4.6932888293535893,41.619924077711048],[-4.6934880923062572,41.620257151873915],[-4.6943633360242929,41.620874770322231],[-4.6960408824651472,41.622283826139601],[-4.6966771986314493,41.622932751780148],[-4.6973518202335578,41.623679408124694],[-4.7001802648810251,41.627224089887427],[-4.703651062816772,41.63162898913744]]]},"properties":{"OBJECTID":8,"JOIN_COUNT":1,"TARGET_FID":8,"CODIGO_BAR":"34","NOMBRE_BAR":"POLÍGONO SAN CRISTÓBAL","ORIG_FID":37,"SHAPE.AREA":4233811.2165121902,"SHAPE.LEN":9081.880792102229}},{"type":"Feature","id":9,"geometry":{"type":"Polygon","coordinates":[[[-4.7366809673241743,41.634789087137193],[-4.7396331897953852,41.635469484772671],[-4.7400413057470798,41.633387246899787],[-4.7403669587672974,41.631517915439595],[-4.7408199671655291,41.630975663925895],[-4.7411099310241553,41.630685305860652],[-4.7413740365004697,41.630435358598888],[-4.7374917692421752,41.628823358165569],[-4.7374840030747016,41.628841489097226],[-4.737451303412711,41.628923044294659],[-4.7347805376430721,41.635358193552349],[-4.7349120293393065,41.635378726284657],[-4.7354586180258718,41.635460541578681],[-4.7366809673241743,41.634789087137193]]]},"properties":{"OBJECTID":9,"JOIN_COUNT":1,"TARGET_FID":9,"CODIGO_BAR":"32","NOMBRE_BAR":"LA FAROLA","ORIG_FID":35,"SHAPE.AREA":225768.93704488999,"SHAPE.LEN":2160.72036662866}},{"type":"Feature","id":10,"geometry":{"type":"Polygon","coordinates":[[[-4.7330070897688632,41.634407714363142],[-4.733902673393227,41.635853980665011],[-4.7344945787270563,41.635551651713563],[-4.7347805376430721,41.635358193552349],[-4.737451303412711,41.628923044294659],[-4.7374840030747016,41.628841489097226],[-4.7374917692421752,41.628823358165569],[-4.7406918178846302,41.621110168240406],[-4.7416389081492065,41.618821606831048],[-4.7433701097423153,41.614634221722163],[-4.7434201974387564,41.614516373845454],[-4.7434316604482545,41.614488659938985],[-4.7432366420065515,41.61442276227443],[-4.7431075372635654,41.614369397262493],[-4.7429119292553263,41.614831255460878],[-4.7428889019003986,41.61484683963495],[-4.7426834515383938,41.614985879968351],[-4.7426775584100627,41.614989930507107],[-4.742671661657182,41.614993891032789],[-4.742211635588383,41.615305163075497],[-4.7418827520677418,41.615457053225555],[-4.7416766554263443,41.615556172724894],[-4.7416576014752279,41.615565336753804],[-4.7416517954827508,41.615568124971155],[-4.7413230873668644,41.61572020901388],[-4.7412951710634355,41.615733124381279],[-4.7406885115068409,41.616013802955415],[-4.7406825866801947,41.616016682991507],[-4.7405916515835571,41.616063830881707],[-4.7393989378899519,41.615641971547923],[-4.7376884477568515,41.615036943603144],[-4.7370646068967099,41.614814821741483],[-4.7368117183125706,41.614724779585096],[-4.7367794956697971,41.614713737859368],[-4.7367116830425351,41.614686747934861],[-4.7365284971375701,41.614614039166746],[-4.7365221898923968,41.614611525203586],[-4.7350622433320781,41.61399233934992],[-4.7350207081487063,41.613974723162315],[-4.7349598259364898,41.613942056874748],[-4.7346099083763136,41.614726236038315],[-4.7328456302503108,41.618175430035642],[-4.7327663698500224,41.61832523688264],[-4.7325974600091136,41.618541700664217],[-4.7322199618363037,41.619245146859079],[-4.7314376096564486,41.620746340434913],[-4.7312632504506205,41.621089131341584],[-4.7304611159483656,41.622114618977271],[-4.7301016515515126,41.622448891633702],[-4.7298094139891473,41.62268444585311],[-4.7298530593466417,41.623010266327448],[-4.7295761640260734,41.623819902983634],[-4.7294443415424503,41.624283723299833],[-4.7295173266922568,41.624291632619283],[-4.7295947980589963,41.62431298362732],[-4.729343074370326,41.625379571305309],[-4.7293267139114876,41.626199434161521],[-4.7293605928861693,41.62630734510202],[-4.7293570873581334,41.626437657303313],[-4.7292954063054919,41.626781476629539],[-4.7292933041820433,41.626793190936432],[-4.7292620821237561,41.626789089811794],[-4.7291463195444665,41.626774079072334],[-4.7291545339624266,41.626735586655769],[-4.7290897808039958,41.626738182148038],[-4.7290072782348274,41.62674149498293],[-4.7290061126075882,41.626751780232432],[-4.7289749142972797,41.62675224960573],[-4.7288807628058551,41.626746486754818],[-4.7288414472401312,41.626744079854291],[-4.7288309813175502,41.626743245653373],[-4.7287535460390151,41.6267371375571],[-4.7286753185657506,41.626727123381734],[-4.7283540931518111,41.627776740488564],[-4.728145895520643,41.628086101442761],[-4.7282165245068182,41.628198299390149],[-4.7287555118606379,41.629044043772822],[-4.7288189709276329,41.629028873772448],[-4.72882730251475,41.629049012750649],[-4.7288387113573096,41.629076581047713],[-4.7288710140823493,41.629154632257134],[-4.728872939175722,41.629159376880082],[-4.7288746110367166,41.629163584906863],[-4.7288949936525864,41.629212903727257],[-4.7291210215124764,41.629606282481319],[-4.72918093062425,41.629710550313668],[-4.7291819387478027,41.629712336496986],[-4.7291859769555646,41.629718841664186],[-4.7292354977324473,41.62979864759545],[-4.7292374702055184,41.62980183963375],[-4.7292382768170906,41.629803137980254],[-4.7292693801060155,41.629853262737015],[-4.7292789169597045,41.629868631575583],[-4.7293415702644275,41.629969598477722],[-4.7293766908624333,41.630025843189685],[-4.7294128231451564,41.630083645245996],[-4.7294331988506997,41.63011624391477],[-4.7294471321090485,41.630138534022052],[-4.7294717629795047,41.630177936302175],[-4.7294856812151247,41.630200202312288],[-4.7295232910366618,41.630260367085533],[-4.7295235657036523,41.630260806985149],[-4.7295413245450453,41.630285954994605],[-4.7295671561969952,41.630322535376919],[-4.7295943541169256,41.630361049657274],[-4.7296232652466479,41.630401991587448],[-4.7296426100822382,41.630429387215088],[-4.7296849243334949,41.630489306395702],[-4.7297199681560596,41.630538931282231],[-4.7297432933624286,41.63057196375717],[-4.7297682929436755,41.630607363220037],[-4.7297858199419283,41.630632184131102],[-4.7298213654650576,41.630682517470696],[-4.72982959644294,41.63067876204984],[-4.7298980049896953,41.63076440616458],[-4.7299850722516998,41.630873409395257],[-4.7299958339818335,41.630886939465547],[-4.7301707700345323,41.631005926840565],[-4.7302991209888958,41.631173189960577],[-4.7304335033265978,41.631328447971939],[-4.7306305081239461,41.631568551247042],[-4.7309124240097367,41.631895548730824],[-4.7316419712979929,41.632806794936357],[-4.7319607098893153,41.632966421673061],[-4.7321182192146285,41.633154691006247],[-4.7326074866049117,41.633733728138424],[-4.7330070897688632,41.634407714363142]]]},"properties":{"OBJECTID":10,"JOIN_COUNT":1,"TARGET_FID":10,"CODIGO_BAR":"33","NOMBRE_BAR":"POLÍGONO ARGALES","ORIG_FID":36,"SHAPE.AREA":1500450.0553051201,"SHAPE.LEN":6121.3860834216703}},{"type":"Feature","id":11,"geometry":{"type":"Polygon","coordinates":[[[-4.7417006315291443,41.637050381893133],[-4.7434551522718786,41.637095832503974],[-4.7434522849074909,41.637086869263349],[-4.7434320664664389,41.637046645661577],[-4.7434121011371051,41.637001914844582],[-4.7433926316210684,41.636961679873167],[-4.743373793254432,41.636916931951703],[-4.7433550738361721,41.636876684692993],[-4.7433366087571853,41.636831931101675],[-4.7433185181396667,41.636787171826285],[-4.7433009257245873,41.636746908361424],[-4.7432835852264139,41.636702137700425],[-4.7432671173606611,41.636661857170395],[-4.7432505281787156,41.636617075106315],[-4.7432343134544492,41.63657228735913],[-4.7432184755873177,41.636527493892558],[-4.7432031310854343,41.63648719541056],[-4.7431880421285619,41.636442390578679],[-4.7431733276263186,41.636397580064347],[-4.7431591101080395,41.636357265380965],[-4.743145521344017,41.636312437786231],[-4.7431319313997449,41.636267610207383],[-4.7431187183072456,41.636222776910287],[-4.7431058796655448,41.636177937931521],[-4.7430935367983658,41.636137594802925],[-4.7430818226859914,41.636092738763637],[-4.7430701097667249,41.636047881803997],[-4.7430587701193643,41.636003020081695],[-4.7430478061190637,41.635958152660152],[-4.7430375933950879,41.635913273842043],[-4.7430273794862332,41.635868395040639],[-4.7430175412221107,41.635823510540341],[-4.7430085743481989,41.635783116194403],[-4.7429994861700493,41.635738220314984],[-4.7429907724342453,41.635693318755202],[-4.7429828099443627,41.635648404899399],[-4.7429748462907533,41.635603491961028],[-4.7429676327051569,41.635558567645404],[-4.7429604203307241,41.635513643310588],[-4.7429539568221433,41.635468707616951],[-4.7429474945236878,41.635423771904271],[-4.7429417810890167,41.635378824832976],[-4.7429360688634272,41.635333877742688],[-4.7429311054995482,41.635288919293998],[-4.7429265177698117,41.635243955147608],[-4.7429223056491718,41.63519898440331],[-4.7429180923596359,41.635154014576891],[-4.742914630327828,41.635109033355967],[-4.7429115415268601,41.635064046473985],[-4.7429088295562316,41.635019053876391],[-4.7429064908148959,41.634974055617789],[-4.742904154478035,41.634929057322367],[-4.7429025669935285,41.634884047669104],[-4.7429013551361354,41.634839032318595],[-4.7429005165049238,41.6347940113072],[-4.7429000546750695,41.634748983680076],[-4.7431715154737528,41.633015568091615],[-4.7437289947675847,41.63034110707774],[-4.743747194529182,41.630250763403929],[-4.7437498292701772,41.630237213297384],[-4.7437721429812312,41.630160317323437],[-4.743782544647539,41.630128635857908],[-4.7431957310744144,41.629802399096263],[-4.7431699654095354,41.629787879245264],[-4.7431181753523619,41.62975934962958],[-4.743121212821511,41.629756241261056],[-4.7429490477189091,41.629662119109007],[-4.7429520973206323,41.62965946089858],[-4.7428590771672718,41.629608958531705],[-4.7428575701621334,41.629608141056472],[-4.7428348173696069,41.629595787495404],[-4.7428333103408207,41.629594969119509],[-4.7427403561888966,41.629544503482641],[-4.7423752128402041,41.629343874697824],[-4.7422702424868293,41.629458050587942],[-4.7422178171902329,41.629517389277552],[-4.7413740365004697,41.630435358598888],[-4.7411099310241553,41.630685305860652],[-4.7408199671655291,41.630975663925895],[-4.7403669587672974,41.631517915439595],[-4.7400413057470798,41.633387246899787],[-4.7396331897953852,41.635469484772671],[-4.7391965454324056,41.636854127855429],[-4.7395236792765827,41.636880700954215],[-4.7397405973870983,41.636899626057648],[-4.7397492236732104,41.636854769769592],[-4.7417006315291443,41.637050381893133]]]},"properties":{"OBJECTID":11,"JOIN_COUNT":1,"TARGET_FID":11,"CODIGO_BAR":"31","NOMBRE_BAR":"CUATRO DE MARZO","ORIG_FID":34,"SHAPE.AREA":208239.67744766999,"SHAPE.LEN":2187.3067870055102}},{"type":"Feature","id":12,"geometry":{"type":"Polygon","coordinates":[[[-4.7298446926258189,41.641102345163162],[-4.7295753446114812,41.641273024152525],[-4.7312484799811099,41.641175779597845],[-4.737664152699562,41.640804253020413],[-4.740815195297631,41.64062146746609],[-4.7413901700780423,41.640612755947565],[-4.7419577066271579,41.640676209111085],[-4.7433074306950829,41.640970978886742],[-4.7433205918996153,41.64093024890898],[-4.743806474251703,41.639189077036079],[-4.7438256676446766,41.639107725128248],[-4.7438349551116534,41.639062550495559],[-4.7438434936712,41.639017387226438],[-4.7438512821247469,41.638972235339274],[-4.7438583192737225,41.638927094852349],[-4.7438647289098705,41.638886467257137],[-4.7438702670550912,41.638841349516426],[-4.7438750538761374,41.638796242275966],[-4.7438794674697915,41.638751141599464],[-4.7438831285660381,41.638706052341846],[-4.7438860419670315,41.638660974430252],[-4.7438882028737623,41.638615907937577],[-4.7438896160883832,41.638570852790998],[-4.743890276811884,41.638525809063346],[-4.743890189846403,41.638480776681753],[-4.7438897272376117,41.63843575000034],[-4.7438881376977458,41.638390740420057],[-4.7438854236051897,41.638345747004095],[-4.7438819606545746,41.638300765852478],[-4.7438777464228838,41.63825579610122],[-4.7438724076687508,41.638210843414214],[-4.7438663188373251,41.638165902109073],[-4.7438591054876058,41.6381209778678],[-4.7438511408640904,41.638076065026233],[-4.7438424261684657,41.638031163565962],[-4.7438325881606316,41.637986279150645],[-4.7438219976840417,41.637941406152564],[-4.7438102826749615,41.637896549316721],[-4.7437979402062354,41.637856206271934],[-4.743784725092107,41.637811373096646],[-4.7437703854756057,41.637766556982868],[-4.7437552945991888,41.63772175226655],[-4.7437395762406744,41.637681460439971],[-4.7437226119840341,41.637636683244423],[-4.74370489649682,41.637591918345478],[-4.7436865511280777,41.637551666371749],[-4.743666961095486,41.637506929909449],[-4.7436467423818849,41.637466706353365],[-4.7436256522498583,41.637421992644342],[-4.7436039322363781,41.637381791859042],[-4.7435810889363053,41.637341608112337],[-4.7435584975412697,41.637296917167667],[-4.7435367775895116,41.637256715466911],[-4.7435150588898676,41.637216514643363],[-4.743494344572861,41.637171795205894],[-4.743473000366567,41.637131588691901],[-4.7434551522718786,41.637095832503974],[-4.7417006315291443,41.637050381893133],[-4.7397492236732104,41.636854769769592],[-4.7397405973870983,41.636899626057648],[-4.7395236792765827,41.636880700954215],[-4.7391965454324056,41.636854127855429],[-4.7396331897953852,41.635469484772671],[-4.7366809673241743,41.634789087137193],[-4.7354586180258718,41.635460541578681],[-4.7349120293393065,41.635378726284657],[-4.7347805376430721,41.635358193552349],[-4.7346980898538469,41.635557587531935],[-4.734573291521742,41.635856694036931],[-4.7336718756323926,41.637991387487723],[-4.7335657383145291,41.638245177561394],[-4.7335458217942881,41.638286008366656],[-4.733524779511936,41.638326856150428],[-4.7335037360035903,41.638367703948688],[-4.7334816897958643,41.638413070241441],[-4.7334591460473128,41.638453940661762],[-4.7334362278241908,41.63849481672618],[-4.7334125594785892,41.638535704100768],[-4.733388142209205,41.638576602766967],[-4.7333633492619631,41.63861750709443],[-4.7333378049882073,41.638658422748954],[-4.7333118862348158,41.63869934404601],[-4.7332852173526474,41.638740276651227],[-4.7332581739888919,41.638781214898337],[-4.7332303792937829,41.638822164470888],[-4.7332017150184065,41.638858623778901],[-4.7331727957077323,41.638899590299005],[-4.7331435019116084,41.638940562459567],[-4.7331133361372153,41.638977044390444],[-4.7330829165194688,41.63901803351439],[-4.7330516261251789,41.639054532389501],[-4.7330199612456543,41.639091036903501],[-4.7329876668635036,41.639132054274633],[-4.7329548761580877,41.6391685757484],[-4.7329213365139911,41.639205108506616],[-4.7328874199808055,41.639241646938295],[-4.7328531289582001,41.639278191006895],[-4.7328180877936763,41.639314746376527],[-4.7327826709378344,41.639351307400325],[-4.7327465051380582,41.63938787970595],[-4.7327099636451955,41.639424457664823],[-4.7326730476587544,41.639461041258521],[-4.7326352597139634,41.639493134614511],[-4.7325975935404569,41.639529729494697],[-4.73255880036458,41.639566341353941],[-4.7325198877417627,41.639598451628316],[-4.732480224973096,41.63963057319868],[-4.732440308309501,41.639667201955525],[-4.7323998953512154,41.639699334807716],[-4.7323587322443199,41.639731478954147],[-4.7323171934420021,41.639763628749272],[-4.7322752813440179,41.639795784156497],[-4.7322329923492701,41.639827945229733],[-4.7321903288575164,41.639860111932386],[-4.7321469152128444,41.639892289926316],[-4.732103125869445,41.639924473566666],[-4.7320592171097307,41.639952155617749],[-4.7320146787706037,41.639984350513515],[-4.7319692685080641,41.640012055160867],[-4.7319239799703983,41.640044261328136],[-4.7318781939460317,41.640071970702031],[-4.7318316601936896,41.640099692226919],[-4.7317851240008499,41.640127413769768],[-4.7317382145113012,41.640155140919219],[-4.73171675249547,41.640169259971415],[-4.7316961801222259,41.640182794585783],[-4.7316432696391262,41.640210612126523],[-4.7315956087127473,41.640238350541061],[-4.7315471976301717,41.640266100239131],[-4.7314987877059336,41.640293849899379],[-4.7314498815498878,41.640317103643675],[-4.7314010958869357,41.640344858924109],[-4.7313514395400871,41.640368123929456],[-4.7313019036790758,41.640395890470508],[-4.7312522472565028,41.640419155434195],[-4.7312289807245245,41.640433016067256],[-4.7312019611958167,41.640446933234266],[-4.7311515545555762,41.640470208555804],[-4.7311007722436509,41.640493490415118],[-4.7310607467019405,41.640512106843566],[-4.7310496166358948,41.640516777875185],[-4.7311020115255902,41.640687341922245],[-4.7310314764088623,41.640700969754697],[-4.730959685835237,41.640714839821868],[-4.7309170583298092,41.640751535902218],[-4.7308171878414722,41.640770400652904],[-4.7304761255848709,41.640912443202559],[-4.7303541752034457,41.640955978967689],[-4.7303253104236376,41.640966284088464],[-4.730319484815932,41.640968441556147],[-4.7303134047376654,41.640970063351169],[-4.7302628582410886,41.640984145404119],[-4.7302030402029951,41.641000790744783],[-4.7300360667710795,41.641047397134393],[-4.7300301066977868,41.641049017107811],[-4.7300241490088162,41.641050726211795],[-4.7298489595584554,41.641099641055575],[-4.7298446926258189,41.641102345163162]]]},"properties":{"OBJECTID":12,"JOIN_COUNT":1,"TARGET_FID":12,"CODIGO_BAR":"30","NOMBRE_BAR":"PLAZA DE TOROS","ORIG_FID":33,"SHAPE.AREA":475552.74784123502,"SHAPE.LEN":3387.76444216967}},{"type":"Feature","id":13,"geometry":{"type":"Polygon","coordinates":[[[-4.7433074306950829,41.640970978886742],[-4.744524139688334,41.64127225637651],[-4.7447246734535362,41.640805364092202],[-4.7451984528265347,41.639924514596373],[-4.7465266073548218,41.637731164622252],[-4.7469920249917585,41.63702705135379],[-4.7477472829621288,41.636175546406953],[-4.7488408232195018,41.635059733417954],[-4.7495506847528741,41.634146352844425],[-4.7495919527318433,41.634097671784311],[-4.7497778969869984,41.63387832579194],[-4.7502361535781708,41.63346940880367],[-4.7509010539895264,41.632949905700251],[-4.7527454728276863,41.631122593977906],[-4.7536810495535047,41.630190851348623],[-4.7542195380113652,41.629697088039855],[-4.755207840585931,41.629012760347557],[-4.7546671414281425,41.628571421161894],[-4.7546121308046878,41.628590274575423],[-4.7545598665360389,41.62861358940669],[-4.7545076034291318,41.62863690419649],[-4.7544544670297375,41.628655728920698],[-4.754401453878077,41.628679055113004],[-4.7543475674400826,41.628697891238133],[-4.7542936821699717,41.628716727320224],[-4.754239045695539,41.628735574844072],[-4.7541844091885492,41.628754422342496],[-4.7541293982626058,41.628773275530072],[-4.754074012917342,41.628792134406275],[-4.7540181298991708,41.628806497477612],[-4.7539623677048413,41.628825362051913],[-4.7539061102446984,41.628839730783746],[-4.7538494771718378,41.628854105220469],[-4.7537924696859211,41.628868485343226],[-4.7537354609738349,41.628882865456468],[-4.7536780778483143,41.628897251254976],[-4.7536205726703473,41.628907135513174],[-4.7535628151085545,41.628921526967908],[-4.7535045587147069,41.628931422630849],[-4.7534463047019839,41.628941318227952],[-4.7533876738829637,41.62895121954466],[-4.753329044244972,41.628961120813464],[-4.7532704121637259,41.628971021188988],[-4.7532114069001192,41.628980928128534],[-4.7531522796236416,41.6289863335249],[-4.7530932743259644,41.628996240404369],[-4.7530337738355719,41.629001651433114],[-4.75297426973429,41.629007062486139],[-4.7529147692218938,41.629012473453621],[-4.7528548919104967,41.62901789013754],[-4.752795387776179,41.629023301098492],[-4.7527353884776815,41.629024216206389],[-4.7526755111371957,41.629029632797312],[-4.7526155118289788,41.629030547842738],[-4.7525555125179837,41.629031462856879],[-4.7524955144041767,41.629032377821417],[-4.7524355150876323,41.629033292772945],[-4.7523755157683159,41.629034207693188],[-4.752315394510445,41.629030621066931],[-4.752255769578019,41.629031530215933],[-4.7521956483271275,41.629027943526836],[-4.7521359026700534,41.629024351079742],[-4.7520757814303405,41.629020764327656],[-4.7520160345844671,41.629017171836281],[-4.7519562889441183,41.629013579295389],[-4.7518969176975876,41.629009981015976],[-4.7518374245298274,41.629001880289081],[-4.7517780532985592,41.628998281947915],[-4.7517185613787207,41.628990182040958],[-4.7516594426609187,41.628982076414665],[-4.7516003251568799,41.628973970739352],[-4.7515412064666798,41.628965865051612],[-4.7514818352797601,41.628962266556378],[-4.7514227178130337,41.628954160788886],[-4.7513632247721871,41.628946060714526],[-4.7513038548101862,41.628942462108505],[-4.7512443617929234,41.628934361972092],[-4.7511848687895251,41.628926261804565],[-4.7511254976525326,41.628922663124115],[-4.7510657509332725,41.628919070135737],[-4.7509848842575506,41.628911295536767],[-4.7467971628317081,41.628358058214751],[-4.7467384196097919,41.628349944341814],[-4.7466793044161149,41.628341836092332],[-4.7466201868363367,41.628333727848634],[-4.7465604420321368,41.628330132483519],[-4.746500950090593,41.628322029867839],[-4.7464408297164535,41.628318440148121],[-4.7463812052531384,41.628319346237568],[-4.7463210860859464,41.628315756436777],[-4.7462610872359399,41.628316668152955],[-4.74620108838318,41.628317579837848],[-4.7461410883277049,41.62831849150966],[-4.7460812109684793,41.628323904662707],[-4.7460215876886469,41.628324810547475],[-4.745961710287145,41.628330222738228],[-4.7459027043565989,41.628340125935757],[-4.7458432025387474,41.628345533259527],[-4.7457845709597493,41.628355430709426],[-4.7457259393618321,41.628365328129732],[-4.7456676833307414,41.628375219815247],[-4.7456094272808844,41.628385111471559],[-4.7455520438466108,41.628399493220975],[-4.7454950335720545,41.628413869273999],[-4.7454383988574023,41.628428239594726],[-4.745382514089191,41.628442598497671],[-4.7453267507425023,41.628461458906337],[-4.7452717373354991,41.62848030789889],[-4.7452174738688928,41.628499145476404],[-4.7451635835567609,41.62851797736171],[-4.7451105670185934,41.62854129933018],[-4.7450581789867172,41.628560108353604],[-4.7450066611233899,41.628583407517091],[-4.7449558931969662,41.628606695270548],[-4.7449056234394593,41.628634478814547],[-4.7448563553859868,41.62865774375075],[-4.74480795988406,41.6286854987951],[-4.7447606875041384,41.628713236767588],[-4.7447137918714386,41.628740969000916],[-4.7446683949513533,41.628768678462514],[-4.7446234950045429,41.628800884639126],[-4.7445800961432489,41.628833067110044],[-4.7445373234225237,41.628860736682725],[-4.7444959202144128,41.628897392203982],[-4.744455519938783,41.628929529109357],[-4.7444162439913686,41.628961648934045],[-4.7443782137573711,41.628998253213446],[-4.7443416846400508,41.629034834695361],[-4.7443059066618547,41.629071404764574],[-4.7442720029950669,41.629107946374241],[-4.7442388480714088,41.629144476609632],[-4.7442071942736082,41.629180984052113],[-4.74417678618377,41.629221975956092],[-4.7441482524121632,41.629262939405486],[-4.7441203484211263,41.629299389913037],[-4.7440944401226099,41.629340313502738],[-4.744069657367767,41.629381220004916],[-4.744046373350983,41.629422103756603],[-4.7440243362678176,41.629467472857357],[-4.7440040533342858,41.629508311056],[-4.743985270347574,41.629549126488371],[-4.7439677330748715,41.629594426389794],[-4.7439508244090156,41.629635213372559],[-4.7439344126717859,41.629680496188143],[-4.7439180009125783,41.629725779001483],[-4.7439018421719839,41.629766554596372],[-4.7438861803589578,41.629811826024394],[-4.7438707715679165,41.629852590234236],[-4.743855859704154,41.629897850277523],[-4.7438409466205558,41.629943110337152],[-4.7438266633587469,41.629983857461319],[-4.7438125014525374,41.630029107018942],[-4.7437987138992588,41.630074349993478],[-4.7437851805769871,41.630115085732314],[-4.743782544647539,41.630128635857908],[-4.7437721429812312,41.630160317323437],[-4.7437498292701772,41.630237213297384],[-4.743747194529182,41.630250763403929],[-4.7437289947675847,41.63034110707774],[-4.7431715154737528,41.633015568091615],[-4.7429000546750695,41.634748983680076],[-4.7429005165049238,41.6347940113072],[-4.7429013551361354,41.634839032318595],[-4.7429025669935285,41.634884047669104],[-4.742904154478035,41.634929057322367],[-4.7429064908148959,41.634974055617789],[-4.7429088295562316,41.635019053876391],[-4.7429115415268601,41.635064046473985],[-4.742914630327828,41.635109033355967],[-4.7429180923596359,41.635154014576891],[-4.7429223056491718,41.63519898440331],[-4.7429265177698117,41.635243955147608],[-4.7429311054995482,41.635288919293998],[-4.7429360688634272,41.635333877742688],[-4.7429417810890167,41.635378824832976],[-4.7429474945236878,41.635423771904271],[-4.7429539568221433,41.635468707616951],[-4.7429604203307241,41.635513643310588],[-4.7429676327051569,41.635558567645404],[-4.7429748462907533,41.635603491961028],[-4.7429828099443627,41.635648404899399],[-4.7429907724342453,41.635693318755202],[-4.7429994861700493,41.635738220314984],[-4.7430085743481989,41.635783116194403],[-4.7430175412221107,41.635823510540341],[-4.7430273794862332,41.635868395040639],[-4.7430375933950879,41.635913273842043],[-4.7430478061190637,41.635958152660152],[-4.7430587701193643,41.636003020081695],[-4.7430701097667249,41.636047881803997],[-4.7430818226859914,41.636092738763637],[-4.7430935367983658,41.636137594802925],[-4.7431058796655448,41.636177937931521],[-4.7431187183072456,41.636222776910287],[-4.7431319313997449,41.636267610207383],[-4.743145521344017,41.636312437786231],[-4.7431591101080395,41.636357265380965],[-4.7431733276263186,41.636397580064347],[-4.7431880421285619,41.636442390578679],[-4.7432031310854343,41.63648719541056],[-4.7432184755873177,41.636527493892558],[-4.7432343134544492,41.63657228735913],[-4.7432505281787156,41.636617075106315],[-4.7432671173606611,41.636661857170395],[-4.7432835852264139,41.636702137700425],[-4.7433009257245873,41.636746908361424],[-4.7433185181396667,41.636787171826285],[-4.7433366087571853,41.636831931101675],[-4.7433550738361721,41.636876684692993],[-4.743373793254432,41.636916931951703],[-4.7433926316210684,41.636961679873167],[-4.7434121011371051,41.637001914844582],[-4.7434320664664389,41.637046645661577],[-4.7434522849074909,41.637086869263349],[-4.7434551522718786,41.637095832503974],[-4.743473000366567,41.637131588691901],[-4.743494344572861,41.637171795205894],[-4.7435150588898676,41.637216514643363],[-4.7435367775895116,41.637256715466911],[-4.7435584975412697,41.637296917167667],[-4.7435810889363053,41.637341608112337],[-4.7436039322363781,41.637381791859042],[-4.7436256522498583,41.637421992644342],[-4.7436467423818849,41.637466706353365],[-4.743666961095486,41.637506929909449],[-4.7436865511280777,41.637551666371749],[-4.74370489649682,41.637591918345478],[-4.7437226119840341,41.637636683244423],[-4.7437395762406744,41.637681460439971],[-4.7437552945991888,41.63772175226655],[-4.7437703854756057,41.637766556982868],[-4.743784725092107,41.637811373096646],[-4.7437979402062354,41.637856206271934],[-4.7438102826749615,41.637896549316721],[-4.7438219976840417,41.637941406152564],[-4.7438325881606316,41.637986279150645],[-4.7438424261684657,41.638031163565962],[-4.7438511408640904,41.638076065026233],[-4.7438591054876058,41.6381209778678],[-4.7438663188373251,41.638165902109073],[-4.7438724076687508,41.638210843414214],[-4.7438777464228838,41.63825579610122],[-4.7438819606545746,41.638300765852478],[-4.7438854236051897,41.638345747004095],[-4.7438881376977458,41.638390740420057],[-4.7438897272376117,41.63843575000034],[-4.743890189846403,41.638480776681753],[-4.743890276811884,41.638525809063346],[-4.7438896160883832,41.638570852790998],[-4.7438882028737623,41.638615907937577],[-4.7438860419670315,41.638660974430252],[-4.7438831285660381,41.638706052341846],[-4.7438794674697915,41.638751141599464],[-4.7438750538761374,41.638796242275966],[-4.7438702670550912,41.638841349516426],[-4.7438647289098705,41.638886467257137],[-4.7438583192737225,41.638927094852349],[-4.7438512821247469,41.638972235339274],[-4.7438434936712,41.639017387226438],[-4.7438349551116534,41.639062550495559],[-4.7438256676446766,41.639107725128248],[-4.743806474251703,41.639189077036079],[-4.7433205918996153,41.64093024890898],[-4.7433074306950829,41.640970978886742]]]},"properties":{"OBJECTID":13,"JOIN_COUNT":1,"TARGET_FID":13,"CODIGO_BAR":"29","NOMBRE_BAR":"ARTURO EYRIES","ORIG_FID":32,"SHAPE.AREA":666222.08083257999,"SHAPE.LEN":4072.2837816229803}},{"type":"Feature","id":14,"geometry":{"type":"Polygon","coordinates":[[[-4.7205014660950662,41.644183296805856],[-4.7203662981802612,41.644405985713938],[-4.7208673689065099,41.644227355938341],[-4.7213600340789572,41.644071366755689],[-4.7225020472176809,41.643950679510276],[-4.7238577151711043,41.644060951388525],[-4.7270771408592696,41.642918298154342],[-4.7286715745363592,41.642331405378584],[-4.7292323475442126,41.641453816636364],[-4.7294687541579643,41.641342178957558],[-4.7295753446114812,41.641273024152525],[-4.7298446926258189,41.641102345163162],[-4.7298489595584554,41.641099641055575],[-4.7300241490088162,41.641050726211795],[-4.7300301066977868,41.641049017107811],[-4.7300360667710795,41.641047397134393],[-4.7302030402029951,41.641000790744783],[-4.7302628582410886,41.640984145404119],[-4.7303134047376654,41.640970063351169],[-4.730319484815932,41.640968441556147],[-4.7303253104236376,41.640966284088464],[-4.7303541752034457,41.640955978967689],[-4.7304761255848709,41.640912443202559],[-4.7308171878414722,41.640770400652904],[-4.7309170583298092,41.640751535902218],[-4.730959685835237,41.640714839821868],[-4.7310314764088623,41.640700969754697],[-4.7311020115255902,41.640687341922245],[-4.7310496166358948,41.640516777875185],[-4.7310607467019405,41.640512106843566],[-4.7311007722436509,41.640493490415118],[-4.7311515545555762,41.640470208555804],[-4.7312019611958167,41.640446933234266],[-4.7312289807245245,41.640433016067256],[-4.7312522472565028,41.640419155434195],[-4.7313019036790758,41.640395890470508],[-4.7313514395400871,41.640368123929456],[-4.7314010958869357,41.640344858924109],[-4.7314498815498878,41.640317103643675],[-4.7314987877059336,41.640293849899379],[-4.7315471976301717,41.640266100239131],[-4.7315956087127473,41.640238350541061],[-4.7316432696391262,41.640210612126523],[-4.7316961801222259,41.640182794585783],[-4.73171675249547,41.640169259971415],[-4.7317382145113012,41.640155140919219],[-4.7317851240008499,41.640127413769768],[-4.7318316601936896,41.640099692226919],[-4.7318781939460317,41.640071970702031],[-4.7319239799703983,41.640044261328136],[-4.7319692685080641,41.640012055160867],[-4.7320146787706037,41.639984350513515],[-4.7320592171097307,41.639952155617749],[-4.732103125869445,41.639924473566666],[-4.7321469152128444,41.639892289926316],[-4.7321903288575164,41.639860111932386],[-4.7322329923492701,41.639827945229733],[-4.7322752813440179,41.639795784156497],[-4.7323171934420021,41.639763628749272],[-4.7323587322443199,41.639731478954147],[-4.7323998953512154,41.639699334807716],[-4.732440308309501,41.639667201955525],[-4.732480224973096,41.63963057319868],[-4.7325198877417627,41.639598451628316],[-4.73255880036458,41.639566341353941],[-4.7325975935404569,41.639529729494697],[-4.7326352597139634,41.639493134614511],[-4.7326730476587544,41.639461041258521],[-4.7327099636451955,41.639424457664823],[-4.7327465051380582,41.63938787970595],[-4.7327826709378344,41.639351307400325],[-4.7328180877936763,41.639314746376527],[-4.7328531289582001,41.639278191006895],[-4.7328874199808055,41.639241646938295],[-4.7329213365139911,41.639205108506616],[-4.7329548761580877,41.6391685757484],[-4.7329876668635036,41.639132054274633],[-4.7330199612456543,41.639091036903501],[-4.7330516261251789,41.639054532389501],[-4.7330829165194688,41.63901803351439],[-4.7331133361372153,41.638977044390444],[-4.7331435019116084,41.638940562459567],[-4.7331727957077323,41.638899590299005],[-4.7332017150184065,41.638858623778901],[-4.7332303792937829,41.638822164470888],[-4.7332581739888919,41.638781214898337],[-4.7332852173526474,41.638740276651227],[-4.7333118862348158,41.63869934404601],[-4.7333378049882073,41.638658422748954],[-4.7333633492619631,41.63861750709443],[-4.733388142209205,41.638576602766967],[-4.7334125594785892,41.638535704100768],[-4.7334362278241908,41.63849481672618],[-4.7334591460473128,41.638453940661762],[-4.7334816897958643,41.638413070241441],[-4.7335037360035903,41.638367703948688],[-4.733524779511936,41.638326856150428],[-4.7335458217942881,41.638286008366656],[-4.7335657383145291,41.638245177561394],[-4.7336718756323926,41.637991387487723],[-4.734573291521742,41.635856694036931],[-4.7346980898538469,41.635557587531935],[-4.7347805376430721,41.635358193552349],[-4.7344945787270563,41.635551651713563],[-4.733902673393227,41.635853980665011],[-4.7330070897688632,41.634407714363142],[-4.7326074866049117,41.633733728138424],[-4.7321182192146285,41.633154691006247],[-4.7319607098893153,41.632966421673061],[-4.7316419712979929,41.632806794936357],[-4.7309124240097367,41.631895548730824],[-4.7306305081239461,41.631568551247042],[-4.7304335033265978,41.631328447971939],[-4.7302991209888958,41.631173189960577],[-4.7301707700345323,41.631005926840565],[-4.7299958339818335,41.630886939465547],[-4.7299850722516998,41.630873409395257],[-4.7298980049896953,41.63076440616458],[-4.72982959644294,41.63067876204984],[-4.7298213654650576,41.630682517470696],[-4.7297858199419283,41.630632184131102],[-4.7297682929436755,41.630607363220037],[-4.7297432933624286,41.63057196375717],[-4.7297199681560596,41.630538931282231],[-4.7296849243334949,41.630489306395702],[-4.7296426100822382,41.630429387215088],[-4.7296232652466479,41.630401991587448],[-4.7295943541169256,41.630361049657274],[-4.7295671561969952,41.630322535376919],[-4.7295413245450453,41.630285954994605],[-4.7295235657036523,41.630260806985149],[-4.7295232910366618,41.630260367085533],[-4.7294856812151247,41.630200202312288],[-4.7294717629795047,41.630177936302175],[-4.7294471321090485,41.630138534022052],[-4.7294331988506997,41.63011624391477],[-4.7294128231451564,41.630083645245996],[-4.7293766908624333,41.630025843189685],[-4.7293415702644275,41.629969598477722],[-4.7292789169597045,41.629868631575583],[-4.7292693801060155,41.629853262737015],[-4.7292382768170906,41.629803137980254],[-4.7292374702055184,41.62980183963375],[-4.7292354977324473,41.62979864759545],[-4.7291859769555646,41.629718841664186],[-4.7291819387478027,41.629712336496986],[-4.72918093062425,41.629710550313668],[-4.7291210215124764,41.629606282481319],[-4.7288949936525864,41.629212903727257],[-4.7288746110367166,41.629163584906863],[-4.728872939175722,41.629159376880082],[-4.7288710140823493,41.629154632257134],[-4.7288387113573096,41.629076581047713],[-4.72882730251475,41.629049012750649],[-4.7288189709276329,41.629028873772448],[-4.7287555118606379,41.629044043772822],[-4.7282165245068182,41.628198299390149],[-4.728145895520643,41.628086101442761],[-4.7283540931518111,41.627776740488564],[-4.7286753185657506,41.626727123381734],[-4.7287535460390151,41.6267371375571],[-4.7288309813175502,41.626743245653373],[-4.7288414472401312,41.626744079854291],[-4.7288807628058551,41.626746486754818],[-4.7289749142972797,41.62675224960573],[-4.7290061126075882,41.626751780232432],[-4.7290072782348274,41.62674149498293],[-4.7290897808039958,41.626738182148038],[-4.7291545339624266,41.626735586655769],[-4.7291463195444665,41.626774079072334],[-4.7292620821237561,41.626789089811794],[-4.7292933041820433,41.626793190936432],[-4.7292954063054919,41.626781476629539],[-4.7293570873581334,41.626437657303313],[-4.7293605928861693,41.62630734510202],[-4.7293267139114876,41.626199434161521],[-4.729343074370326,41.625379571305309],[-4.7295947980589963,41.62431298362732],[-4.7295173266922568,41.624291632619283],[-4.7294443415424503,41.624283723299833],[-4.7295761640260734,41.623819902983634],[-4.7298530593466417,41.623010266327448],[-4.7298094139891473,41.62268444585311],[-4.7301016515515126,41.622448891633702],[-4.7304611159483656,41.622114618977271],[-4.7312632504506205,41.621089131341584],[-4.7314376096564486,41.620746340434913],[-4.7322199618363037,41.619245146859079],[-4.7325974600091136,41.618541700664217],[-4.7327663698500224,41.61832523688264],[-4.7328456302503108,41.618175430035642],[-4.7346099083763136,41.614726236038315],[-4.7349598259364898,41.613942056874748],[-4.7349789662397388,41.613807415587338],[-4.7350543223592725,41.613013443455465],[-4.7351990569114006,41.612464206213268],[-4.7356538654233979,41.611585474828416],[-4.7371357174768889,41.60890769634657],[-4.7373523261452979,41.608531235883461],[-4.7385020387399539,41.606524932909117],[-4.7387100591476354,41.606165104659063],[-4.7390366497147092,41.605600167223599],[-4.7357416876215757,41.60615367999349],[-4.7340743797358833,41.606545177815732],[-4.73193960693213,41.607138309271257],[-4.7305027862165234,41.60759496945586],[-4.7259470456342241,41.609240911345225],[-4.7257676198521601,41.609306054285682],[-4.7261461269819156,41.611320541000282],[-4.7262313178290141,41.612082109447584],[-4.7262858205035396,41.613314831550127],[-4.7262759264977525,41.615782060921845],[-4.7262421078146186,41.621406535717156],[-4.7261748797458631,41.622129814937793],[-4.7260648826725777,41.623005024963867],[-4.7259429115949763,41.623975491881417],[-4.7259390326422954,41.624641011787027],[-4.7259801231652467,41.624965010375433],[-4.7261237126088655,41.625482238144073],[-4.7262466940358285,41.62584017440043],[-4.7232944458718613,41.628942535291074],[-4.7227973558446275,41.632070834555755],[-4.7227034272464872,41.632657682988558],[-4.7226190662708785,41.633293924158934],[-4.7223144134335087,41.635577202966616],[-4.7223114176814471,41.63578890664192],[-4.7220626221164359,41.637211200911004],[-4.7217632230031468,41.640214938326302],[-4.7203081583100799,41.640709581637743],[-4.7212229359647528,41.642204518641464],[-4.7214707333808041,41.642633131604974],[-4.7207544435032673,41.64393182346101],[-4.7207239669732539,41.643943079805744],[-4.7207321381045473,41.643945700906556],[-4.7207456053739136,41.6439643269483],[-4.720734745015049,41.643968399399839],[-4.7207296629436923,41.643971446823905],[-4.720683438538841,41.643989780488425],[-4.7205991175180682,41.644024645407519],[-4.7205014660950662,41.644183296805856]]]},"properties":{"OBJECTID":14,"JOIN_COUNT":1,"TARGET_FID":14,"CODIGO_BAR":"26","NOMBRE_BAR":"DELICIAS - ARCO DE LADRILLO","ORIG_FID":29,"SHAPE.AREA":2647300.7117044199,"SHAPE.LEN":10862.2647768848}},{"type":"Feature","id":15,"geometry":{"type":"Polygon","coordinates":[[[-4.7668506191164841,41.643643372750361],[-4.767318979434588,41.643839182868795],[-4.7685065094928634,41.642600050354552],[-4.7688297808599227,41.642311452268913],[-4.7694080759813939,41.641759263016866],[-4.7703086494772791,41.640983963650434],[-4.770601783525926,41.640739868614439],[-4.7713868833981383,41.640186013895573],[-4.7713335321526351,41.640026694959055],[-4.773103892497284,41.638679996736386],[-4.7742460974565235,41.638032706305232],[-4.7759962875188195,41.63499674472876],[-4.7761080039985231,41.634802946084179],[-4.7747941194884334,41.633832681820017],[-4.774538230881638,41.63331000821259],[-4.7742177189572077,41.632807785350479],[-4.774059324119647,41.63258289990236],[-4.7738773840815911,41.632383777553883],[-4.7733931223795256,41.631929565599684],[-4.7729285171659885,41.631465139982183],[-4.7725322920551836,41.631011726758402],[-4.7715378490570224,41.629724862562313],[-4.7712728207596165,41.62937975568753],[-4.7712053784607562,41.62929297767225],[-4.7707954916664503,41.628892189774739],[-4.7704103139496237,41.628534430394716],[-4.77012756262023,41.628260746142793],[-4.7697575455128591,41.627798634865343],[-4.7695893082165082,41.62758587349569],[-4.7693063707499892,41.627366681702675],[-4.7677062397083709,41.626257171498949],[-4.7666788137227538,41.625479473711948],[-4.7658056969838771,41.624861338754563],[-4.765726736581148,41.624888761609149],[-4.7656590566509154,41.624854404946241],[-4.7654434240713694,41.62478683371716],[-4.7650491463097513,41.624731644092421],[-4.7644656128534919,41.624770507310934],[-4.7643588143052957,41.624842399637338],[-4.7633606777059407,41.625067036190551],[-4.7628837121183016,41.625166762993764],[-4.762778780557154,41.625183774119179],[-4.7623820811945832,41.625176258186805],[-4.7622692312256616,41.624999473175222],[-4.7621292027834272,41.625103126414515],[-4.7616892946406022,41.624398877081148],[-4.7628152735601619,41.624002516887437],[-4.7627881086551076,41.623732369891528],[-4.7626926060449648,41.623403466239168],[-4.7625182418558119,41.623109997632284],[-4.7624840653322869,41.623128805482203],[-4.7624313114030468,41.623147628019872],[-4.7623794287577326,41.623170940547752],[-4.7623275472743476,41.623194253034434],[-4.7622756657530516,41.623217565498329],[-4.762224534099242,41.623240866440405],[-4.7621730268553373,41.623264173118891],[-4.76212227067965,41.623287468258162],[-4.7620715132670748,41.623310763394031],[-4.7620212539570987,41.623338554246253],[-4.7619712475739222,41.623361837822983],[-4.761921615507962,41.623385115639202],[-4.7618721059822189,41.623412894931121],[-4.7618228493944086,41.623436166948338],[-4.7617737141406291,41.623463940460205],[-4.7617253299772297,41.62349170333777],[-4.761676821984361,41.623514963816838],[-4.7616288120706987,41.623542720016239],[-4.7615811764703739,41.623570470457977],[-4.7615339175836029,41.623598215105758],[-4.7614866562563147,41.623625959771523],[-4.7614397716432748,41.623653698643949],[-4.7613932613452734,41.62368143176019],[-4.7613472479039975,41.62371366061835],[-4.7613014886342526,41.623741382186978],[-4.7612561024812479,41.623769098019217],[-4.7612112143772789,41.623801309576486],[-4.7611662036994602,41.623829019618995],[-4.7611220654220192,41.623861219650536],[-4.7610778045773898,41.623888918167708],[-4.7610340405718912,41.623921112430089],[-4.7609906520798102,41.623953300921727],[-4.7609480122592407,41.623985477925132],[-4.7609053735961222,41.624017654895006],[-4.7608631116725535,41.624049826977277],[-4.7608212228405282,41.624081992426859],[-4.7607797071251214,41.624114152144493],[-4.7607385693263913,41.624146306057028],[-4.7606978058453215,41.624178454219987],[-4.7606574166824958,41.624210596633809],[-4.7606175243312112,41.624247234797728],[-4.7605778862037313,41.624279365677658],[-4.7605386211964005,41.624311490827928],[-4.7604998541944887,41.624348111711292],[-4.7604609646665299,41.624380231083009],[-4.7604218232199615,41.624416857675996],[-4.7603825580521839,41.624448982775334],[-4.7603430409598104,41.624485615095566],[-4.7603037769112921,41.624517740150793],[-4.7602641372877246,41.624549871845964],[-4.7602242445063787,41.624586509879684],[-4.7601846047769127,41.624618640648336],[-4.7601447131083772,41.624655278637356],[-4.7601043221745831,41.624687420883703],[-4.7600643079622431,41.624719557346253],[-4.7600239181483737,41.624751699547176],[-4.7599836507453812,41.624788343234535],[-4.7599432608486847,41.624820485408343],[-4.7599024965493388,41.624852633301501],[-4.7598617310096367,41.624884781199185],[-4.7598210890695762,41.624921430564967],[-4.759780323446253,41.624953578435047],[-4.759739183419085,41.624985732023667],[-4.7596980433510625,41.625017885598204],[-4.7596565289029042,41.625050045791085],[-4.7596153887529606,41.625082199337278],[-4.7595738729981392,41.625114358619626],[-4.7595323572020689,41.625146517887607],[-4.7594904682000942,41.625178682854461],[-4.7594485779566025,41.625210847825073],[-4.7594066864715785,41.62524301279943],[-4.7593647973446993,41.625275177722386],[-4.759322531411093,41.625307348398572],[-4.7592802666353489,41.625339519041468],[-4.7592380006176906,41.625371689687832],[-4.7591957357578947,41.625403860300935],[-4.7591538440222729,41.625436025186922],[-4.7591119534449158,41.625468190039911],[-4.7590700640258126,41.625500354859895],[-4.7590281721652925,41.625532519701999],[-4.7589862814630273,41.62556468451109],[-4.7589447663105515,41.625596844457569],[-4.7589033722719201,41.625633505009723],[-4.7588622313772229,41.625665658297613],[-4.7588207160739886,41.625697817300889],[-4.7587795750973827,41.625729970560421],[-4.7587384340799179,41.625762123805842],[-4.7586972930215827,41.625794277037151],[-4.7586565262908591,41.625826424525386],[-4.7586158830799992,41.625863073483892],[-4.7585751174655373,41.625895220926104],[-4.758534724979774,41.625927362644269],[-4.7584939593090274,41.625959510959227],[-4.7584536902925327,41.625996154134477],[-4.7584136744531325,41.62602829004684],[-4.758373283004274,41.626060431692338],[-4.758333265885395,41.626092567596274],[-4.7582933722658716,41.626129204971576],[-4.7582533550649524,41.626161340848917],[-4.7582137133949214,41.626193470966982],[-4.7581741940168794,41.6262301025752],[-4.7581345522656227,41.626262232667159],[-4.7580950328011404,41.626298864249428],[-4.7580557665400578,41.626330988569848],[-4.7580164990401412,41.626363112895781],[-4.7579773538196486,41.6263997387125],[-4.757938461811329,41.62643185726774],[-4.7578996932776088,41.626468477295838],[-4.7578608012141279,41.626500596726295],[-4.7578220301958476,41.626537216766089],[-4.7577835136011188,41.626569329526561],[-4.7577451180713961,41.62660594379706],[-4.757706227024503,41.62663806225892],[-4.7576784616452024,41.626665507170742],[-4.7576674570371216,41.626674682230671],[-4.7576281891370105,41.626706806429873],[-4.7575886691168074,41.626743437846095],[-4.7575490267619163,41.626775567745064],[-4.7575090087934386,41.626807703374631],[-4.7574691142700694,41.626844340477021],[-4.7574287218447813,41.626876481805098],[-4.7573879550044262,41.626908628844568],[-4.7573471869236954,41.626940775888542],[-4.7573061667012535,41.626977430148152],[-4.7572650241611036,41.627009582888959],[-4.7572235060044008,41.627041741358447],[-4.7571816146548516,41.627073906419859],[-4.7571397220392777,41.627106070584659],[-4.7570974538057937,41.627138240477237],[-4.7570551867302031,41.627170410336554],[-4.7570125440359146,41.627202585923129],[-4.7569697778474369,41.627230260007465],[-4.7569267606940242,41.627262441287101],[-4.7568833679205698,41.627294628293015],[-4.7568399751039188,41.627326815283233],[-4.756796582244065,41.627359002257698],[-4.7567523171479236,41.627386699174934],[-4.756708549826099,41.627418891840428],[-4.7566639090728229,41.627446594466015],[-4.7566197660879794,41.627478792840044],[-4.7565747508764451,41.627506501154798],[-4.7565298578486725,41.627538710958746],[-4.7564848425565911,41.627566419239557],[-4.7564395738631786,41.627598634750065],[-4.7563941841110573,41.627626348718593],[-4.756348418740405,41.627654068409839],[-4.7563024011824249,41.627686296211991],[-4.7562562601498533,41.627714021607716],[-4.7562101202774292,41.627741746967217],[-4.756163604785077,41.627769478048243],[-4.7561167136723066,41.627797214850382],[-4.7560699447108528,41.627829453141118],[-4.7560226779333243,41.62785719564534],[-4.7559754135148733,41.627884938094077],[-4.7559281466557426,41.62791268056074],[-4.7558803843954172,41.627935927202998],[-4.755832368694894,41.62796368107189],[-4.7557843529528823,41.627991434921391],[-4.7557363371693704,41.62801918875148],[-4.7556879457625438,41.628046948300103],[-4.7556394333509315,41.628070206302745],[-4.7555906674814787,41.628097971531105],[-4.75554152598753,41.62812574247689],[-4.7554926378805309,41.628149006156839],[-4.7554431219223261,41.62817678278082],[-4.755393859357711,41.628200052138759],[-4.7553439677343396,41.628227834458293],[-4.7552943307111768,41.628251109493299],[-4.7552444390049322,41.628278891770961],[-4.7551940507390738,41.628302178236858],[-4.7551436624364696,41.628325464681247],[-4.755093274097109,41.628348751104163],[-4.7546671414281425,41.628571421161894],[-4.755207840585931,41.629012760347557],[-4.7542195380113652,41.629697088039855],[-4.7536810495535047,41.630190851348623],[-4.7527454728276863,41.631122593977906],[-4.7509010539895264,41.632949905700251],[-4.7502361535781708,41.63346940880367],[-4.7497778969869984,41.63387832579194],[-4.7495919527318433,41.634097671784311],[-4.7495506847528741,41.634146352844425],[-4.7488408232195018,41.635059733417954],[-4.7477472829621288,41.636175546406953],[-4.7469920249917585,41.63702705135379],[-4.7465266073548218,41.637731164622252],[-4.7451984528265347,41.639924514596373],[-4.7447246734535362,41.640805364092202],[-4.744524139688334,41.64127225637651],[-4.7454309405278936,41.64156021321773],[-4.7495728700271327,41.642469961545885],[-4.7519969480827839,41.642833831557574],[-4.7534978244110917,41.642887498192799],[-4.7559625593094594,41.642867878019231],[-4.760236897070377,41.643050174107749],[-4.7624364392784617,41.643295672713613],[-4.7644926548063955,41.643204522330336],[-4.7644926070350824,41.643204135774823],[-4.7647929077958304,41.643203937570021],[-4.7650391127487781,41.643214657017005],[-4.7655101411776704,41.643266596245923],[-4.7659092807709129,41.643341794832189],[-4.7662985095726347,41.643449748690493],[-4.7668506191164841,41.643643372750361]]]},"properties":{"OBJECTID":15,"JOIN_COUNT":1,"TARGET_FID":15,"CODIGO_BAR":"28","NOMBRE_BAR":"PARQUESOL","ORIG_FID":31,"SHAPE.AREA":3570016.5269681499,"SHAPE.LEN":7855.1233188767501}},{"type":"Feature","id":16,"geometry":{"type":"Polygon","coordinates":[[[-4.7130142452924648,41.642832246843511],[-4.7158724515717569,41.645878217725702],[-4.7162905472058023,41.645682833309188],[-4.7175528059144742,41.645213639494138],[-4.7182451513126162,41.644960108148396],[-4.7205014660950662,41.644183296805856],[-4.7205991175180682,41.644024645407519],[-4.720683438538841,41.643989780488425],[-4.7207296629436923,41.643971446823905],[-4.720734745015049,41.643968399399839],[-4.7207456053739136,41.6439643269483],[-4.7207321381045473,41.643945700906556],[-4.7207239669732539,41.643943079805744],[-4.7207544435032673,41.64393182346101],[-4.7214707333808041,41.642633131604974],[-4.7212229359647528,41.642204518641464],[-4.7203081583100799,41.640709581637743],[-4.7217632230031468,41.640214938326302],[-4.7220626221164359,41.637211200911004],[-4.7223114176814471,41.63578890664192],[-4.7223144134335087,41.635577202966616],[-4.7226190662708785,41.633293924158934],[-4.7227034272464872,41.632657682988558],[-4.7227973558446275,41.632070834555755],[-4.7232944458718613,41.628942535291074],[-4.7262466940358285,41.62584017440043],[-4.7261237126088655,41.625482238144073],[-4.7259801231652467,41.624965010375433],[-4.7259390326422954,41.624641011787027],[-4.7259429115949763,41.623975491881417],[-4.7260648826725777,41.623005024963867],[-4.7261748797458631,41.622129814937793],[-4.7262421078146186,41.621406535717156],[-4.7262759264977525,41.615782060921845],[-4.7262858205035396,41.613314831550127],[-4.7262313178290141,41.612082109447584],[-4.7261461269819156,41.611320541000282],[-4.7257676198521601,41.609306054285682],[-4.7257525934066447,41.609312489200128],[-4.7249539559416069,41.609654508024228],[-4.7237955816728032,41.610035512753818],[-4.7228367681825691,41.610350867792057],[-4.7211713178772037,41.610798038997871],[-4.7203125484582165,41.611022005859624],[-4.7191942459249621,41.611281123150441],[-4.7152392121593252,41.612020457737842],[-4.7140019323049254,41.612312576259249],[-4.7129551382992529,41.61262664097783],[-4.7131549267774018,41.613127787769336],[-4.7130450373498638,41.613836357253916],[-4.7130342747610383,41.613954408817122],[-4.7130303909872113,41.614072886330582],[-4.7130333991565774,41.614191389308651],[-4.7130432891007192,41.61430951717962],[-4.7130600273889858,41.614426870639733],[-4.7130835574414913,41.614543053002947],[-4.7131137997203743,41.614657671541863],[-4.7131506519986557,41.614770338815191],[-4.7131939897057924,41.614880673977467],[-4.7132436663487605,41.614988304066372],[-4.7132995140072387,41.615092865263463],[-4.7133613439012274,41.615194004123964],[-4.7135384109248957,41.615528009268999],[-4.7138974697623848,41.616117044848828],[-4.714270933251826,41.616646220512479],[-4.7151428486099611,41.617881633379618],[-4.71522392115671,41.618006154869299],[-4.7152994007189095,41.618134143911483],[-4.7153691392478594,41.618265349463229],[-4.7154329999555582,41.618399514172609],[-4.7154908575830019,41.618536374883462],[-4.7155425986458743,41.618675663151599],[-4.7155881216571398,41.618817105771328],[-4.7156273373261017,41.618960425311293],[-4.7156601687335451,41.619105340658706],[-4.7156865514826034,41.619251567570664],[-4.7157064338250745,41.619398819231733],[-4.7157197767629189,41.619546806816473],[-4.7157265541247533,41.619695240056004],[-4.715726752617182,41.61984382780728],[-4.7157203718508747,41.619992278624217],[-4.7157074243413266,41.620140301329322],[-4.7157626738028009,41.62090218790965],[-4.7157136960928359,41.6209507081835],[-4.7151791962707765,41.621480213282837],[-4.7138985675082603,41.622967423799011],[-4.7124764149263791,41.624722427887924],[-4.7110869022440411,41.626594017204781],[-4.7107722193837605,41.627022020523377],[-4.7086804720849713,41.629822721052648],[-4.7081169397221618,41.630389517359426],[-4.7075491245194749,41.630794253536962],[-4.7062467565450437,41.63148459995142],[-4.7041906121587882,41.632501347224853],[-4.7060436462024491,41.634396802819452],[-4.7060560045351112,41.634410129504353],[-4.7064967376347182,41.634889952919444],[-4.7087659457113142,41.637706879928494],[-4.7091116135196573,41.638350228095668],[-4.7099823319244711,41.639481136151119],[-4.710794658058985,41.640434652984851],[-4.7111942100291229,41.640583401407333],[-4.7112848814107027,41.640612028395211],[-4.7114314715352252,41.640677294244639],[-4.7115727704493784,41.640731396480639],[-4.7117084818669737,41.640763100006914],[-4.7117017043120422,41.640695752072119],[-4.711711984334066,41.640648209005811],[-4.7117313120972639,41.640602278479598],[-4.7117592808448174,41.64055892396604],[-4.7117953046931005,41.640519054861699],[-4.7118386277103594,41.640483506537862],[-4.7118883415392814,41.640453025667803],[-4.7119434028758782,41.640428250152446],[-4.7120026572825031,41.640409701560927],[-4.7120648627141186,41.640397766767428],[-4.7121287123206654,41.640392697611915],[-4.7121928701889564,41.64039460046078],[-4.7122559880956798,41.640403434155907],[-4.712316742830601,41.640419013962045],[-4.7123738602700742,41.640441013909765],[-4.7124261431228467,41.64046897178568],[-4.71247249406637,41.640502301396509],[-4.7125119412601739,41.640540303896884],[-4.7125436579303761,41.640582181907526],[-4.7125669772732746,41.640627058206618],[-4.7125814120172755,41.640673988947668],[-4.7125866575878304,41.640721992433448],[-4.7125826056454434,41.640770061523284],[-4.7125693398829611,41.640817186212544],[-4.7125471391197244,41.640862379706078],[-4.7125164693312556,41.640904694749608],[-4.7124534283958681,41.640992911435504],[-4.7123974875796977,41.641083781955594],[-4.7123488449510482,41.641176986330926],[-4.7123229956721566,41.641235353383458],[-4.7123059094677373,41.641295507394531],[-4.7122977949005485,41.641356708507779],[-4.7122987510533951,41.64141820858864],[-4.7123087675513817,41.641479252124796],[-4.7123277213173056,41.641539089784395],[-4.7123553792567003,41.641596989184585],[-4.7123914019523827,41.641652238439093],[-4.7124147711438287,41.64167989760837],[-4.7124321863850538,41.641709925105225],[-4.7124432313214601,41.641741606596497],[-4.712447643351962,41.641774184926533],[-4.7124453166742093,41.641806884390014],[-4.712436308692225,41.641838925947624],[-4.7124322845304265,41.641871637195585],[-4.7124349767049996,41.641904424891734],[-4.7124443227607227,41.641936517186807],[-4.7124601034407982,41.641967160779217],[-4.7124819453962088,41.641995632583665],[-4.7125093374077469,41.642021262907207],[-4.7125416319433056,41.642043448936505],[-4.712748742149282,41.642130293809061],[-4.7127970527206546,41.642161398221418],[-4.7128395133221739,41.642196983301673],[-4.7128753908870422,41.642236435814965],[-4.7129040670006299,41.642279074167469],[-4.7129250467318862,41.642324164486169],[-4.7129344801425965,41.642354828766344],[-4.7129403450196454,41.642385990271137],[-4.7129375743367854,41.642476389109028],[-4.7129436348782248,41.642566696837569],[-4.7129584946452221,41.642656429368969],[-4.7129820736520935,41.642745104229377],[-4.7130142452924648,41.642832246843511]]]},"properties":{"OBJECTID":16,"JOIN_COUNT":1,"TARGET_FID":16,"CODIGO_BAR":"27","NOMBRE_BAR":"DELICIAS - CANTERAC","ORIG_FID":30,"SHAPE.AREA":3987559.9790280401,"SHAPE.LEN":10173.694454402501}},{"type":"Feature","id":22,"geometry":{"type":"Polygon","coordinates":[[[-4.7020215075710414,41.650992850192537],[-4.7042886712937175,41.651053824945478],[-4.7043990101950843,41.650228071262404],[-4.7051665574656099,41.649748334482069],[-4.7057035983642992,41.649393605386749],[-4.7060537870532704,41.649068668266544],[-4.7063017775872433,41.648411997082114],[-4.7063400343163133,41.648325865819942],[-4.706860727806256,41.647124738821432],[-4.7075183712123172,41.645881044974878],[-4.7078564597935388,41.645241044909476],[-4.7082341994576433,41.644767080199451],[-4.7085983200979573,41.644374376591237],[-4.7090421836089327,41.644088567823545],[-4.7108629967554316,41.643214842896192],[-4.7119201303937528,41.64271969976636],[-4.7119836817395848,41.642680649048572],[-4.7120417332596709,41.642637045358647],[-4.7120937068878561,41.642589322435967],[-4.7121390880724352,41.64253795450476],[-4.7121774244564163,41.642483451790071],[-4.7122083353836386,41.642426356772852],[-4.7122315129076169,41.642367236969392],[-4.7122467276488029,41.64230667943955],[-4.7122538286744069,41.642245286284989],[-4.7122527433066201,41.642183667446531],[-4.712243484227459,41.642122436995407],[-4.7122261431665313,41.642062201518613],[-4.7122008909237785,41.642003561019372],[-4.710794658058985,41.640434652984851],[-4.7099823319244711,41.639481136151119],[-4.7091116135196573,41.638350228095668],[-4.7087659457113142,41.637706879928494],[-4.7064967376347182,41.634889952919444],[-4.7060560045351112,41.634410129504353],[-4.7060436462024491,41.634396802819452],[-4.7041906121587882,41.632501347224853],[-4.7040931678085496,41.632547826065817],[-4.7040439989451865,41.632575575464429],[-4.7039950882686998,41.632598817628171],[-4.703946671761253,41.63262655582961],[-4.7038986296307872,41.632654288459911],[-4.70385096307787,41.632682015501707],[-4.7038040452983756,41.632709730521867],[-4.7037575031214933,41.632737440855067],[-4.7037113365240408,41.632765145601468],[-4.7036656628735685,41.632797346407052],[-4.7036206194531518,41.632825034466272],[-4.7035760713752337,41.632857218550441],[-4.7035317791149742,41.632884895439716],[-4.7034879809923043,41.632917068372748],[-4.703444931667228,41.632949230189844],[-4.7034022579201826,41.632981386423815],[-4.7033603341727321,41.633013531525414],[-4.7033184103836279,41.63304567661234],[-4.7032772365956639,41.633077810567947],[-4.7032364383647556,41.633109938041983],[-4.7031960145388272,41.633142060853288],[-4.7031564580499703,41.633178674181551],[-4.7031167841859594,41.633210785850295],[-4.7030783544779755,41.633247382452787],[-4.7030398062011507,41.633279477414142],[-4.7030021252548275,41.633316062894963],[-4.7029647013685842,41.633348141168767],[-4.7029277715868139,41.633384715493897],[-4.7028915906104318,41.633421278711289],[-4.7028557852171611,41.633457836351994],[-4.7028207298315508,41.633494382868292],[-4.7027856744066519,41.633530929374466],[-4.7027517446155347,41.633567459191575],[-4.7027178135863634,41.633603989016969],[-4.7026850081935914,41.633640502154606],[-4.7026526968894897,41.633681511347625],[-4.7026210158971544,41.633718007807801],[-4.7025902033929645,41.633758993876633],[-4.7025596492055168,41.633795473625675],[-4.7025303367540978,41.633836438355459],[-4.7025017743185265,41.633877391966415],[-4.7024734689850565,41.633913838376301],[-4.7024460333605322,41.633954775280152],[-4.7024197209824683,41.633995695537664],[-4.7023937841989429,41.634036610225046],[-4.7023689730654352,41.634077508231684],[-4.7023445375288908,41.634118400668982],[-4.7023208496176636,41.634159282026317],[-4.7022982885616305,41.634200146686666],[-4.7022761019060946,41.634241005796554],[-4.7022551593841984,41.634286349858122],[-4.7022344715886817,41.634327186757744],[-4.7022149106551687,41.634368006962248],[-4.7021958425985728,41.634413323247529],[-4.7021777817346102,41.634454121226298],[-4.7021602149479502,41.634499415268657],[-4.7021432773292551,41.634540196604476],[-4.7021268349879364,41.634585473986512],[-4.7021115171164238,41.634630734711159],[-4.702096456389639,41.634671488240294],[-4.7020822629717269,41.634716732306131],[-4.7020691964292993,41.634761959679913],[-4.7020563858377127,41.634802679876593],[-4.7020440669253389,41.634847896174023],[-4.7020328748934066,41.6348930957801],[-4.702022432911714,41.634938284276231],[-4.7020122468879126,41.63497896559587],[-4.7020029293786303,41.635024137435778],[-4.7019947375570021,41.635069292602907],[-4.7019869213584808,41.635114442206103],[-4.7019798540174218,41.635159580717819],[-4.7019735367355047,41.635204708120348],[-4.7019679695143104,41.635249824413798],[-4.7019627791210654,41.635294935125877],[-4.7019587120257667,41.635340029201387],[-4.7019553949959239,41.635385112168017],[-4.7019524535978539,41.635430189571181],[-4.7019506367033541,41.635475250320155],[-4.7019491954432455,41.635520305505672],[-4.7019485042543394,41.635565349582372],[-4.7019489375744907,41.635610377004866],[-4.7019497465329536,41.635655398863868],[-4.7019513055673077,41.635700409613975],[-4.7019536146791365,41.63574540925508],[-4.7019566738699963,41.635790397787162],[-4.701960483141443,41.635835375210107],[-4.7019650424950399,41.635880341523816],[-4.7019703507322248,41.635925296745938],[-4.7019764102784869,41.635970241741127],[-4.7019828454492565,41.636015180271905],[-4.7019902878827686,41.63605560050042],[-4.7019982208300721,41.636100516847101],[-4.7020072807079183,41.636145416502522],[-4.7020167162391191,41.636190310593243],[-4.7020272763042215,41.636235188027719],[-4.7020382120252613,41.636280059897139],[-4.7020498966432864,41.636324920673346],[-4.7020623325601001,41.636369770320535],[-4.702075398905472,41.636410107245318],[-4.702089333822955,41.636454934687002],[-4.7021056196642705,41.63651774083953],[-4.7026812217299447,41.638544745510877],[-4.7027022251480268,41.638629998563609],[-4.7027131617958764,41.638674870334448],[-4.702723722805608,41.638719747669612],[-4.7027341653038794,41.638760123377914],[-4.7027443506892217,41.638805006276073],[-4.7027541616348456,41.638849894721055],[-4.7027639725951076,41.638894783164616],[-4.7027737847701783,41.638939671588965],[-4.7027832201038819,41.638984565595905],[-4.7027922809957934,41.639029465149967],[-4.7028013419013064,41.639074364702758],[-4.7028100283639924,41.639119269802798],[-4.7028175890693467,41.639164191582935],[-4.7028247741291063,41.639209118928427],[-4.7028308346280863,41.639254062936658],[-4.7028365194788684,41.63929901251052],[-4.7028418310810718,41.639343967614515],[-4.7028463901751598,41.639388933868524],[-4.7028497073639617,41.63942941514356],[-4.7028531430961129,41.639474398042609],[-4.7028554518573218,41.639519397640719],[-4.7028573873639807,41.639564402769345],[-4.7028581958960487,41.639609424597211],[-4.7028590056304784,41.639654446406936],[-4.7028586908112704,41.639699485780739],[-4.7028580003087335,41.639744529820412],[-4.7028565584852906,41.639789584992904],[-4.7028543677397767,41.639834651262632],[-4.7028514268704198,41.639879728647365],[-4.7028503819451934,41.639911267795675],[-4.7028489401166143,41.639956322966967],[-4.7028294559115427,41.640114230002034],[-4.7027997877703358,41.640312818355575],[-4.7027569119834896,41.640480078735749],[-4.702746844202732,41.640525261714473],[-4.7027356530143969,41.64057046133766],[-4.7027240849459133,41.640615666543709],[-4.7027121411966917,41.640660877314758],[-4.7026989543019111,41.640701603123546],[-4.7026855126576619,41.640746836085249],[-4.7026713184626905,41.640792080195304],[-4.7026566312521059,41.640832828228021],[-4.7026409379531637,41.640878094545158],[-4.7026247504376189,41.640918864802295],[-4.7026083057626167,41.640964142246993],[-4.702590993604236,41.641004929161667],[-4.7025730497910105,41.641050227911137],[-4.7025542361167547,41.641091037065841],[-4.7025351664745081,41.641136353389392],[-4.7025152281474725,41.64117717919946],[-4.7024946593793961,41.641222517725673],[-4.7024735951946353,41.641263360207731],[-4.7024521565148358,41.64130420823377],[-4.7024295944005221,41.641345072898702],[-4.7024066541881071,41.641385943160302],[-4.7023834591915561,41.641431320571215],[-4.7023590198401166,41.641472213031271],[-4.7023345804584489,41.641513105486425],[-4.702309016434457,41.641554014596018],[-4.7022830755074887,41.641594929282917],[-4.7022566427716379,41.641631347869399],[-4.7022295783677688,41.641672279185968],[-4.7022017625867027,41.641713221625764],[-4.7021735722992286,41.64175416960601],[-4.7021448890059201,41.641790621502103],[-4.7021151983603371,41.641831591691044],[-4.7020855064775002,41.641872561890523],[-4.7020549471191853,41.641909041551145],[-4.7020237560715961,41.64195003393889],[-4.7019920720229367,41.641986530240345],[-4.7019596365679277,41.642023036760911],[-4.7019269451114081,41.642064051343702],[-4.7018937606575424,41.642100569838952],[-4.701859824817916,41.642137099452214],[-4.7018255156662292,41.642173634583855],[-4.7017904539263489,41.642210180850206],[-4.7017550188726673,41.64224673263405],[-4.701718833629088,41.642283295515973],[-4.7016818969940601,41.642319869513031],[-4.7016448430515192,41.642351941855985],[-4.7016071561844832,41.64238852693812],[-4.7015687191232258,41.642425123115949],[-4.7015297902842432,41.6424572231833],[-4.7014904845300158,41.642489328818165],[-4.7014505470372372,41.64252594717226],[-4.701410116572025,41.642558069432027],[-4.7013693115898993,41.642590197222397],[-4.701327755189098,41.642622335222306],[-4.7012861999709417,41.642654474090314],[-4.7012435188788526,41.642686629610957],[-4.7012008377443077,41.642718785116365],[-4.7011574064115047,41.642750951711442],[-4.7011135993572584,41.642783123851949],[-4.7010692993531196,41.642810799893624],[-4.7010243675790973,41.642842988648965],[-4.7009796918166806,41.642870670218237],[-4.7009343842773061,41.642902864500442],[-4.7008885837978278,41.642930562681826],[-4.7008427844554621,41.642958259927497],[-4.7007967266274591,41.642990465260262],[-4.7007505503466964,41.643018168948672],[-4.7007040007468266,41.643045878143475],[-4.7006570742265739,41.643073592897565],[-4.7006097731859313,41.643101313174895],[-4.7005624721044716,41.643129033433411],[-4.70051442082144,41.643156764773849],[-4.7004667439773167,41.643184490553494],[-4.7004183181071921,41.643212226496082],[-4.7003697738377257,41.643235461691937],[-4.7003209722296955,41.643263204053881],[-4.7002721693792289,41.643290946413501],[-4.7002228736340417,41.643314192666061],[-4.7001733217395483,41.643341946066144],[-4.7001236514376066,41.643365197817744],[-4.7000736066178179,41.643388455088548],[-4.7000229287551738,41.643416225081509],[-4.6999717579886191,41.643439498064176],[-4.6999198370438853,41.64346278302196],[-4.6998677977139822,41.643481566328582],[-4.6998151265318908,41.643504862336847],[-4.6997619624886955,41.643523662232198],[-4.6997089155501275,41.643546963749813],[-4.6996550000740838,41.64356577471014],[-4.6996007088828433,41.643584591201986],[-4.6995460455531664,41.643603412271297],[-4.6994910053309669,41.64362223978921],[-4.6994355893924835,41.643641072837077],[-4.699379680623597,41.643655409767355],[-4.6993238901393024,41.643674248300272],[-4.6992672311479895,41.643688596269875],[-4.6992105709304335,41.643702944229716],[-4.699153537403407,41.643717297681462],[-4.6990965038265475,41.643731650204991],[-4.6990398447311428,41.643745998064212],[-4.6989828099254511,41.643760351450254],[-4.6989261507780009,41.64377469925428],[-4.6988698660888035,41.6437890414946],[-4.6988132080897635,41.643803389226044],[-4.698757041620226,41.643822233042528],[-4.6987007568260584,41.643836574301019],[-4.6986448489149302,41.64385091086173],[-4.6985890568375108,41.643869749062127],[-4.6985331476710712,41.643884085587139],[-4.6984777324164879,41.643902918163867],[-4.6984223159286413,41.64392175073219],[-4.698367156848569,41.643936076090547],[-4.698312117184468,41.643954903036665],[-4.6982570750634221,41.643973729092103],[-4.6982020353338108,41.643992555986557],[-4.6981473688568194,41.644011377339034],[-4.6980930780333745,41.644030193114581],[-4.6980387871776514,41.644049008865039],[-4.6979844962896511,41.64406782459033],[-4.6979305798554982,41.644086634757336],[-4.6978766645659524,41.644105443981516],[-4.6978228650750555,41.644128755749257],[-4.6977696999147156,41.644147554741238],[-4.6977166517229163,41.644170855359633],[-4.6976642366696701,41.644189643221161],[-4.6976119385783335,41.644212932709991],[-4.6975603918235045,41.644236211076183],[-4.6975092195182766,41.644259483888007],[-4.697458421639447,41.64428275024563],[-4.6974081176144731,41.644310513565863],[-4.6973584455455057,41.644333764150822],[-4.6973088928134326,41.644361516330754],[-4.6972599696447537,41.644384755811956],[-4.6972115402951156,41.64441249135804],[-4.6971638610805693,41.644440215805169],[-4.6971161830251562,41.644467940215435],[-4.6970696295948784,41.644495647997516],[-4.6970230761008285,41.644523354861064],[-4.6969772727685717,41.644551051528673],[-4.696932337722985,41.644583238735194],[-4.6968876589774649,41.644610918760591],[-4.6968442254045977,41.644643083761352],[-4.6968302082768387,41.644652297495256],[-4.6968011650779689,41.644675243234481],[-4.6967588548886932,41.644707391615484],[-4.696717296038222,41.644739528887484],[-4.696676487327438,41.644771655068951],[-4.6966365444847566,41.644808271830911],[-4.6965972372309022,41.644840374915702],[-4.6965591691567257,41.644876963971861],[-4.6965213610115271,41.64490904579916],[-4.6964844199294493,41.644945618192459],[-4.6964486046812848,41.644982173953601],[-4.6964131650850485,41.645018724158049],[-4.6963784744331489,41.645055263295632],[-4.6963445351274844,41.645091791331538],[-4.6963109702762864,41.645128313829886],[-4.6962781555732249,41.645164825245345],[-4.6962458334286756,41.645205832759487],[-4.6962141445303809,41.645242327538696],[-4.6961833226580962,41.645283311989502],[-4.6961527583685605,41.645319790152072],[-4.6961230635276134,41.645360758852171],[-4.6960939983450052,41.645397214872432],[-4.6960658038102698,41.645438161413708],[-4.6960379825347109,41.645479102438976],[-4.6960109114144677,41.645520032385996],[-4.6959845916512828,41.64556095123757],[-4.6959586463507419,41.64560186455649],[-4.6959305685260837,41.645647312719923],[-4.6959090062286961,41.645683657964014],[-4.6958845612177571,41.645724549124644],[-4.6958601161765765,41.645765440280364],[-4.6958356723054644,41.645806331413468],[-4.6958116017005365,41.645847217032895],[-4.6957649631915581,41.645928966081343],[-4.6954237978469768,41.646456391011498],[-4.6944374756036078,41.647997581962358],[-4.6941496857954439,41.648451358537336],[-4.6940857433497403,41.648552178902136],[-4.6936561620136326,41.649229513311475],[-4.6931058190867594,41.650196840579014],[-4.6928813228522781,41.650695519379006],[-4.6928543434637087,41.650754460715554],[-4.6970299459687235,41.650850500342287],[-4.7005568339107349,41.650951483972456],[-4.7020215075710414,41.650992850192537]]]},"properties":{"OBJECTID":22,"JOIN_COUNT":1,"TARGET_FID":22,"CODIGO_BAR":"18","NOMBRE_BAR":"PAJARILLOS ALTOS","ORIG_FID":22,"SHAPE.AREA":1454288.4343679501,"SHAPE.LEN":5899.6928903193912}},{"type":"Feature","id":23,"geometry":{"type":"Polygon","coordinates":[[[-4.7101297339572934,41.651048121534117],[-4.7104031621736393,41.65117014730874],[-4.7106904377018424,41.650751560920931],[-4.7119480572585521,41.648967512318386],[-4.7125661934048173,41.648233259858209],[-4.7126324212781832,41.648169225630099],[-4.712668228909898,41.648132664982867],[-4.7127036607946087,41.648096109924673],[-4.7075183712123172,41.645881044974878],[-4.706860727806256,41.647124738821432],[-4.7063400343163133,41.648325865819942],[-4.7063017775872433,41.648411997082114],[-4.7060537870532704,41.649068668266544],[-4.7057035983642992,41.649393605386749],[-4.7051665574656099,41.649748334482069],[-4.7043990101950843,41.650228071262404],[-4.7042886712937175,41.651053824945478],[-4.7084732745311371,41.650892621769415],[-4.7085401843309587,41.650882621118221],[-4.7086002065099368,41.650881728680197],[-4.7086597327719542,41.650876340213536],[-4.7087196347467435,41.650870946129288],[-4.7087796557088586,41.650870053615606],[-4.7088396766682674,41.650869161070602],[-4.7088996976487687,41.650868269394586],[-4.7089597186027721,41.650867376786927],[-4.7090198585691416,41.650870985748988],[-4.7090795025978585,41.650870098684493],[-4.7091396437717439,41.650873707565822],[-4.7091994080272483,41.650877322021877],[-4.7092591723122066,41.650880937347054],[-4.7093186822920936,41.65088905889418],[-4.7093780720453919,41.650892678827852],[-4.7094375784478242,41.650900800366465],[-4.7094967127416112,41.650908927409866],[-4.7095554713254648,41.650917060012191],[-4.7096142299469443,41.650925193484504],[-4.7096727306949573,41.650937833233506],[-4.7097311148007845,41.650945971317242],[-4.7097888665413628,41.650958622151038],[-4.7098466195040674,41.65097127293749],[-4.7099039955639466,41.650983929303145],[-4.7099611174269791,41.65100109369402],[-4.7100177420854505,41.651013761183854],[-4.7100737392072629,41.651030941355081],[-4.7101297339572934,41.651048121534117]]]},"properties":{"OBJECTID":23,"JOIN_COUNT":1,"TARGET_FID":23,"CODIGO_BAR":"17","NOMBRE_BAR":"PAJARILLOS BAJOS","ORIG_FID":21,"SHAPE.AREA":229230.01134475999,"SHAPE.LEN":2061.3516168728102}},{"type":"Feature","id":24,"geometry":{"type":"Polygon","coordinates":[[[-4.7160760024596877,41.650594716388028],[-4.7172875260795166,41.651504315780329],[-4.7180814138416762,41.649857726011795],[-4.7183416779888159,41.649498068270148],[-4.7187590776191435,41.649064006734548],[-4.7191132508175198,41.648693935845252],[-4.719744966337216,41.648035999189055],[-4.7205647053555602,41.648239892826147],[-4.7206129056601709,41.647018756007142],[-4.7207515754171601,41.646052957330568],[-4.7208215673818748,41.645115207043553],[-4.7209113607521536,41.644959456157054],[-4.7209662507023316,41.64434746708303],[-4.7208703069837865,41.64428135241031],[-4.7208673689065099,41.644227355938341],[-4.7203662981802612,41.644405985713938],[-4.7205014660950662,41.644183296805856],[-4.7182451513126162,41.644960108148396],[-4.7175528059144742,41.645213639494138],[-4.7162905472058023,41.645682833309188],[-4.7158724515717569,41.645878217725702],[-4.7155767035230918,41.646017734566485],[-4.7154937562687049,41.64605950322656],[-4.71528731397167,41.646170664953964],[-4.7152380216814,41.646193917577179],[-4.7151888487803042,41.646221671769979],[-4.7151395576152169,41.646244924334241],[-4.7150907603281187,41.646272672878965],[-4.7150423374944417,41.646300415814437],[-4.7149939158192193,41.646328158712258],[-4.7149457491893703,41.646351394410793],[-4.7148977019299583,41.646379131680447],[-4.7148500303017409,41.646406862423881],[-4.714802357455925,41.646434594066385],[-4.7147550602658574,41.6464623200836],[-4.714708137531737,41.646490040493873],[-4.7146612159574222,41.646517760867702],[-4.7146146688397481,41.646545475635193],[-4.714568241065292,41.646577691975793],[-4.714522068361676,41.646605401119388],[-4.7144762713162116,41.646633104639768],[-4.7144304730309514,41.646660808160412],[-4.7143847952776294,41.646693013237211],[-4.7143397482834883,41.646720704612648],[-4.7142948206395028,41.646752898463227],[-4.7142497735886311,41.646780590704964],[-4.7142052215570747,41.646812778917223],[-4.7141944624470362,41.646817442786102],[-4.7141609246239113,41.646840459934424],[-4.7141171227052352,41.646872636923199],[-4.714073319542611,41.646904813913835],[-4.7140297726887672,41.64693248369219],[-4.7139863451419695,41.646964655047078],[-4.7139432932520977,41.646996820782597],[-4.7139006146191251,41.647028980934991],[-4.7138579371201379,41.64706114015393],[-4.7138156353033249,41.647093294654802],[-4.7137737079450783,41.647125443555588],[-4.7137317805451371,41.647157592441694],[-4.7136902276045518,41.647189735728247],[-4.713649050324217,41.647221873397747],[-4.7136082487047162,41.647254005450556],[-4.7135674470447011,41.647286137489495],[-4.7135267634578373,41.647322771125637],[-4.713486710718124,41.647354891968398],[-4.7134466591390041,41.64738701277988],[-4.7134071013286469,41.647423629587429],[-4.7133677974725279,41.647455739222536],[-4.7133284959542276,41.647487847908657],[-4.7132896882221909,41.647524453492245],[-4.7132511356539073,41.647556551886147],[-4.7132127035410285,41.647593151843523],[-4.713174645888567,41.647629746205418],[-4.7131368434088738,41.647661833378301],[-4.7130995358820016,41.647698416532307],[-4.7130622283131851,41.647734999674796],[-4.713025296407289,41.647771577205084],[-4.7129886196860653,41.647803647547292],[-4.7129615763838917,41.647831070905163],[-4.7129524367096822,41.64784021388995],[-4.7129103724811614,41.647881371259885],[-4.7145939140723634,41.64949999976254],[-4.7157193038210297,41.650361363220256],[-4.7158932949603409,41.650412806615364],[-4.7160376871209468,41.650536744774172],[-4.7160760024596877,41.650594716388028]]]},"properties":{"OBJECTID":24,"JOIN_COUNT":1,"TARGET_FID":24,"CODIGO_BAR":"23","NOMBRE_BAR":"CIRCULAR","ORIG_FID":26,"SHAPE.AREA":278651.94245317503,"SHAPE.LEN":2346.3522291662998}},{"type":"Feature","id":25,"geometry":{"type":"Polygon","coordinates":[[[-4.7232030125408331,41.651051001656711],[-4.7246969830143097,41.651965293198352],[-4.7251474423762696,41.651800914483672],[-4.7263805519540814,41.651390605230098],[-4.7269955641421308,41.651219243628198],[-4.7285797740652988,41.650916218662644],[-4.7287387228549704,41.650418457302997],[-4.7288420013718762,41.650182728498457],[-4.7293068672929826,41.649126448428504],[-4.7293439687459768,41.649040326118282],[-4.7293885855032736,41.648940580592651],[-4.7295870859609526,41.648392685665563],[-4.7292731730300774,41.648343368735837],[-4.7289543847909803,41.648294124298715],[-4.7259765144194557,41.648667629737112],[-4.7259235452550712,41.648510806536187],[-4.725857524118604,41.648511798117347],[-4.7257686232837779,41.648513133272118],[-4.7257672744424166,41.648603220890365],[-4.7242040382273034,41.648748274401875],[-4.7232118312530513,41.648677590955273],[-4.7219353420762413,41.648458043713092],[-4.7208164056118864,41.6482361239038],[-4.7205647053555602,41.648239892826147],[-4.719744966337216,41.648035999189055],[-4.7191132508175198,41.648693935845252],[-4.7187590776191435,41.649064006734548],[-4.7202006080600212,41.650564580632903],[-4.7207635590609991,41.65043906536269],[-4.7208852509389105,41.650414726168286],[-4.7221014395167691,41.650693732350611],[-4.7227948784185703,41.650831951108117],[-4.723033472027967,41.65092744876452],[-4.7232030125408331,41.651051001656711]]]},"properties":{"OBJECTID":25,"JOIN_COUNT":1,"TARGET_FID":25,"CODIGO_BAR":"22","NOMBRE_BAR":"PLAZA ESPAÑA","ORIG_FID":25,"SHAPE.AREA":232600.02683434999,"SHAPE.LEN":2270.3128913340402}},{"type":"Feature","id":26,"geometry":{"type":"Polygon","coordinates":[[[-4.7155833210490181,41.653610324814096],[-4.7156439760927311,41.653703989948539],[-4.7172875260795166,41.651504315780329],[-4.7160760024596877,41.650594716388028],[-4.7160376871209468,41.650536744774172],[-4.7158932949603409,41.650412806615364],[-4.7157193038210297,41.650361363220256],[-4.7145939140723634,41.64949999976254],[-4.7129103724811614,41.647881371259885],[-4.7129049838467969,41.647890458327474],[-4.7128804475410728,41.647913340924617],[-4.7128453903604921,41.64794989045248],[-4.7128099574344438,41.647986445570147],[-4.7127745256451297,41.648022999759199],[-4.7127390926395698,41.648059554856061],[-4.7127036607946087,41.648096109924673],[-4.712668228909898,41.648132664982867],[-4.7126324212781832,41.648169225630099],[-4.7125661934048173,41.648233259858209],[-4.7119480572585521,41.648967512318386],[-4.7106904377018424,41.650751560920931],[-4.7104031621736393,41.65117014730874],[-4.7112217650996717,41.651486707760078],[-4.7112798751427416,41.651512863514803],[-4.7113303634919728,41.651534628475851],[-4.7113790948218517,41.651560922951667],[-4.7114249443594352,41.651591763696075],[-4.7114677941223295,41.651622649099764],[-4.7115073863698829,41.651658086374766],[-4.7115436007346139,41.651693574848025],[-4.711578317004637,41.651729084722525],[-4.7116109005430964,41.651769129722986],[-4.7116411129501943,41.65180470666273],[-4.7116691962239994,41.651844818678406],[-4.7116946518309,41.651884969827876],[-4.7117179759031558,41.651929656092122],[-4.7117381797649598,41.651969885460737],[-4.7117555030271028,41.652014661105177],[-4.7117701986287122,41.652059476789987],[-4.7117817751751243,41.652099834665471],[-4.7117900929769236,41.652144744453089],[-4.7117957866779632,41.652189693330051],[-4.711798103610306,41.652234692508983],[-4.7117977940290956,41.652279730813845],[-4.711794483397683,41.652324813823952],[-4.7117741681960936,41.652464720896113],[-4.7117703818897851,41.652491797513591],[-4.712357218822488,41.652487559408215],[-4.7130667808426141,41.652341883483395],[-4.7135216207079829,41.652200002697711],[-4.7138034821205785,41.65238494171664],[-4.7155833210490181,41.653610324814096]]]},"properties":{"OBJECTID":26,"JOIN_COUNT":1,"TARGET_FID":26,"CODIGO_BAR":"16","NOMBRE_BAR":"VADILLOS","ORIG_FID":20,"SHAPE.AREA":175564.77414595499,"SHAPE.LEN":1848.0481528504999}},{"type":"Feature","id":27,"geometry":{"type":"Polygon","coordinates":[[[-4.7232015184809111,41.654797828792454],[-4.7235687604805303,41.65481934209064],[-4.7236442451210996,41.654525491170055],[-4.7240638440935854,41.654131907101693],[-4.7247313931440713,41.653297774704484],[-4.7249613974596727,41.652916039598139],[-4.7252418774805358,41.652569573123699],[-4.7258460358737722,41.652159703144363],[-4.7258244125937408,41.652151020270274],[-4.7257801766698337,41.65212466443878],[-4.7246882657301308,41.652046484621579],[-4.7246969830143097,41.651965293198352],[-4.7232030125408331,41.651051001656711],[-4.723033472027967,41.65092744876452],[-4.7227948784185703,41.650831951108117],[-4.7221014395167691,41.650693732350611],[-4.7208852509389105,41.650414726168286],[-4.7207635590609991,41.65043906536269],[-4.7202006080600212,41.650564580632903],[-4.7187590776191435,41.649064006734548],[-4.7183416779888159,41.649498068270148],[-4.7180814138416762,41.649857726011795],[-4.7172875260795166,41.651504315780329],[-4.7156439760927311,41.653703989948539],[-4.7157199781046337,41.65382444610848],[-4.7162879357254184,41.654734654076613],[-4.7170533333674118,41.654344938660458],[-4.7178116861427242,41.654085921095025],[-4.719369729560837,41.654643557809479],[-4.7194345500017283,41.654710139282805],[-4.7207100656987642,41.654366806682205],[-4.7215549209838183,41.654552303147788],[-4.721976270964908,41.65460453445607],[-4.7223301796445902,41.654365056369798],[-4.7228705619568094,41.654757756830399],[-4.7232015184809111,41.654797828792454]]]},"properties":{"OBJECTID":27,"JOIN_COUNT":1,"TARGET_FID":27,"CODIGO_BAR":"15","NOMBRE_BAR":"LA ANTIGUA - SANTA CRUZ","ORIG_FID":19,"SHAPE.AREA":297820.25421943999,"SHAPE.LEN":2484.8938203388802}},{"type":"Feature","id":28,"geometry":{"type":"Polygon","coordinates":[[[-4.7305197208577985,41.655016616345506],[-4.7319437899916856,41.655121258984458],[-4.7320349413422331,41.654250735339993],[-4.7321003728087838,41.653597948604293],[-4.7343942826652734,41.653544983677868],[-4.7343932674637017,41.65352165086972],[-4.734391309270042,41.653476646804585],[-4.7343893510801749,41.653431642739015],[-4.7343873952949602,41.653386638636803],[-4.7343850613796707,41.653341640241472],[-4.7343831044018616,41.653296636156519],[-4.7343811474278423,41.653251632071125],[-4.7343788135249758,41.653206633674493],[-4.7343768553583807,41.653161629606359],[-4.7343745238405592,41.653116630272315],[-4.7343725656818085,41.653071626203328],[-4.7343702341965193,41.653026627768696],[-4.7343682748451847,41.652981623716968],[-4.7343659433682586,41.65293662528147],[-4.7343636106952172,41.652891626863614],[-4.7343612780264888,41.652846628445317],[-4.7343589441616603,41.652801630044685],[-4.7343566127019683,41.652756631607375],[-4.7343542788457702,41.652711633205882],[-4.7343519473947016,41.652666634767691],[-4.7343496135471268,41.652621636365282],[-4.7343472820805266,41.652576637025881],[-4.7343153526579167,41.652491555039589],[-4.7343030117828189,41.652451211030787],[-4.7342905501430179,41.652406365480076],[-4.7342784642488649,41.652361514256746],[-4.7342663783724923,41.652316663031463],[-4.7342542925139108,41.652271811804269],[-4.7342423274499188,41.652231462115402],[-4.7342306173280546,41.652186604313648],[-4.7342189060472224,41.652141747428466],[-4.7342075705094695,41.652096884871085],[-4.7341958592629299,41.652052027982251],[-4.7341845225585564,41.652007165439429],[-4.7341735639967704,41.651962297188369],[-4.7341623480955768,41.651921936182774],[-4.7341517628893266,41.651877062294481],[-4.7341408019745224,41.651832194074679],[-4.7341302167758288,41.651787319282839],[-4.7341196328174231,41.651742445371603],[-4.7341090464739439,41.651697571494992],[-4.734098835869438,41.651652691946815],[-4.734088626480534,41.651607812379019],[-4.7340785366690321,41.651567434369021],[-4.7340683261092567,41.651522554816374],[-4.7340584912869295,41.651477669592389],[-4.7340490322012734,41.651432778697185],[-4.73403919738392,41.651387892570042],[-4.7340297371264874,41.651343001690194],[-4.7340202768832311,41.65129811080898],[-4.7340111923750925,41.651253214256762],[-4.7340021078806123,41.65120831770323],[-4.7339930233997904,41.651163421148418],[-4.7339843134524111,41.651118518940891],[-4.7339757254719146,41.651078118255839],[-4.7339670167504,41.651033216027791],[-4.7339583056412673,41.650988313834745],[-4.7339499726410379,41.650943405034532],[-4.7339416372768266,41.650898497169699],[-4.7339336788442505,41.650853583616232],[-4.7339257204237803,41.650808670061693],[-4.7339177608150358,41.650763756524135],[-4.7339101769362584,41.650718837316269],[-4.7339029675862898,41.650673912456227],[-4.7338961351651134,41.650628981907907],[-4.7338896760708096,41.650584045725736],[-4.7338835915029716,41.650539103891646],[-4.7338775093212622,41.650494161120221],[-4.7338721750046906,41.650449207964407],[-4.7338672176130023,41.650404249120704],[-4.7338622590288981,41.650359290294432],[-4.7338576773686327,41.650314325780307],[-4.733853843545214,41.650269349981869],[-4.7338500121289249,41.650224374146632],[-4.7338465540330343,41.650179392678083],[-4.7338434716574929,41.650134405540037],[-4.7338407638011546,41.650089412750631],[-4.733838432863978,41.650044414273722],[-4.7338360995062283,41.649999414932267],[-4.7338345176037997,41.649954405152847],[-4.7338333114178104,41.649909389704128],[-4.7338321040342075,41.649864374273093],[-4.7338312723660003,41.64981935317283],[-4.7338311921247866,41.649774320734423],[-4.7338303592601481,41.649729299651526],[-4.7338351548735274,41.649684193643751],[-4.7338410752153584,41.649639070665081],[-4.7328735916595477,41.649581607865642],[-4.7326627880230703,41.649571275597772],[-4.7293439687459768,41.649040326118282],[-4.7293068672929826,41.649126448428504],[-4.7288420013718762,41.650182728498457],[-4.7287387228549704,41.650418457302997],[-4.7285797740652988,41.650916218662644],[-4.7269955641421308,41.651219243628198],[-4.7263805519540814,41.651390605230098],[-4.7251474423762696,41.651800914483672],[-4.7246969830143097,41.651965293198352],[-4.7246882657301308,41.652046484621579],[-4.7257801766698337,41.65212466443878],[-4.7258244125937408,41.652151020270274],[-4.7258460358737722,41.652159703144363],[-4.7252418774805358,41.652569573123699],[-4.7249613974596727,41.652916039598139],[-4.7247313931440713,41.653297774704484],[-4.7240638440935854,41.654131907101693],[-4.7236442451210996,41.654525491170055],[-4.7235687604805303,41.65481934209064],[-4.7242637188573173,41.654871964991315],[-4.725090911847845,41.655098230658602],[-4.7256995276619902,41.655093597318348],[-4.7269565354009311,41.654957628112477],[-4.7275488361159148,41.6548901830894],[-4.7297813227445209,41.654883623836206],[-4.7305197208577985,41.655016616345506]]]},"properties":{"OBJECTID":28,"JOIN_COUNT":1,"TARGET_FID":28,"CODIGO_BAR":"21","NOMBRE_BAR":"PLAZA MAYOR","ORIG_FID":24,"SHAPE.AREA":387581.78475408501,"SHAPE.LEN":2912.17114256069}},{"type":"Feature","id":29,"geometry":{"type":"Polygon","coordinates":[[[-4.7112261071581907,41.656728568125942],[-4.7119209559572441,41.656875837987052],[-4.7134259973900141,41.65674983310835],[-4.7135270485090812,41.656158385356974],[-4.7162879357254184,41.654734654076613],[-4.7157199781046337,41.65382444610848],[-4.7156439760927311,41.653703989948539],[-4.7155833210490181,41.653610324814096],[-4.7138034821205785,41.65238494171664],[-4.7135216207079829,41.652200002697711],[-4.7130667808426141,41.652341883483395],[-4.712357218822488,41.652487559408215],[-4.7117703818897851,41.652491797513591],[-4.711760401871425,41.652568503455015],[-4.7112261071581907,41.656728568125942]]]},"properties":{"OBJECTID":29,"JOIN_COUNT":1,"TARGET_FID":29,"CODIGO_BAR":"08","NOMBRE_BAR":"BATALLAS","ORIG_FID":13,"SHAPE.AREA":139039.42643153001,"SHAPE.LEN":1525.7515674726201}},{"type":"Feature","id":30,"geometry":{"type":"Polygon","coordinates":[[[-4.7214025937663884,41.657049450689648],[-4.7222568499155884,41.657685138100874],[-4.7223769329167959,41.657656318052645],[-4.7234690667406811,41.6571760991365],[-4.7242817935424313,41.656830659494041],[-4.7249627698046099,41.656541231420377],[-4.7249701961313919,41.656383502247323],[-4.7256995276619902,41.655093597318348],[-4.725090911847845,41.655098230658602],[-4.7242637188573173,41.654871964991315],[-4.7235687604805303,41.65481934209064],[-4.7232015184809111,41.654797828792454],[-4.7228705619568094,41.654757756830399],[-4.7223301796445902,41.654365056369798],[-4.721976270964908,41.65460453445607],[-4.7215549209838183,41.654552303147788],[-4.7207100656987642,41.654366806682205],[-4.7194345500017283,41.654710139282805],[-4.7195350978962498,41.654807708748521],[-4.7207175665955425,41.656397713593634],[-4.7209161098671855,41.656538848862276],[-4.7213805997828047,41.656928189362141],[-4.7214025937663884,41.657049450689648]]]},"properties":{"OBJECTID":30,"JOIN_COUNT":1,"TARGET_FID":30,"CODIGO_BAR":"42","NOMBRE_BAR":"SAN MARTÍN","ORIG_FID":45,"SHAPE.AREA":110834.407761505,"SHAPE.LEN":1407.44016321359}},{"type":"Feature","id":31,"geometry":{"type":"Polygon","coordinates":[[[-4.7065640006000002,41.660400585301687],[-4.7076814401244373,41.661382844747315],[-4.7080378857258234,41.661150028879938],[-4.7080582109915703,41.661130754081888],[-4.7082400179064656,41.660958350281049],[-4.7086133939332599,41.660512587045346],[-4.7088354143217597,41.660247520260789],[-4.7088852582756173,41.659555759315275],[-4.7128066736172034,41.659510623045882],[-4.7114063998646269,41.657513973015554],[-4.7113753164808729,41.657473905662485],[-4.7113464805011924,41.657433804829935],[-4.7113202724846674,41.657393664852066],[-4.7112966900254891,41.657353485766478],[-4.7112752393596597,41.65730877156232],[-4.7112565358435656,41.657268519808426],[-4.7112403374738765,41.657223727378351],[-4.7112267646209212,41.657178894945822],[-4.7112163146818258,41.657138520271928],[-4.7112079941171041,41.657093610520519],[-4.7112026772370275,41.657048656038043],[-4.711199608916063,41.657003668070061],[-4.7111987939515929,41.656958646545341],[-4.7112006020947028,41.656913585957682],[-4.7112046635843443,41.65686849181342],[-4.7112109772152859,41.656823364130226],[-4.7112261071581907,41.656728568125942],[-4.711760401871425,41.652568503455015],[-4.7117703818897851,41.652491797513591],[-4.7117741681960936,41.652464720896113],[-4.711794483397683,41.652324813823952],[-4.7117977940290956,41.652279730813845],[-4.711798103610306,41.652234692508983],[-4.7117957866779632,41.652189693330051],[-4.7117900929769236,41.652144744453089],[-4.7117817751751243,41.652099834665471],[-4.7117701986287122,41.652059476789987],[-4.7117555030271028,41.652014661105177],[-4.7117381797649598,41.651969885460737],[-4.7117179759031558,41.651929656092122],[-4.7116946518309,41.651884969827876],[-4.7116691962239994,41.651844818678406],[-4.7116411129501943,41.65180470666273],[-4.7116109005430964,41.651769129722986],[-4.711578317004637,41.651729084722525],[-4.7115436007346139,41.651693574848025],[-4.7115073863698829,41.651658086374766],[-4.7114677941223295,41.651622649099764],[-4.7114249443594352,41.651591763696075],[-4.7113790948218517,41.651560922951667],[-4.7113303634919728,41.651534628475851],[-4.7112798751427416,41.651512863514803],[-4.7112217650996717,41.651486707760078],[-4.7104031621736393,41.65117014730874],[-4.7092322260028823,41.652871828728387],[-4.7084834717442403,41.653963771278029],[-4.7073233340074809,41.655651762222682],[-4.7044043663083759,41.659901233687009],[-4.704835871160558,41.659953378037791],[-4.7055905063906076,41.659662972553228],[-4.7059129028467526,41.659577127074584],[-4.7062199119995007,41.659560693478461],[-4.7064395702262836,41.660172140138343],[-4.7064619434431627,41.660233637912278],[-4.7064903378277583,41.660292598034026],[-4.7065244703063218,41.660348432709092],[-4.7065640006000002,41.660400585301687]]]},"properties":{"OBJECTID":31,"JOIN_COUNT":1,"TARGET_FID":31,"CODIGO_BAR":"09","NOMBRE_BAR":"BELÉN - PILARICA","ORIG_FID":14,"SHAPE.AREA":349871.72471431998,"SHAPE.LEN":3076.0085232113802}},{"type":"Feature","id":17,"geometry":{"type":"Polygon","coordinates":[[[-4.9073539629972895,41.644259437553913],[-4.9074620570926371,41.644260526259366],[-4.9075063587851506,41.644248263247668],[-4.9076185136234187,41.644191643733528],[-4.9077744286135463,41.644088184507979],[-4.9079555848343839,41.643961252576773],[-4.908173250437196,41.643802010727207],[-4.9084438202470464,41.643564074287006],[-4.9085867131316103,41.643426246559983],[-4.9087027830527123,41.643323447888243],[-4.9088128066673207,41.643194811329266],[-4.9089119274313191,41.643054828196526],[-4.9089999811765566,41.642897734295872],[-4.9090864522430646,41.642752197816741],[-4.9092001384730555,41.642568741484972],[-4.9093517704988976,41.642352951161733],[-4.9097037125607317,41.641943620607826],[-4.9098180522395873,41.641814911346657],[-4.9099195167747336,41.64168929809729],[-4.910053050492353,41.641511275264804],[-4.9101490329471522,41.6413626959447],[-4.9102363186996287,41.641228672638064],[-4.9103808766045827,41.64095247573605],[-4.9105591192783189,41.640678601605465],[-4.9106502684333888,41.640512810375292],[-4.9107362207692926,41.640349987609362],[-4.9108824465510379,41.640114112063657],[-4.9110417393766825,41.639849197766743],[-4.9111326615918944,41.639692056290706],[-4.911167834097923,41.639630948492297],[-4.9112190385813941,41.639543635812245],[-4.9113331625487442,41.639342878201411],[-4.9114368117468388,41.639145175038756],[-4.9114977785791316,41.639014468870371],[-4.9116804997121699,41.638567596375474],[-4.9117291257920757,41.63842556688261],[-4.9117976077475758,41.63815927924454],[-4.9118717951083264,41.637907307256221],[-4.9119494526932437,41.63762645712081],[-4.9120174365983091,41.637440875321758],[-4.9121355028612941,41.637211230925118],[-4.9122462370222335,41.637042229450543],[-4.912374869950364,41.636861404190896],[-4.9125227320586191,41.636697550596097],[-4.9126364607420614,41.63654867377965],[-4.9128045796217021,41.636306667060673],[-4.9129420640631398,41.636068052200976],[-4.9130702572063338,41.635823826705185],[-4.9131982789953419,41.63557384056309],[-4.913324572844302,41.635297944810546],[-4.913440680620079,41.635051037986059],[-4.9135522948380785,41.634798442515901],[-4.9136295954027931,41.634635760678428],[-4.9136586531540587,41.634514231070582],[-4.913706408292815,41.634294400477735],[-4.9137762330174128,41.634025207056055],[-4.913838921698968,41.633790717052236],[-4.9138976311641249,41.633567821789988],[-4.913960265288523,41.633347743249765],[-4.9140077326375176,41.633101979052526],[-4.9140643412907812,41.632824360067197],[-4.9141200116947212,41.632515052374018],[-4.9140620220702029,41.632518899534702],[-4.9140746636174439,41.632475458861059],[-4.9141145544814675,41.632330691641428],[-4.9141491036855625,41.632151428757851],[-4.914190466888833,41.632023930645332],[-4.9142969023302996,41.631742599362106],[-4.9144231529584514,41.631449410246468],[-4.9146032844935847,41.631094800386613],[-4.9147075289484023,41.630885556594087],[-4.9147429165121483,41.630815798587541],[-4.9147687402249192,41.630763492697305],[-4.9149542204602854,41.630362679095441],[-4.9151982194992581,41.629813906763403],[-4.9153671560551091,41.629422016368935],[-4.9155729252990108,41.629009336828908],[-4.915597060635589,41.628867713807963],[-4.9156036000186072,41.628812846157558],[-4.915611714290848,41.628746422838304],[-4.9156136874727929,41.628731980203455],[-4.9156042294197153,41.628590918073904],[-4.9155939262725825,41.628470042226311],[-4.9155351099114455,41.628283689710088],[-4.915415164943651,41.628043592930304],[-4.9153002009519193,41.627858173443741],[-4.9151991315242416,41.627704225682649],[-4.9151155447763797,41.627573042600957],[-4.9149975617222603,41.627399201621586],[-4.9148446358212867,41.627228824008064],[-4.9146328603002081,41.626984493148413],[-4.9144351782787314,41.626745690448658],[-4.9142879782161479,41.626557924794618],[-4.9140624868637577,41.626287881250235],[-4.9138143985498433,41.6259519281897],[-4.9135771253614795,41.625624438159079],[-4.9134192808584833,41.62538497114037],[-4.9133505242403901,41.625267950416621],[-4.9131670361774713,41.624956859429702],[-4.9129553374106045,41.624568419307899],[-4.9127941199253184,41.62423101776308],[-4.9127028377324864,41.623952975815584],[-4.9126322785202401,41.623677471005649],[-4.9125935187383867,41.623340914832966],[-4.9125752824140587,41.622983842132236],[-4.9125421374415925,41.622609725641091],[-4.9124861208923551,41.622371445457134],[-4.912439625281567,41.622179120901997],[-4.9123711657856939,41.621958340509785],[-4.912294851823038,41.621682931157586],[-4.9122493315870015,41.621409892362294],[-4.9122358346149282,41.621196843652307],[-4.9122427767465906,41.621009394019076],[-4.9122643297957698,41.620764061298033],[-4.9122999256512463,41.620408975636614],[-4.9123731469320226,41.619897633136794],[-4.9125007860588976,41.619359446630924],[-4.9125189115372141,41.619209279449755],[-4.9118014868889039,41.618699552516951],[-4.9108305528450877,41.618009580870691],[-4.9090976565918663,41.616778896063529],[-4.9083239163441776,41.616229732595563],[-4.9083096609647612,41.616218440773103],[-4.9071713954887421,41.615842476874249],[-4.9049879559132785,41.615120680788799],[-4.9020465078157685,41.614151996030898],[-4.9019485701309833,41.614119030392509],[-4.9005549351780653,41.614084428592129],[-4.9005623267142324,41.614205352546378],[-4.9006163287993489,41.61506331670121],[-4.9006599190503186,41.615762938964394],[-4.9006798743397395,41.615788547258269],[-4.9010858565784368,41.616306373699025],[-4.9017920509441115,41.617205431744118],[-4.902254390074531,41.617794371899762],[-4.9026239290567117,41.61826379955901],[-4.9018086424946814,41.618896930498593],[-4.9017931454188899,41.618908714602945],[-4.9017425070482394,41.618949899804221],[-4.9016572071705751,41.61902047991785],[-4.9012206240823932,41.619373547262754],[-4.9011774924910592,41.619408843751145],[-4.9009669469833161,41.619579483414554],[-4.9004220450237392,41.62002079903403],[-4.9003793685772434,41.619989802183547],[-4.8998504884980845,41.619652692461678],[-4.8987844239013913,41.61897283762255],[-4.8987452758534076,41.618947545225758],[-4.8961685114336202,41.617304050538763],[-4.893907251382041,41.617545936471053],[-4.8934902365895221,41.617584507236941],[-4.8934250619131738,41.617588460513019],[-4.893221860211562,41.617600452908555],[-4.8928698847794987,41.617597599996465],[-4.8923319544845016,41.617589159972994],[-4.8918743274124683,41.617585161538599],[-4.8917481282037061,41.617587236328369],[-4.8915148389423022,41.617588191531546],[-4.8915004454269386,41.617588427538927],[-4.8913824027084756,41.617590369477767],[-4.8911656403391888,41.617680395552973],[-4.8908708553752493,41.61779476212385],[-4.890651045262322,41.617879073101307],[-4.8903743841638807,41.617972965259717],[-4.8900541408934304,41.61807045568478],[-4.8897212505687371,41.618162387108185],[-4.8893982349832212,41.618280095365257],[-4.8890338293584223,41.618427302671122],[-4.888835321720526,41.618534317122275],[-4.8886101567079292,41.618682118363878],[-4.8883868143758384,41.618876002527237],[-4.8882362191026534,41.619045634768952],[-4.888186520894922,41.619135794932639],[-4.8881623483649816,41.619179424171698],[-4.8882694443626447,41.619295828562322],[-4.8884053825435956,41.619446347263704],[-4.888564593761858,41.619654123391619],[-4.8886977615703158,41.61982486042367],[-4.8888759940943016,41.620075555547217],[-4.8890158126011025,41.620309589002737],[-4.889151278487895,41.620575394637669],[-4.8893042629366468,41.620898556632838],[-4.8894263809174845,41.621167463489506],[-4.8895619594209876,41.621453442596732],[-4.8896666173634467,41.621650585535264],[-4.8897722712601528,41.621816009388056],[-4.889902449132137,41.622015615466019],[-4.8900047449728659,41.622181094315643],[-4.8901678837858649,41.622440681038192],[-4.8902796357665936,41.622617532635921],[-4.8904023670267076,41.622808613288051],[-4.8905033952955161,41.622979876785585],[-4.8905949691917332,41.623139766284339],[-4.8906877861969136,41.623276580866438],[-4.8907696030687395,41.623381871062534],[-4.8908655047441512,41.623492695517562],[-4.8909534780176509,41.623595003042915],[-4.8910530428167656,41.623748997291493],[-4.8911395398420101,41.62388303245131],[-4.8912318757308126,41.624068848086232],[-4.8912976207995564,41.624232044190379],[-4.8913803340430322,41.624400726149588],[-4.891454154181087,41.6245609071118],[-4.8915378014834001,41.624712280760669],[-4.8916075383316082,41.624814888825995],[-4.891717327908081,41.624957185606618],[-4.8918664879158102,41.625165122329811],[-4.8920977629057347,41.625406293370176],[-4.8923434287856802,41.625696222337574],[-4.8925914462729425,41.625951526415157],[-4.8928290255716336,41.626178181429474],[-4.8929765937724037,41.626282388736897],[-4.8931707382688749,41.626452117624865],[-4.8934074747255201,41.626649963954243],[-4.8936339938740678,41.626859507584797],[-4.8939129302538316,41.627137356286198],[-4.8941616925302025,41.627401290987848],[-4.8943606621371121,41.627637225535679],[-4.8945045027877248,41.627810660771374],[-4.8946041090729899,41.62798194388747],[-4.8947288373049203,41.628207572324243],[-4.8948776126486289,41.628467388785651],[-4.8950800194932667,41.628804137281882],[-4.8952617993433138,41.62909222934281],[-4.8954398823846432,41.629368854444202],[-4.8956325597370078,41.629668295559284],[-4.8958409708704451,41.629898306490574],[-4.8960499822024008,41.630050492269184],[-4.8962912050008782,41.630236730794593],[-4.8965731614940369,41.630485702519813],[-4.8968824509333091,41.630716930463244],[-4.8971947338478685,41.630968283052077],[-4.8974346338423533,41.631174714974534],[-4.8976270245482914,41.63133293561485],[-4.8977828024775354,41.631454293787733],[-4.8979903249860319,41.631620910295375],[-4.8981520590351399,41.631765226624879],[-4.8982709933518418,41.631907366714429],[-4.898328217479496,41.631975590734044],[-4.8984076545545454,41.632129910771418],[-4.8984784548699336,41.632333368751759],[-4.8985255904686058,41.632548745278399],[-4.8985642595789924,41.632770025018665],[-4.8985944323783785,41.632979917495007],[-4.8986126071130833,41.633092017575592],[-4.8986447858712214,41.633255763706842],[-4.8986680155535325,41.633425421947543],[-4.8987006425061566,41.633620863173853],[-4.8987265546267942,41.633767420933459],[-4.898772652353709,41.6339309370207],[-4.8988265717390433,41.634082795320083],[-4.8989106446754009,41.634231274980067],[-4.898993051768092,41.634388426689043],[-4.8990835608316585,41.634559855983291],[-4.8991802256121675,41.63472830043245],[-4.8992690718883978,41.634908402534819],[-4.8993869407383652,41.635079380261509],[-4.899496257767094,41.635204384261002],[-4.8995906678237375,41.635312343607929],[-4.8996892288980849,41.635414469992973],[-4.8998462902413662,41.635530039753853],[-4.900035284486929,41.635653727680562],[-4.9002151607399194,41.635777566069649],[-4.9003284617845217,41.635841981376011],[-4.9004726788615587,41.635928942290271],[-4.9006019632974374,41.636030559744505],[-4.9007434960914686,41.63614062083456],[-4.9009163158038334,41.636302040689316],[-4.9011092113839574,41.636509243085605],[-4.9012755658636076,41.636679415727485],[-4.9014196752869408,41.636844191954616],[-4.9015555947735843,41.636991811656962],[-4.9017052386488391,41.637165143209451],[-4.9018546855757066,41.637315420799069],[-4.9020080287329311,41.637500217423081],[-4.9021667092873233,41.637670517546574],[-4.9023597528204643,41.63786618500307],[-4.9025162628189243,41.638076868535521],[-4.902678053141976,41.63823846915642],[-4.9028263464805635,41.63841470277611],[-4.9030118848035702,41.63861625852951],[-4.9031444241359896,41.638746639496993],[-4.9032708634685438,41.63886559373713],[-4.9033971648027874,41.638996077724329],[-4.903506776841458,41.63909801766971],[-4.9036315814522586,41.639193941570042],[-4.9037317645827789,41.639301800848422],[-4.9038676098328171,41.639446537715351],[-4.9040036276910417,41.639597034006108],[-4.9041010457118981,41.639725113648012],[-4.904192818807501,41.639873460726882],[-4.9042709248962568,41.640030680594613],[-4.9043426527338827,41.640199533710096],[-4.9044320570131363,41.640414206924518],[-4.9045213795139224,41.640626001090901],[-4.9046089473553378,41.640794591481637],[-4.9047161703914961,41.640994559374747],[-4.9048279664417596,41.641154102501588],[-4.904952302347712,41.641348023127854],[-4.9050676031664642,41.641544974627877],[-4.9051941112869386,41.641698509213882],[-4.9052810601827739,41.641829643492066],[-4.9054016098285471,41.641960220538444],[-4.9054757944243779,41.64206562719604],[-4.9055532546828751,41.642168098257805],[-4.9056324654986652,41.642264774183126],[-4.9057465214247271,41.642386813071084],[-4.9058588840840898,41.642500232652431],[-4.905996492475742,41.6426391715842],[-4.9061216203549556,41.642778320078492],[-4.9062295494667563,41.642871637960873],[-4.9063417439819936,41.642979296495668],[-4.9064622130163986,41.643106991599488],[-4.9066106387749979,41.643254397567993],[-4.9067303739714507,41.643373459086099],[-4.9068682719658616,41.643538332145262],[-4.9069797082819004,41.643669058705576],[-4.9070986293339054,41.643825599140555],[-4.9071570367156605,41.64396585109084],[-4.9072152204455159,41.644114753089276],[-4.9072633727364261,41.644200416649355],[-4.9073539629972895,41.644259437553913]]]},"properties":{"OBJECTID":17,"JOIN_COUNT":1,"TARGET_FID":17,"CODIGO_BAR":"00","NOMBRE_BAR":"EXTRARRADIO","ORIG_FID":2,"SHAPE.AREA":3977791.8724923301,"SHAPE.LEN":9425.3351949193602}},{"type":"Feature","id":18,"geometry":{"type":"Polygon","coordinates":[[[-4.7075183712123172,41.645881044974878],[-4.7127036607946087,41.648096109924673],[-4.7127390926395698,41.648059554856061],[-4.7127745256451297,41.648022999759199],[-4.7128099574344438,41.647986445570147],[-4.7128453903604921,41.64794989045248],[-4.7128804475410728,41.647913340924617],[-4.7129049838467969,41.647890458327474],[-4.7129103724811614,41.647881371259885],[-4.7129524367096822,41.64784021388995],[-4.7129615763838917,41.647831070905163],[-4.7129886196860653,41.647803647547292],[-4.713025296407289,41.647771577205084],[-4.7130622283131851,41.647734999674796],[-4.7130995358820016,41.647698416532307],[-4.7131368434088738,41.647661833378301],[-4.713174645888567,41.647629746205418],[-4.7132127035410285,41.647593151843523],[-4.7132511356539073,41.647556551886147],[-4.7132896882221909,41.647524453492245],[-4.7133284959542276,41.647487847908657],[-4.7133677974725279,41.647455739222536],[-4.7134071013286469,41.647423629587429],[-4.7134466591390041,41.64738701277988],[-4.713486710718124,41.647354891968398],[-4.7135267634578373,41.647322771125637],[-4.7135674470447011,41.647286137489495],[-4.7136082487047162,41.647254005450556],[-4.713649050324217,41.647221873397747],[-4.7136902276045518,41.647189735728247],[-4.7137317805451371,41.647157592441694],[-4.7137737079450783,41.647125443555588],[-4.7138156353033249,41.647093294654802],[-4.7138579371201379,41.64706114015393],[-4.7139006146191251,41.647028980934991],[-4.7139432932520977,41.646996820782597],[-4.7139863451419695,41.646964655047078],[-4.7140297726887672,41.64693248369219],[-4.714073319542611,41.646904813913835],[-4.7141171227052352,41.646872636923199],[-4.7141609246239113,41.646840459934424],[-4.7141944624470362,41.646817442786102],[-4.7142052215570747,41.646812778917223],[-4.7142497735886311,41.646780590704964],[-4.7142948206395028,41.646752898463227],[-4.7143397482834883,41.646720704612648],[-4.7143847952776294,41.646693013237211],[-4.7144304730309514,41.646660808160412],[-4.7144762713162116,41.646633104639768],[-4.714522068361676,41.646605401119388],[-4.714568241065292,41.646577691975793],[-4.7146146688397481,41.646545475635193],[-4.7146612159574222,41.646517760867702],[-4.714708137531737,41.646490040493873],[-4.7147550602658574,41.6464623200836],[-4.714802357455925,41.646434594066385],[-4.7148500303017409,41.646406862423881],[-4.7148977019299583,41.646379131680447],[-4.7149457491893703,41.646351394410793],[-4.7149939158192193,41.646328158712258],[-4.7150423374944417,41.646300415814437],[-4.7150907603281187,41.646272672878965],[-4.7151395576152169,41.646244924334241],[-4.7151888487803042,41.646221671769979],[-4.7152380216814,41.646193917577179],[-4.71528731397167,41.646170664953964],[-4.7154937562687049,41.64605950322656],[-4.7155767035230918,41.646017734566485],[-4.7158724515717569,41.645878217725702],[-4.7130142452924648,41.642832246843511],[-4.7129820736520935,41.642745104229377],[-4.7129584946452221,41.642656429368969],[-4.7129436348782248,41.642566696837569],[-4.7129375743367854,41.642476389109028],[-4.7129403450196454,41.642385990271137],[-4.7129344801425965,41.642354828766344],[-4.7129250467318862,41.642324164486169],[-4.7129040670006299,41.642279074167469],[-4.7128753908870422,41.642236435814965],[-4.7128395133221739,41.642196983301673],[-4.7127970527206546,41.642161398221418],[-4.712748742149282,41.642130293809061],[-4.7125416319433056,41.642043448936505],[-4.7125093374077469,41.642021262907207],[-4.7124819453962088,41.641995632583665],[-4.7124601034407982,41.641967160779217],[-4.7124443227607227,41.641936517186807],[-4.7124349767049996,41.641904424891734],[-4.7124322845304265,41.641871637195585],[-4.712436308692225,41.641838925947624],[-4.7124453166742093,41.641806884390014],[-4.712447643351962,41.641774184926533],[-4.7124432313214601,41.641741606596497],[-4.7124321863850538,41.641709925105225],[-4.7124147711438287,41.64167989760837],[-4.7123914019523827,41.641652238439093],[-4.7123553792567003,41.641596989184585],[-4.7123277213173056,41.641539089784395],[-4.7123087675513817,41.641479252124796],[-4.7122987510533951,41.64141820858864],[-4.7122977949005485,41.641356708507779],[-4.7123059094677373,41.641295507394531],[-4.7123229956721566,41.641235353383458],[-4.7123488449510482,41.641176986330926],[-4.7123974875796977,41.641083781955594],[-4.7124534283958681,41.640992911435504],[-4.7125164693312556,41.640904694749608],[-4.7125471391197244,41.640862379706078],[-4.7125693398829611,41.640817186212544],[-4.7125826056454434,41.640770061523284],[-4.7125866575878304,41.640721992433448],[-4.7125814120172755,41.640673988947668],[-4.7125669772732746,41.640627058206618],[-4.7125436579303761,41.640582181907526],[-4.7125119412601739,41.640540303896884],[-4.71247249406637,41.640502301396509],[-4.7124261431228467,41.64046897178568],[-4.7123738602700742,41.640441013909765],[-4.712316742830601,41.640419013962045],[-4.7122559880956798,41.640403434155907],[-4.7121928701889564,41.64039460046078],[-4.7121287123206654,41.640392697611915],[-4.7120648627141186,41.640397766767428],[-4.7120026572825031,41.640409701560927],[-4.7119434028758782,41.640428250152446],[-4.7118883415392814,41.640453025667803],[-4.7118386277103594,41.640483506537862],[-4.7117953046931005,41.640519054861699],[-4.7117592808448174,41.64055892396604],[-4.7117313120972639,41.640602278479598],[-4.711711984334066,41.640648209005811],[-4.7117017043120422,41.640695752072119],[-4.7117084818669737,41.640763100006914],[-4.7115727704493784,41.640731396480639],[-4.7114314715352252,41.640677294244639],[-4.7112848814107027,41.640612028395211],[-4.7111942100291229,41.640583401407333],[-4.710794658058985,41.640434652984851],[-4.7122008909237785,41.642003561019372],[-4.7122261431665313,41.642062201518613],[-4.712243484227459,41.642122436995407],[-4.7122527433066201,41.642183667446531],[-4.7122538286744069,41.642245286284989],[-4.7122467276488029,41.64230667943955],[-4.7122315129076169,41.642367236969392],[-4.7122083353836386,41.642426356772852],[-4.7121774244564163,41.642483451790071],[-4.7121390880724352,41.64253795450476],[-4.7120937068878561,41.642589322435967],[-4.7120417332596709,41.642637045358647],[-4.7119836817395848,41.642680649048572],[-4.7119201303937528,41.64271969976636],[-4.7108629967554316,41.643214842896192],[-4.7090421836089327,41.644088567823545],[-4.7085983200979573,41.644374376591237],[-4.7082341994576433,41.644767080199451],[-4.7078564597935388,41.645241044909476],[-4.7075183712123172,41.645881044974878]]]},"properties":{"OBJECTID":18,"JOIN_COUNT":1,"TARGET_FID":18,"CODIGO_BAR":"43","NOMBRE_BAR":"SAN ISIDRO","ORIG_FID":46,"SHAPE.AREA":251189.23972971999,"SHAPE.LEN":2561.5276582559604}},{"type":"Feature","id":19,"geometry":{"type":"Polygon","coordinates":[[[-4.6923027054596158,41.648749846822128],[-4.6923260307693813,41.648750367062704],[-4.6923240551736383,41.648673201966517],[-4.6923220216493373,41.648591713579556],[-4.6923215454753624,41.648573707082775],[-4.6923209704348547,41.648552015577238],[-4.692320846418589,41.648547323983728],[-4.6923193001645513,41.64848582521612],[-4.692315755040025,41.648344848755549],[-4.6927054434742894,41.648357976585409],[-4.6927065661768594,41.648400854717231],[-4.6941201196251772,41.648450323617652],[-4.6941496857954439,41.648451358537336],[-4.6944374756036078,41.647997581962358],[-4.6954237978469768,41.646456391011498],[-4.6957649631915581,41.645928966081343],[-4.6958116017005365,41.645847217032895],[-4.6958356723054644,41.645806331413468],[-4.6958601161765765,41.645765440280364],[-4.6958845612177571,41.645724549124644],[-4.6959090062286961,41.645683657964014],[-4.6959305685260837,41.645647312719923],[-4.6959586463507419,41.64560186455649],[-4.6959845916512828,41.64556095123757],[-4.6960109114144677,41.645520032385996],[-4.6960379825347109,41.645479102438976],[-4.6960658038102698,41.645438161413708],[-4.6960939983450052,41.645397214872432],[-4.6961230635276134,41.645360758852171],[-4.6961527583685605,41.645319790152072],[-4.6961833226580962,41.645283311989502],[-4.6962141445303809,41.645242327538696],[-4.6962458334286756,41.645205832759487],[-4.6962781555732249,41.645164825245345],[-4.6963109702762864,41.645128313829886],[-4.6963445351274844,41.645091791331538],[-4.6963784744331489,41.645055263295632],[-4.6964131650850485,41.645018724158049],[-4.6964486046812848,41.644982173953601],[-4.6964844199294493,41.644945618192459],[-4.6965213610115271,41.64490904579916],[-4.6965591691567257,41.644876963971861],[-4.6965972372309022,41.644840374915702],[-4.6966365444847566,41.644808271830911],[-4.696676487327438,41.644771655068951],[-4.696717296038222,41.644739528887484],[-4.6967588548886932,41.644707391615484],[-4.6968011650779689,41.644675243234481],[-4.6968302082768387,41.644652297495256],[-4.6968442254045977,41.644643083761352],[-4.6968876589774649,41.644610918760591],[-4.696932337722985,41.644583238735194],[-4.6969772727685717,41.644551051528673],[-4.6970230761008285,41.644523354861064],[-4.6970696295948784,41.644495647997516],[-4.6971161830251562,41.644467940215435],[-4.6971638610805693,41.644440215805169],[-4.6972115402951156,41.64441249135804],[-4.6972599696447537,41.644384755811956],[-4.6973088928134326,41.644361516330754],[-4.6973584455455057,41.644333764150822],[-4.6974081176144731,41.644310513565863],[-4.697458421639447,41.64428275024563],[-4.6975092195182766,41.644259483888007],[-4.6975603918235045,41.644236211076183],[-4.6976119385783335,41.644212932709991],[-4.6976642366696701,41.644189643221161],[-4.6977166517229163,41.644170855359633],[-4.6977696999147156,41.644147554741238],[-4.6978228650750555,41.644128755749257],[-4.6978766645659524,41.644105443981516],[-4.6979305798554982,41.644086634757336],[-4.6979844962896511,41.64406782459033],[-4.6980387871776514,41.644049008865039],[-4.6980930780333745,41.644030193114581],[-4.6981473688568194,41.644011377339034],[-4.6982020353338108,41.643992555986557],[-4.6982570750634221,41.643973729092103],[-4.698312117184468,41.643954903036665],[-4.698367156848569,41.643936076090547],[-4.6984223159286413,41.64392175073219],[-4.6984777324164879,41.643902918163867],[-4.6985331476710712,41.643884085587139],[-4.6985890568375108,41.643869749062127],[-4.6986448489149302,41.64385091086173],[-4.6987007568260584,41.643836574301019],[-4.698757041620226,41.643822233042528],[-4.6988132080897635,41.643803389226044],[-4.6988698660888035,41.6437890414946],[-4.6989261507780009,41.64377469925428],[-4.6989828099254511,41.643760351450254],[-4.6990398447311428,41.643745998064212],[-4.6990965038265475,41.643731650204991],[-4.699153537403407,41.643717297681462],[-4.6992105709304335,41.643702944229716],[-4.6992672311479895,41.643688596269875],[-4.6993238901393024,41.643674248300272],[-4.699379680623597,41.643655409767355],[-4.6994355893924835,41.643641072837077],[-4.6994910053309669,41.64362223978921],[-4.6995460455531664,41.643603412271297],[-4.6996007088828433,41.643584591201986],[-4.6996550000740838,41.64356577471014],[-4.6997089155501275,41.643546963749813],[-4.6997619624886955,41.643523662232198],[-4.6998151265318908,41.643504862336847],[-4.6998677977139822,41.643481566328582],[-4.6999198370438853,41.64346278302196],[-4.6999717579886191,41.643439498064176],[-4.7000229287551738,41.643416225081509],[-4.7000736066178179,41.643388455088548],[-4.7001236514376066,41.643365197817744],[-4.7001733217395483,41.643341946066144],[-4.7002228736340417,41.643314192666061],[-4.7002721693792289,41.643290946413501],[-4.7003209722296955,41.643263204053881],[-4.7003697738377257,41.643235461691937],[-4.7004183181071921,41.643212226496082],[-4.7004667439773167,41.643184490553494],[-4.70051442082144,41.643156764773849],[-4.7005624721044716,41.643129033433411],[-4.7006097731859313,41.643101313174895],[-4.7006570742265739,41.643073592897565],[-4.7007040007468266,41.643045878143475],[-4.7007505503466964,41.643018168948672],[-4.7007967266274591,41.642990465260262],[-4.7008427844554621,41.642958259927497],[-4.7008885837978278,41.642930562681826],[-4.7009343842773061,41.642902864500442],[-4.7009796918166806,41.642870670218237],[-4.7010243675790973,41.642842988648965],[-4.7010692993531196,41.642810799893624],[-4.7011135993572584,41.642783123851949],[-4.7011574064115047,41.642750951711442],[-4.7012008377443077,41.642718785116365],[-4.7012435188788526,41.642686629610957],[-4.7012861999709417,41.642654474090314],[-4.701327755189098,41.642622335222306],[-4.7013693115898993,41.642590197222397],[-4.701410116572025,41.642558069432027],[-4.7014505470372372,41.64252594717226],[-4.7014904845300158,41.642489328818165],[-4.7015297902842432,41.6424572231833],[-4.7015687191232258,41.642425123115949],[-4.7016071561844832,41.64238852693812],[-4.7016448430515192,41.642351941855985],[-4.7016818969940601,41.642319869513031],[-4.701718833629088,41.642283295515973],[-4.7017550188726673,41.64224673263405],[-4.7017904539263489,41.642210180850206],[-4.7018255156662292,41.642173634583855],[-4.701859824817916,41.642137099452214],[-4.7018937606575424,41.642100569838952],[-4.7019269451114081,41.642064051343702],[-4.7019596365679277,41.642023036760911],[-4.7019920720229367,41.641986530240345],[-4.7020237560715961,41.64195003393889],[-4.7020549471191853,41.641909041551145],[-4.7020855064775002,41.641872561890523],[-4.7021151983603371,41.641831591691044],[-4.7021448890059201,41.641790621502103],[-4.7021735722992286,41.64175416960601],[-4.7022017625867027,41.641713221625764],[-4.7022295783677688,41.641672279185968],[-4.7022566427716379,41.641631347869399],[-4.7022830755074887,41.641594929282917],[-4.702309016434457,41.641554014596018],[-4.7023345804584489,41.641513105486425],[-4.7023590198401166,41.641472213031271],[-4.7023834591915561,41.641431320571215],[-4.7024066541881071,41.641385943160302],[-4.7024295944005221,41.641345072898702],[-4.7024521565148358,41.64130420823377],[-4.7024735951946353,41.641263360207731],[-4.7024946593793961,41.641222517725673],[-4.7025152281474725,41.64117717919946],[-4.7025351664745081,41.641136353389392],[-4.7025542361167547,41.641091037065841],[-4.7025730497910105,41.641050227911137],[-4.702590993604236,41.641004929161667],[-4.7026083057626167,41.640964142246993],[-4.7026247504376189,41.640918864802295],[-4.7026409379531637,41.640878094545158],[-4.7026566312521059,41.640832828228021],[-4.7026713184626905,41.640792080195304],[-4.7026855126576619,41.640746836085249],[-4.7026989543019111,41.640701603123546],[-4.7027121411966917,41.640660877314758],[-4.7027240849459133,41.640615666543709],[-4.7027356530143969,41.64057046133766],[-4.702746844202732,41.640525261714473],[-4.7027569119834896,41.640480078735749],[-4.7027997877703358,41.640312818355575],[-4.7028294559115427,41.640114230002034],[-4.7028489401166143,41.639956322966967],[-4.7028503819451934,41.639911267795675],[-4.7024710744427765,41.640216516582527],[-4.7020340231660471,41.640508956114132],[-4.7018156117460261,41.640611325501453],[-4.7015958468507888,41.640662239976521],[-4.7013575961461243,41.64068673888297],[-4.7010313153202556,41.640649627243654],[-4.7003811452139201,41.640569646498449],[-4.6959978143800303,41.640012923690236],[-4.6940935692841261,41.639791268222396],[-4.693967518934099,41.639781687764497],[-4.6938541453440239,41.639770966500883],[-4.6937141485224867,41.63976254514683],[-4.6935601777983571,41.639754328657162],[-4.6934354722463123,41.639747587444631],[-4.6933031454565644,41.63974095839486],[-4.6931810306722204,41.639736085463674],[-4.6930155533291877,41.639725178130561],[-4.6928449706600555,41.639713392848904],[-4.6923113768150788,41.639692940948997],[-4.6914039958670655,41.639689141782995],[-4.6905337131268352,41.639719105497676],[-4.6904997109789486,41.639720275793813],[-4.6904984481840328,41.639882601738421],[-4.690502748658659,41.639892694508085],[-4.6905009111797646,41.639895432575543],[-4.6905014480586766,41.640188558946626],[-4.6905024337412256,41.640619230050433],[-4.6905048955350894,41.641110080636999],[-4.6905070068636929,41.641417036196096],[-4.6905061232858403,41.641448455786858],[-4.6904611125919127,41.64157961694368],[-4.6903239194389101,41.641872877778766],[-4.6902969937585022,41.641930433462228],[-4.6902714798689464,41.641987660342181],[-4.6902511052934432,41.641993316345477],[-4.6895370328287953,41.642191525214862],[-4.6895452657177614,41.642238015984674],[-4.6895461399093037,41.642323997024462],[-4.6895504454446151,41.642438319639645],[-4.6895661970499294,41.642885183851298],[-4.6895842973927175,41.643436073138894],[-4.6895843320024282,41.643437121917984],[-4.6895828925540393,41.643469388195918],[-4.6895740808583222,41.644994181592722],[-4.6895916017280994,41.645122540537187],[-4.689603766193863,41.645207712453725],[-4.6896127181799345,41.645270397585975],[-4.689623796773434,41.645347971148261],[-4.6896570735873651,41.645580968627151],[-4.6896677215502756,41.645655522241228],[-4.6896749333774341,41.645744060735801],[-4.6896833000608513,41.645802079053524],[-4.6897187506439009,41.646053127404919],[-4.6897187398533982,41.646055011777683],[-4.6897632987365299,41.64636735047182],[-4.6897636288951201,41.646372172339305],[-4.6897958836687517,41.646588350231347],[-4.6897975235819302,41.646597386916298],[-4.6898024383971082,41.646631842955841],[-4.6898105449400838,41.646688673486288],[-4.6897216547119296,41.646693478796948],[-4.6894582171881769,41.646711506229209],[-4.6894599378189348,41.646761313528359],[-4.6894837266745526,41.647450061860084],[-4.6894899646757633,41.647630637601971],[-4.6894957643078365,41.647798572494544],[-4.6895061054421721,41.648097920349734],[-4.6895145740415138,41.648343118278341],[-4.6897610002511945,41.648349306017678],[-4.6900014394242122,41.648353067491676],[-4.6900801901604261,41.648355121115422],[-4.6900839671120238,41.648282101833971],[-4.6901056571728912,41.64828259343664],[-4.6905899818981194,41.648293578173643],[-4.6919474578556128,41.64833510372322],[-4.6919471838786544,41.648341015287876],[-4.6919407054997295,41.648480958559304],[-4.6919392065495469,41.64851333919782],[-4.6919390431959549,41.648516962318425],[-4.6919359955689259,41.648584411942643],[-4.6919330748609065,41.648648360573162],[-4.6919305777726308,41.648702388330236],[-4.6919288289940893,41.648740181202001],[-4.6919649047250802,41.648741115436366],[-4.6920364538615988,41.648742910778509],[-4.6920725307949116,41.648743844961345],[-4.6921507041097374,41.648745930884196],[-4.6923027054596158,41.648749846822128]]]},"properties":{"OBJECTID":19,"JOIN_COUNT":1,"TARGET_FID":19,"CODIGO_BAR":"19","NOMBRE_BAR":"LAS FLORES","ORIG_FID":23,"SHAPE.AREA":662140.15046405501,"SHAPE.LEN":3846.6741851730999}},{"type":"Feature","id":20,"geometry":{"type":"Polygon","coordinates":[[[-4.7232118312530513,41.648677590955273],[-4.7242040382273034,41.648748274401875],[-4.7257672744424166,41.648603220890365],[-4.7257686232837779,41.648513133272118],[-4.725857524118604,41.648511798117347],[-4.7257630968132762,41.648193476225359],[-4.7265984572598212,41.644384584575036],[-4.7267638228232096,41.644310045895082],[-4.7272581811849612,41.644077448717788],[-4.7270771408592696,41.642918298154342],[-4.7238577151711043,41.644060951388525],[-4.7225020472176809,41.643950679510276],[-4.7213600340789572,41.644071366755689],[-4.7208673689065099,41.644227355938341],[-4.7208703069837865,41.64428135241031],[-4.7209662507023316,41.64434746708303],[-4.7209113607521536,41.644959456157054],[-4.7208215673818748,41.645115207043553],[-4.7207515754171601,41.646052957330568],[-4.7206129056601709,41.647018756007142],[-4.7205647053555602,41.648239892826147],[-4.7208164056118864,41.6482361239038],[-4.7219353420762413,41.648458043713092],[-4.7232118312530513,41.648677590955273]]]},"properties":{"OBJECTID":20,"JOIN_COUNT":1,"TARGET_FID":20,"CODIGO_BAR":"25","NOMBRE_BAR":"CAÑO ARGALES","ORIG_FID":28,"SHAPE.AREA":247097.99541112498,"SHAPE.LEN":2119.7753121707201}},{"type":"Feature","id":21,"geometry":{"type":"Polygon","coordinates":[[[-4.7328735916595477,41.649581607865642],[-4.7338410752153584,41.649639070665081],[-4.7338482409973341,41.649598431358363],[-4.7338560374789722,41.649553280070222],[-4.7338649598829026,41.649508111792628],[-4.7338750058060581,41.649462926561597],[-4.7338858031368201,41.649417729991583],[-4.7338977263832795,41.649372516431413],[-4.7339105181740013,41.649331793129477],[-4.7339239418267116,41.649286556926455],[-4.7339381144795043,41.649241309419736],[-4.7339527835662576,41.649200557785434],[-4.7339680809075109,41.6491552933037],[-4.7339841296453331,41.649110017481348],[-4.7340006748164773,41.649069237530838],[-4.7340178482352719,41.649023944732143],[-4.7340355168870056,41.648983147822975],[-4.7340541906896263,41.648937832377456],[-4.7340729864182673,41.648897018454264],[-4.7340929068442481,41.648856187555488],[-4.7341130809989034,41.648810849458577],[-4.7341337527875904,41.648770007213734],[-4.7341555468682985,41.648729148028352],[-4.734177597071243,41.648683781607851],[-4.7342001425082065,41.648642911074717],[-4.7342234393283862,41.648602029197356],[-4.7342471106247208,41.648561141663563],[-4.7342719078065203,41.648520237132729],[-4.7342967037572992,41.64847933261499],[-4.7343222498861097,41.64843841676965],[-4.734348546191498,41.648397489596228],[-4.7343755926720226,41.648356551094267],[-4.7344027610906574,41.648320114111151],[-4.7344309334160899,41.648279158603238],[-4.7344591057064704,41.64823820308883],[-4.7344884038707402,41.648197230573452],[-4.7345181960794402,41.648160753959154],[-4.7345482443772475,41.648119770105573],[-4.7345791612240138,41.64808327649942],[-4.7346103341541133,41.648042275653353],[-4.7346423780355194,41.648005765017373],[-4.7346747975828514,41.647969248701465],[-4.7347074708041603,41.647928225180912],[-4.7347410149798561,41.647891691868942],[-4.7347749348190362,41.647855152875877],[-4.7348096036212421,41.647818602565842],[-4.734844648085196,41.647782046573901],[-4.7348804427103035,41.647745479245742],[-4.7349166117950876,41.647708906252888],[-4.7349532785465218,41.647676829100938],[-4.7349901977514097,41.647640244759508],[-4.7350278671135619,41.647603649079805],[-4.7350660341473629,41.647571549239537],[-4.7351048293240776,41.647534936535841],[-4.7351441197752111,41.647502819706745],[-4.7351836650639552,41.647466195649933],[-4.7352237056310837,41.647434067466804],[-4.735264497555109,41.647401927923717],[-4.735305167408117,41.647365286843289],[-4.735346709443907,41.647333135943498],[-4.7353890004573476,41.647300974618453],[-4.7354312926048614,41.647268812360032],[-4.735474454545729,41.647241140316247],[-4.7364572374205114,41.646541782840231],[-4.7367643896769982,41.64632548281476],[-4.7368240685354186,41.646284050531783],[-4.7368682341584414,41.646251859428411],[-4.7369120252466113,41.646219673969156],[-4.736956309345512,41.646191985308434],[-4.7370004772401861,41.646159794119917],[-4.7370442669996926,41.646127608630366],[-4.7370881764641863,41.646099924681238],[-4.7371323418295335,41.646067733480265],[-4.7371761338614329,41.646035547906131],[-4.7372200456071072,41.646007863872157],[-4.7372642108437262,41.645975672622484],[-4.7373080003468742,41.645943487036305],[-4.7373519107728734,41.645915802971963],[-4.7373957013919537,41.645883617335528],[-4.7374394919674039,41.645851431683056],[-4.7374834022741812,41.645823747570297],[-4.7375271915650075,41.645791561903842],[-4.7375709820124738,41.645759376203202],[-4.7376145177121662,41.645731697704704],[-4.7376583080754759,41.645699511972097],[-4.7377020971948731,41.645667326241593],[-4.7377455117833733,41.645635146158149],[-4.7377894230116082,41.645607461914594],[-4.7378328363160316,41.645575281817599],[-4.7378766264644838,41.645543096005035],[-4.7379201606865662,41.645515417413172],[-4.7379639519511523,41.645483231550465],[-4.7380073651093122,41.645451052290404],[-4.7380507806005792,41.645418872077997],[-4.7380943158642603,41.645391193404443],[-4.7381381033569898,41.645359007532441],[-4.738181517520955,41.645326827290717],[-4.7382249316416791,41.645294647033253],[-4.7382684667466997,41.645266968296163],[-4.7383118807838303,41.645234788007102],[-4.7383549214933369,41.645202613349163],[-4.7383983354441819,41.645170433028753],[-4.7384418691905861,41.645142754246599],[-4.7384852830578517,41.645110573894613],[-4.7385283211976983,41.645078399210583],[-4.7385717349786702,41.645046218827261],[-4.7386151487164012,41.645014038428158],[-4.7386583089810452,41.644986365214749],[-4.7387017226353905,41.644954184784218],[-4.7387447605632698,41.644922010022334],[-4.7387877996485646,41.644889835226863],[-4.7388313330625049,41.644862157202951],[-4.7388743720647692,41.64482998237628],[-4.7389174110241816,41.644797807534147],[-4.7389604487404986,41.644765632694721],[-4.739003487614216,41.644733457821651],[-4.7390465252448255,41.644701282951274],[-4.7390896851150099,41.644673609581893],[-4.7391327226627835,41.644641434680494],[-4.7391757601677105,41.644609259763612],[-4.7392187988300583,41.644577084813093],[-4.7392614617686233,41.64454491553316],[-4.7393044991452049,41.644512740570001],[-4.7393476587785113,41.644485067107389],[-4.7393903215921469,41.64445289778152],[-4.7394333600435052,41.644420722753836],[-4.7394767717314696,41.64438854206027],[-4.7395198100969278,41.644356367001521],[-4.7395544632180329,41.644333325596115],[-4.7396063810947053,41.644296512720452],[-4.7396497938132489,41.644264331945934],[-4.7396935821675878,41.644232145468251],[-4.7397371159246919,41.644204466195568],[-4.7397809030188451,41.644172280604373],[-4.7398246912453956,41.644140094078637],[-4.739868600562307,41.644112409070139],[-4.7399127619821106,41.644080216860509],[-4.7399565500805023,41.644048030286513],[-4.7400008337555155,41.644020339559226],[-4.7400449962466435,41.643988147282577],[-4.7400891586937526,41.643955954989629],[-4.7401338167254083,41.643928258542438],[-4.7401783547642058,41.643896060527688],[-4.7402226382394028,41.643868369718035],[-4.7402675506688912,41.643836165999069],[-4.7403122097409875,41.643808469466869],[-4.7403567464078185,41.643776271403773],[-4.7404017810760939,41.643748569148478],[-4.7404466933327507,41.643716365362152],[-4.7404917267201663,41.643688663091027],[-4.7405370145657191,41.643656453580746],[-4.7405824223474591,41.643628745603394],[-4.7406273344305134,41.643596541749154],[-4.7406727421311157,41.64356883373739],[-4.7407185254673845,41.643541120017588],[-4.7407638130960255,41.643508910421261],[-4.7408095963504486,41.643481196666464],[-4.7408553807656446,41.643453482875856],[-4.7409010427381837,41.64342126755453],[-4.74094682587112,41.643393553746961],[-4.7409929834380762,41.643365834248357],[-4.7410387676921415,41.64333812038722],[-4.7410848039644051,41.643305899321994],[-4.7411313370821926,41.643278174077878],[-4.7411774944868066,41.643250454507736],[-4.741223653051839,41.643222734901485],[-4.741270064821868,41.643190508072436],[-4.741316598976506,41.643162782737697],[-4.7413631318907496,41.643135057402937],[-4.7414100404369863,41.643107326357018],[-4.7414565732707548,41.643079600985686],[-4.7415034805359459,41.643051869921116],[-4.7415503877606575,41.643024138838037],[-4.7415969216738576,41.642996413393597],[-4.7416425817514893,41.642964197806592],[-4.741688364239411,41.642936483713719],[-4.7417332752875723,41.642904279443293],[-4.7417779342823145,41.642876582343312],[-4.7418220951032168,41.642844389409454],[-4.7418660026774884,41.642816703664955],[-4.7419090376032083,41.642784527763936],[-4.7419516980163312,41.642752357523911],[-4.7419939827172337,41.642720192963417],[-4.7420355184373388,41.6426880397415],[-4.7420766784467689,41.64265589220021],[-4.7421174639463324,41.642623750321796],[-4.7421577512493167,41.642587112614059],[-4.7421974108592444,41.642554987776208],[-4.7422365746694295,41.642518367073805],[-4.742275109593594,41.642486259260572],[-4.742313147514329,41.642449655602107],[-4.7423509310238945,41.642417559156208],[-4.7423878454592128,41.642380972507354],[-4.7424243829853152,41.642344391561544],[-4.7424601691357982,41.642307821997235],[-4.7424955807792619,41.642271258100507],[-4.7425302446499318,41.642234705531784],[-4.7425645303904389,41.642198157785828],[-4.742598068384611,41.642161622269256],[-4.7426312282746226,41.642125092476626],[-4.7426635190762978,41.642084072485972],[-4.7426955554938299,41.642047559711855],[-4.7427268405445453,41.642011058323497],[-4.7427572553042179,41.641970066757068],[-4.7427874168889916,41.641933582390088],[-4.7428170814455273,41.641892602185102],[-4.7428459958361548,41.641851633349631],[-4.742874281395749,41.641815177412106],[-4.7429016954606809,41.641774231317278],[-4.7429287338276893,41.641733290914047],[-4.7429553976977168,41.641692356184421],[-4.7429809369449201,41.641651438506251],[-4.7430061004730888,41.641610525620436],[-4.743030888331484,41.641569619327775],[-4.7430545515716673,41.641528730088062],[-4.7430778391202324,41.641487846541942],[-4.7431003765159501,41.641446974369742],[-4.743122418073221,41.641401606345937],[-4.7431438308276768,41.641360751224269],[-4.7431644946333797,41.641319907459376],[-4.7431842845384837,41.641274573578677],[-4.7432038213099865,41.641233746902685],[-4.7432226091366525,41.641192931584392],[-4.7432405242634337,41.641147626133105],[-4.7432578118033017,41.641106833567711],[-4.7432683342580875,41.641079653731616],[-4.7432746011039546,41.641061545189373],[-4.7432906402630257,41.641016268188167],[-4.7433074306950829,41.640970978886742],[-4.7419577066271579,41.640676209111085],[-4.7413901700780423,41.640612755947565],[-4.740815195297631,41.64062146746609],[-4.737664152699562,41.640804253020413],[-4.7312484799811099,41.641175779597845],[-4.7295753446114812,41.641273024152525],[-4.7294687541579643,41.641342178957558],[-4.7292323475442126,41.641453816636364],[-4.7286715745363592,41.642331405378584],[-4.7270771408592696,41.642918298154342],[-4.7272581811849612,41.644077448717788],[-4.7267638228232096,41.644310045895082],[-4.7265984572598212,41.644384584575036],[-4.7257630968132762,41.648193476225359],[-4.725857524118604,41.648511798117347],[-4.7259235452550712,41.648510806536187],[-4.7259765144194557,41.648667629737112],[-4.7289543847909803,41.648294124298715],[-4.7292731730300774,41.648343368735837],[-4.7295870859609526,41.648392685665563],[-4.7293885855032736,41.648940580592651],[-4.7293439687459768,41.649040326118282],[-4.7326627880230703,41.649571275597772],[-4.7328735916595477,41.649581607865642]]]},"properties":{"OBJECTID":21,"JOIN_COUNT":1,"TARGET_FID":21,"CODIGO_BAR":"24","NOMBRE_BAR":"CAMPO GRANDE","ORIG_FID":27,"SHAPE.AREA":878120.05733845499,"SHAPE.LEN":4157.1321009047397}},{"type":"Feature","id":1,"geometry":{"type":"Polygon","coordinates":[[[-4.7888476863379728,41.561778671948943],[-4.7898015934728955,41.562024769029669],[-4.7904729817633109,41.561289864938381],[-4.7926897623251188,41.559012614995844],[-4.7935762576039505,41.558072729083378],[-4.7938958294462548,41.557714133528961],[-4.7936599589494007,41.557238819444613],[-4.7934660448398096,41.55674115098882],[-4.7934506508501542,41.556738081152531],[-4.7930845762928005,41.556665072264749],[-4.7929772812588434,41.556642576930663],[-4.7928282756312202,41.556611336108624],[-4.7927164406815068,41.55658792058432],[-4.7927129719703032,41.556587194688397],[-4.7927092507370039,41.556586399775185],[-4.7926475073966932,41.556573216533607],[-4.792602118148098,41.55656352507048],[-4.7924794795366026,41.556537338861034],[-4.7924275742752274,41.556526255601753],[-4.7923801808950728,41.556516546663573],[-4.7922525901794772,41.556490535600105],[-4.7920953428162374,41.55645847930694],[-4.7920361101922566,41.556445235877973],[-4.7920113647859788,41.556439703252302],[-4.7919456696277747,41.55642730718764],[-4.7919215609599473,41.556422729248126],[-4.791874557151071,41.55641409484722],[-4.7917208437691112,41.55638424636809],[-4.7916875661400757,41.556377649652688],[-4.7915241423305215,41.556343538912131],[-4.7914328382735203,41.556324336197967],[-4.7914206126107315,41.55632174721535],[-4.7913619159883023,41.556309319209156],[-4.7912594260370982,41.556288266836333],[-4.7912266061529456,41.556281525049506],[-4.7913071947588737,41.556034200876184],[-4.7913115230420251,41.556020898792674],[-4.7913155892610151,41.556021335307804],[-4.7913454708266254,41.556024546246533],[-4.7913711899650853,41.556027310454837],[-4.791468979311527,41.556037823238867],[-4.7915186075950444,41.556043157334059],[-4.7915544123850786,41.556049220238556],[-4.7915991333581509,41.555781150096884],[-4.7916120073991104,41.555703990587318],[-4.7916207267092226,41.555672371316177],[-4.7916858125226263,41.555348089136267],[-4.7916057830647416,41.555345837310682],[-4.7916662712360347,41.555041993930018],[-4.7914039754111961,41.554988077785033],[-4.7913802669712791,41.55498320887547],[-4.7912282724901383,41.55495199181108],[-4.7912527127244102,41.554906206637149],[-4.791297494874355,41.554845036046316],[-4.7914346004200041,41.554686809281769],[-4.7916834233593644,41.554391601780594],[-4.7918519170041085,41.554461658825616],[-4.7919861735518161,41.55452688757368],[-4.7921610575977942,41.554627229088091],[-4.7924128043086727,41.55478237275014],[-4.7924373411782657,41.554797997096436],[-4.7924444077313648,41.554787293975473],[-4.7926963890570615,41.554405649634262],[-4.7928271696577038,41.554201645356642],[-4.7928253699758807,41.55417141407289],[-4.7930853971555036,41.553773283367754],[-4.7934142778248479,41.553269722927716],[-4.7920148692380504,41.552562896587453],[-4.7923543817299912,41.552116264062171],[-4.794035237416935,41.552972380571767],[-4.7944596265237074,41.552828109636742],[-4.7948622827641803,41.55264645855793],[-4.794881163783046,41.55263795672812],[-4.7954286154617947,41.552391454284766],[-4.7953555842686617,41.552149279819773],[-4.795346242756942,41.552118483640299],[-4.7953425707049666,41.552102779031912],[-4.7953362189961091,41.552075383972777],[-4.7952126340735042,41.551852790784402],[-4.7952000946693216,41.551702931857953],[-4.7951940498285941,41.551701134822373],[-4.7951631451280834,41.55168458732058],[-4.7951857359903549,41.551647245268668],[-4.7951931339108143,41.551650709955709],[-4.7951864636930548,41.551561285291072],[-4.7952113404095833,41.551532975617185],[-4.795241480762841,41.551499899281865],[-4.7952670778249766,41.551471668414621],[-4.7952985702372981,41.55142137960469],[-4.7953221076942736,41.551402085947657],[-4.7953288195271675,41.551397657844284],[-4.7953934188399598,41.551322972131317],[-4.7954026500957436,41.551312273746767],[-4.7954027139697057,41.551312198893115],[-4.7955202590518899,41.551330988627896],[-4.7956359942320441,41.551271356087845],[-4.7958087074056284,41.551182400570816],[-4.7958926429160034,41.551139088644661],[-4.7960360949902823,41.551106134161969],[-4.7961828873593877,41.551073656009407],[-4.7962742034872221,41.551053505744378],[-4.7963655303853603,41.550952478371876],[-4.7966342258438486,41.550655126605406],[-4.7967758561504601,41.55049840523877],[-4.7968510784658855,41.550413374943211],[-4.7969594093103405,41.550302968193407],[-4.7970323687562537,41.550227160122702],[-4.7970488020655049,41.550210060448045],[-4.7970371822522022,41.550197452389526],[-4.7967708279294419,41.549905377443345],[-4.7967525328303848,41.549886513063164],[-4.7967012169981311,41.549833600150883],[-4.7966764228200338,41.54984549300093],[-4.7966742373260685,41.549846541328343],[-4.7966388830144817,41.549863779048238],[-4.7965990781320578,41.54982556277519],[-4.7965255951598413,41.549755012274034],[-4.7962178724833526,41.549905285848425],[-4.7955673586418088,41.550242404737425],[-4.7949826143851499,41.550526066018207],[-4.7944244737630548,41.55080835523453],[-4.7939648992687385,41.551030003436374],[-4.7937053683694826,41.551143674618551],[-4.7934203110901548,41.551252023216108],[-4.793128620675966,41.551349989718524],[-4.7925923314010381,41.551505150794469],[-4.7925707261218147,41.551472950508227],[-4.7925127135228536,41.551399906298975],[-4.7923179533217901,41.55121190626577],[-4.7923413364820231,41.551198932115348],[-4.7923811287349718,41.551176694373929],[-4.792353851366455,41.551144154658637],[-4.7923097885886943,41.55108989996463],[-4.7922894810412879,41.551065341504511],[-4.7922529235456253,41.551021132184687],[-4.7922527275671234,41.551020895658304],[-4.7922362188953551,41.550991880822892],[-4.7922223638541128,41.550967777472692],[-4.7921973651542702,41.550922232347773],[-4.7921813334425032,41.550893119999436],[-4.7922218469873021,41.550883930980888],[-4.7922504739436373,41.550878530905933],[-4.7922323190870131,41.550833329428329],[-4.7922044734268701,41.550840969027142],[-4.7921961461846747,41.550843350561401],[-4.7921022643474389,41.550865669505889],[-4.7920679773525805,41.55087382110149],[-4.7920591581507912,41.550875929281808],[-4.7920547773619884,41.550864919165285],[-4.7920445676528765,41.550842561233168],[-4.7920362155327556,41.550844042459985],[-4.792031722362629,41.550833304299516],[-4.7920218312669158,41.55078897282236],[-4.7920103758479708,41.550737623283872],[-4.792007916695237,41.550735409909691],[-4.792006705772117,41.550734978444581],[-4.7920044931321257,41.550716645293896],[-4.7920043733165425,41.550715650104785],[-4.7919863739674335,41.550644863141706],[-4.7919862152112982,41.550644237839933],[-4.7919747872169323,41.550604339161922],[-4.7919655142622135,41.550571964526199],[-4.7919360216814386,41.550502620372349],[-4.7919013836003419,41.550422314034023],[-4.7918987446474013,41.550416195393161],[-4.7918585404033562,41.550328013759668],[-4.791897805429584,41.550317042949487],[-4.7918547115363053,41.550237103479198],[-4.7918138195891666,41.550249900100333],[-4.7917590020948682,41.55015789312732],[-4.7917432129607533,41.550128867000133],[-4.7917324788196325,41.550109218361484],[-4.791712269960227,41.550072064893946],[-4.7917621831959538,41.550055975305334],[-4.7917596992112541,41.550052861628679],[-4.7917314404359272,41.550006465621543],[-4.7917045186864469,41.549966324732978],[-4.791685048622762,41.549937294721111],[-4.7916788200331943,41.549928835302381],[-4.7916690345505533,41.549914316577443],[-4.7916325619264084,41.549860203606507],[-4.7915687463189078,41.549889569721756],[-4.7915646779670666,41.549891039093801],[-4.7915307496344353,41.549840223471278],[-4.7915029235654156,41.549798545649317],[-4.7914806632904403,41.54976520607962],[-4.7914561477754702,41.549730782100603],[-4.7913921012186558,41.549640849831128],[-4.7913627425823782,41.549597983535037],[-4.7914124611177584,41.54957919508071],[-4.7913938501514046,41.549556517662822],[-4.7913886825329417,41.549549700753857],[-4.7913739412631164,41.549530256831119],[-4.7913928568701349,41.549520504884207],[-4.7914028107506477,41.549533441210258],[-4.7914050306132605,41.549536326634538],[-4.7915877423472022,41.549386857786644],[-4.7916533022693333,41.549333712538797],[-4.7919123388843836,41.54912227633401],[-4.7917773218296036,41.548980045366271],[-4.7917749113274297,41.548977506981643],[-4.7916991140025251,41.548892132647104],[-4.7916974397060663,41.548890246590425],[-4.7916292351081777,41.548819265688692],[-4.7916284043072315,41.548818400470054],[-4.7914630764329962,41.548632280128722],[-4.7913633502456943,41.548535414655078],[-4.791268198043781,41.548415218554105],[-4.7912400303637348,41.548379637305246],[-4.7912127807482934,41.548346908621696],[-4.7911582022657848,41.54828135699664],[-4.7911443356346348,41.548264700538688],[-4.7911430109025757,41.548263532276373],[-4.7910922989937736,41.548218818046223],[-4.7910442095006953,41.548176413720995],[-4.7908486882526731,41.548032122292518],[-4.7908179927768764,41.547997293657311],[-4.7907635392916523,41.547935723617037],[-4.7907365758962071,41.547905790584828],[-4.7906910840578272,41.547838766871777],[-4.7906482749112449,41.547768635423097],[-4.7905834692358713,41.547662466142881],[-4.7905227152083691,41.547681066750648],[-4.7904658986986535,41.547594674484237],[-4.7905118641855244,41.547578916230627],[-4.7904920941217837,41.547548961166726],[-4.7904355128746481,41.547463615416369],[-4.7903773755434793,41.547375923270266],[-4.7903297435026841,41.547392067698539],[-4.7902793985529213,41.547306731024833],[-4.7902587534766923,41.547271736706712],[-4.790257924585994,41.54727033103746],[-4.7902602369671152,41.547267232699483],[-4.7903275652473525,41.547243576981309],[-4.7903018113001155,41.547209661994948],[-4.790276181240503,41.547219338193877],[-4.7902545888962811,41.547188509880613],[-4.7902765581330602,41.547143928834942],[-4.7901681737586861,41.547009782693038],[-4.7900801656937597,41.546855300541459],[-4.7900020945185853,41.546785023491644],[-4.7899325798245913,41.546748930136033],[-4.7898354736572601,41.546747582403832],[-4.7895746259949847,41.546813126809646],[-4.7894986857353867,41.546544069412704],[-4.7891765920806,41.546542255679114],[-4.7885844302456713,41.54623452316234],[-4.7883439943860528,41.546142940712862],[-4.7882336179369425,41.546108912265538],[-4.7881270678581718,41.546098653606101],[-4.7880049267454563,41.546098171091664],[-4.7878400138076218,41.546099544353893],[-4.7877079330872236,41.546083725230574],[-4.7876259633727214,41.546044488017699],[-4.7871841840003926,41.545783261860237],[-4.7870754914215601,41.545752780031663],[-4.7869305988899047,41.545732392751141],[-4.7868071791878304,41.545685458906718],[-4.7866079876449694,41.54556887450525],[-4.7863505820715941,41.545473167949687],[-4.7860829620403624,41.545372215404122],[-4.7860051288127545,41.545349556509294],[-4.7858354058082941,41.545287528553075],[-4.7858280654165846,41.545284845956743],[-4.7855576939860036,41.545181006792824],[-4.7855523988246409,41.545178973329506],[-4.7852680468179809,41.545075486629507],[-4.7849285384813527,41.544921071649981],[-4.7849260350403737,41.544919933324984],[-4.7846638473866685,41.544789620835942],[-4.7844368503461965,41.544649226851213],[-4.7844362612776656,41.544648863111398],[-4.7841821455227551,41.544450889045443],[-4.7841800836219868,41.544449282700391],[-4.7839719474903362,41.544274535646622],[-4.7837637034147464,41.544091503577718],[-4.7835889553240545,41.543905699722657],[-4.7833963993744355,41.543743769804927],[-4.7831379864975583,41.543584753425094],[-4.7830679535957028,41.543540444250141],[-4.7827444447879905,41.543310078264753],[-4.7824065436706436,41.54306946042864],[-4.7824057545592451,41.543068883615291],[-4.7821389328724146,41.54287375534615],[-4.7818829548161421,41.542686556430731],[-4.7818378899350646,41.54265359901725],[-4.7816003462030761,41.542584386345709],[-4.7813565730339729,41.54251335755297],[-4.7813339314246628,41.542506760505304],[-4.7810826159780495,41.542394774935211],[-4.7808047567822216,41.542270961477286],[-4.7807965194390167,41.542265542657098],[-4.7805821191641673,41.542124490947089],[-4.7802491297059273,41.541905418748371],[-4.7801678289289447,41.541852275412033],[-4.7801225689734697,41.541830070920099],[-4.7799139036355633,41.541727711762931],[-4.7796022276395762,41.541574816098908],[-4.7793808081224238,41.541466196381691],[-4.7791068997804516,41.541331824625821],[-4.778845039814434,41.541203364322655],[-4.7786769430577749,41.541120899073775],[-4.7784565376180206,41.54101277345363],[-4.7782700917321659,41.540921306293598],[-4.7780079628207313,41.540792709514278],[-4.7779899023816093,41.540783863990207],[-4.777949219928403,41.540763938626156],[-4.7771683896393036,41.542035501531295],[-4.7771334338155338,41.542113989961116],[-4.7771443402518168,41.542120575604272],[-4.7773775303720525,41.542261384689361],[-4.7776977476703175,41.54241800473369],[-4.7778866078888633,41.542503735007884],[-4.7785965851800212,41.542819471137321],[-4.7794075620814924,41.543174390166158],[-4.7798939743832261,41.54338777130608],[-4.7800481853425616,41.543459020024912],[-4.7802014647489495,41.543530998104266],[-4.7804670067345372,41.543671299846849],[-4.7806632198799948,41.543781933567082],[-4.7809247921042566,41.543950891585489],[-4.7813421198984694,41.544212520944612],[-4.7816918647376081,41.54443873558003],[-4.7824570666316575,41.544927317614736],[-4.7831235063845003,41.545353798420415],[-4.7836700179305716,41.545709929132151],[-4.7839536325982612,41.545918574469631],[-4.7842550990958452,41.546153394228902],[-4.7847140110761144,41.54650730555236],[-4.7851816850080917,41.546868227670856],[-4.7857641313941057,41.547318874560169],[-4.7862999600972733,41.547735211601896],[-4.7867958685168901,41.548118566551437],[-4.7872325344342288,41.548458514092928],[-4.7879163334319381,41.548974240900037],[-4.788132659053459,41.549111476588948],[-4.7884949711762665,41.549308400553926],[-4.7888357875147181,41.54947348722532],[-4.7898046844930011,41.549867101376584],[-4.7899635415171957,41.549928135169765],[-4.7899413942066094,41.549961218080526],[-4.7897291595379317,41.550278234338634],[-4.7896947955643991,41.550329748950993],[-4.7896237520865199,41.550436251202129],[-4.7895617604217469,41.55052378910311],[-4.7895537790017197,41.550535057514573],[-4.7895462715394297,41.550546425728633],[-4.7895861995067435,41.550561291411121],[-4.7895621759149503,41.55061012759549],[-4.7895490511171079,41.550633665030368],[-4.789501032699869,41.5507160865508],[-4.7894401906712636,41.550820279046654],[-4.7892767711270308,41.551100133426381],[-4.7892764494731255,41.551100686949368],[-4.7892318960056581,41.551177300854143],[-4.7892314316906486,41.551178115994382],[-4.7892133693745178,41.55120983459296],[-4.7892486462378958,41.551213815963017],[-4.7892339708167766,41.551243740826735],[-4.7892165665895776,41.551280713679475],[-4.7892031209536015,41.551309277379254],[-4.7919476503143708,41.551960481091747],[-4.7916589466175727,41.552428837637642],[-4.7893774179566551,41.551817340380452],[-4.789337522806302,41.551959995594295],[-4.7893150742670647,41.552040265381756],[-4.789006643355858,41.553111626533379],[-4.7889980975228612,41.553141310956875],[-4.7896413650443064,41.553222518517806],[-4.7902525296287184,41.553296647683474],[-4.7903070717849614,41.553307236932348],[-4.7903475599515994,41.55332590890611],[-4.7903777415167976,41.553350460727906],[-4.7903927226092335,41.553375964429996],[-4.7903982871543391,41.553405189604462],[-4.790389339471572,41.553437322139018],[-4.7903106156622064,41.553677032974022],[-4.7902076080824907,41.55401393368026],[-4.7898207924451981,41.554102888330476],[-4.7898153953425906,41.554148727077212],[-4.7897616128647593,41.554372618679253],[-4.7896848491202837,41.554660496812843],[-4.7896772673259722,41.554730676302299],[-4.7896511672117317,41.554992028598612],[-4.7895966072322347,41.555233805361311],[-4.7892850145161798,41.555278214727693],[-4.7892781467401306,41.555311747782312],[-4.7892489699739658,41.555432083758724],[-4.7892289778476078,41.555517592359827],[-4.7892189367159563,41.555560539205715],[-4.7892043083323275,41.55561949954177],[-4.78918887619262,41.555681707639572],[-4.7891636637969013,41.555783326034906],[-4.7891515477106665,41.555832168615993],[-4.7891408050637274,41.555875465028727],[-4.7891029652127415,41.555872991642651],[-4.7889747510143303,41.555863278185171],[-4.7889582362717382,41.555981885864071],[-4.7889480979373351,41.556054617086232],[-4.7889239980665295,41.556227496372173],[-4.7888115758653775,41.556232102823699],[-4.7888101486153065,41.556242960251382],[-4.7886830092022281,41.556237372889179],[-4.7884338959778008,41.556226451529653],[-4.7884085558244704,41.556225340726414],[-4.7882731181735858,41.556223214539401],[-4.7882528415173926,41.556491243623107],[-4.7882689032537735,41.556492405129625],[-4.7883991487878284,41.556501817561347],[-4.7887517713169236,41.55652816567715],[-4.7887652759673518,41.556529175058806],[-4.7890052357783546,41.556560027055966],[-4.7889998755084218,41.556590882314133],[-4.7889929318903848,41.556631282433223],[-4.7889865361644075,41.556668940451871],[-4.7889584382881507,41.556751222798013],[-4.7888952538468557,41.556936305702777],[-4.7888929777766407,41.55694382129542],[-4.788846776659728,41.557096404429288],[-4.7888372525600751,41.557127681144095],[-4.7888196017923033,41.557185643660233],[-4.788822673435936,41.557297005841669],[-4.7888571147942374,41.557533850275199],[-4.7888544013109513,41.557538246402949],[-4.7888216996094135,41.557591232682618],[-4.7887863979854703,41.55764843047308],[-4.7887513764221463,41.557705176255077],[-4.7887158072431166,41.557762807812473],[-4.7886806603969712,41.55781975457279],[-4.7886193874544487,41.557919032826092],[-4.7886160530710784,41.557924439267758],[-4.7886160243966742,41.557924486549446],[-4.7886027124284132,41.557945952496489],[-4.7886000719253365,41.557951952499451],[-4.7885994994294494,41.557954847195191],[-4.7885993516591885,41.557957967658588],[-4.7885998370191389,41.557961826738229],[-4.7886014319092336,41.557966436836622],[-4.78860387231461,41.557970486163967],[-4.7886072463894473,41.557974257964375],[-4.7886611107830772,41.558024659693217],[-4.7886652913043539,41.55802623658888],[-4.7887470910772203,41.558057296461527],[-4.7888330750341126,41.55808793269135],[-4.7890093060629582,41.558150723810996],[-4.7871102132682397,41.561259182913965],[-4.7888476863379728,41.561778671948943]]]},"properties":{"OBJECTID":1,"JOIN_COUNT":1,"TARGET_FID":1,"CODIGO_BAR":"40","NOMBRE_BAR":"PUENTE DUERO","ORIG_FID":43,"SHAPE.AREA":684246.47085188003,"SHAPE.LEN":8514.2496645032716}},{"type":"Feature","id":2,"geometry":{"type":"Polygon","coordinates":[[[-4.7518473327642097,41.593560209232528],[-4.7520214903030835,41.593599308347507],[-4.7541728605215487,41.588476128851092],[-4.7547869515301038,41.588622426035826],[-4.7553522724823232,41.58764300161166],[-4.7554900738074224,41.587510717160292],[-4.7556733953547239,41.58742331888876],[-4.7556701676750652,41.587304215347167],[-4.7557312414299426,41.587156724591942],[-4.7563270082276725,41.58647679200363],[-4.7578042564150902,41.584866040131473],[-4.7579239237421254,41.584928331253835],[-4.7579897832197879,41.5849626135454],[-4.7581903214090389,41.585067001015645],[-4.7582456336675945,41.585095792721489],[-4.7594367708261966,41.584061661726373],[-4.7602089420028868,41.583450427145294],[-4.762567864235292,41.581565351632506],[-4.762576070880213,41.581558793124167],[-4.7646455034734183,41.579542844913618],[-4.7645211070262858,41.579467401416572],[-4.7644117568044937,41.579401083096521],[-4.7643910459068319,41.579385101384339],[-4.7643892043165463,41.5793836804568],[-4.764433027929508,41.579349704160592],[-4.7640919051481143,41.579099194299133],[-4.7617469530578882,41.577422485574516],[-4.7585295661618821,41.577538270516236],[-4.7582867773824278,41.578316575561338],[-4.7578382732788285,41.579485322041471],[-4.757286474400976,41.580826775359007],[-4.7566567186113131,41.582349555339725],[-4.7566237699595106,41.582429224270953],[-4.756398429163629,41.582426539629203],[-4.7559384381336338,41.582421058145805],[-4.7555574394464202,41.582416516489474],[-4.7549378720845956,41.583556702947263],[-4.75512365758087,41.583639430922524],[-4.7544371488423653,41.584279312186283],[-4.7537293555564109,41.584274802023003],[-4.7536069661788272,41.584588757157569],[-4.7535537066970264,41.584584525887578],[-4.7534709014258869,41.584760882460301],[-4.753518898207699,41.584765644395439],[-4.7533370650920164,41.584975394787449],[-4.7531774580473343,41.585164182985331],[-4.7529665906517709,41.585338439364882],[-4.7529112530511544,41.585332798403577],[-4.7527812069961302,41.585319470025993],[-4.752775756842202,41.585415114500996],[-4.752713050021268,41.585536223381936],[-4.7525185507738614,41.585694827696081],[-4.7523643173220549,41.585820663489031],[-4.7523167356117186,41.585844536404707],[-4.7522712959697468,41.585889992990118],[-4.7520572937682104,41.586090506209231],[-4.7518402460079017,41.586289263184362],[-4.7515671152877497,41.586543726780036],[-4.7514822417808595,41.586652652409555],[-4.7514400967960322,41.586735706925353],[-4.7512312343387526,41.587011167005635],[-4.751241128494172,41.58701326795989],[-4.751082993300809,41.587274714857458],[-4.7506207572340466,41.587874766992591],[-4.7504180227756185,41.588048715577017],[-4.7503736420290208,41.588111178149774],[-4.7501388949542198,41.588516909479146],[-4.7501308600466352,41.588583682202078],[-4.7494205254704482,41.588660156485467],[-4.7490634511056262,41.588681082446072],[-4.7482649643042283,41.588714217222339],[-4.7477609001396788,41.588720982411168],[-4.7466729943006776,41.588716893383975],[-4.7466394349159335,41.588720680040225],[-4.7461640481407619,41.589899572794408],[-4.7461594227295389,41.589935296514611],[-4.7462090862164672,41.589940078498131],[-4.7463639502621389,41.589954989872396],[-4.7464391225527613,41.589961953819021],[-4.7465715984706618,41.589975129918493],[-4.7465962314844132,41.5899775801361],[-4.7466228386133302,41.589980050787716],[-4.7466453395621135,41.589982139796305],[-4.7467046000214683,41.589987642181306],[-4.7470125931710081,41.590017441115812],[-4.7470542965358264,41.589777241462386],[-4.7470615458079264,41.589735488297606],[-4.7494127878740251,41.589969986522981],[-4.7493816498394441,41.590011297311541],[-4.7486153216784803,41.59102797200002],[-4.7484681838362199,41.591257543953418],[-4.7484112085785775,41.59160940764599],[-4.7484088725738891,41.59190081510328],[-4.7487779895298843,41.592049847312047],[-4.7491730365033336,41.592194880090567],[-4.7492732160373681,41.592239200999948],[-4.7495995317538515,41.592398158048191],[-4.7496257034856049,41.592416493804535],[-4.7498205123191237,41.592530617516552],[-4.749928267199687,41.592593285564192],[-4.7499925392729345,41.592630667872932],[-4.7500605559889131,41.592670227716148],[-4.7495717199358722,41.593013236215427],[-4.7496377580911524,41.593063002308263],[-4.7507251734835307,41.593308273447605],[-4.7518473327642097,41.593560209232528]]]},"properties":{"OBJECTID":2,"JOIN_COUNT":1,"TARGET_FID":2,"CODIGO_BAR":"39","NOMBRE_BAR":"EL PINAR","ORIG_FID":42,"SHAPE.AREA":738643.62805904995,"SHAPE.LEN":5569.6326971230201}},{"type":"Feature","id":3,"geometry":{"type":"Polygon","coordinates":[[[-4.7393989378899519,41.615641971547923],[-4.7405916515835571,41.616063830881707],[-4.7406825866801947,41.616016682991507],[-4.7406885115068409,41.616013802955415],[-4.7412951710634355,41.615733124381279],[-4.7413230873668644,41.61572020901388],[-4.7416517954827508,41.615568124971155],[-4.7416576014752279,41.615565336753804],[-4.7416766554263443,41.615556172724894],[-4.7418827520677418,41.615457053225555],[-4.742211635588383,41.615305163075497],[-4.742671661657182,41.614993891032789],[-4.7426775584100627,41.614989930507107],[-4.7426834515383938,41.614985879968351],[-4.7428889019003986,41.61484683963495],[-4.7429119292553263,41.614831255460878],[-4.7431075372635654,41.614369397262493],[-4.7432366420065515,41.61442276227443],[-4.7434316604482545,41.614488659938985],[-4.7440762265156335,41.612930230873523],[-4.7447287160547704,41.611353145300555],[-4.7447740461307557,41.611239872407019],[-4.7447800545975776,41.611226271022467],[-4.7467810317388768,41.606390736758186],[-4.7469189160050176,41.60605414887862],[-4.7477318320053365,41.60406968304958],[-4.747792082302678,41.604078697713824],[-4.7480426791522516,41.604116190801918],[-4.7480179751759835,41.604259549271575],[-4.7537702671395321,41.60598780141892],[-4.7531539730973273,41.607628173355835],[-4.7531045199219149,41.607759797104769],[-4.7544171414188003,41.608057764272473],[-4.7555030093622408,41.608216918116305],[-4.7563973666105994,41.608303673894724],[-4.7573126541547737,41.608339892596902],[-4.7585854152474205,41.608324662337075],[-4.7593448444114665,41.608315567715429],[-4.7597287057686088,41.608298747697695],[-4.7601130049205125,41.608289077376355],[-4.7604975057027428,41.608286561264755],[-4.7608819718779198,41.608291201178517],[-4.7612661658868278,41.608302994453162],[-4.761649851247121,41.608321933907597],[-4.7620327937525815,41.608348007825484],[-4.7624147578739215,41.608381200010541],[-4.7627955079825641,41.608421490668363],[-4.7631748095007262,41.608468854587443],[-4.7635524301251939,41.608523262021009],[-4.7639281374767686,41.608584680524437],[-4.7643017002260102,41.608653072235853],[-4.7646728881172953,41.608728394776342],[-4.7650414755672328,41.608810601194776],[-4.7654072333409561,41.608899642797432],[-4.7657699367769171,41.608995462716955],[-4.7661293635838566,41.609098003151466],[-4.7665431901681972,41.60923972067657],[-4.7669530170777481,41.609387843460382],[-4.7673586674259347,41.609542306714339],[-4.7677599678701501,41.609703043795918],[-4.7681567450374187,41.609869987164409],[-4.7685488302242822,41.61004306470582],[-4.7689360534477334,41.610222201625483],[-4.7693182482681378,41.610407321274572],[-4.7696952529639915,41.610598344231164],[-4.770066902159269,41.610795189329671],[-4.7704330399204,41.610997769856567],[-4.7707935067574834,41.611206000955555],[-4.7711481478244231,41.611419792295962],[-4.7714968118424492,41.611639052592579],[-4.7718393486514339,41.611863687841804],[-4.772175611584502,41.612093600384313],[-4.7725054551672681,41.612328692543187],[-4.772828738618113,41.612568862966995],[-4.7731453223231943,41.61281400938617],[-4.7734550713614166,41.613064025856403],[-4.7737020840500417,41.613271072044952],[-4.7741819748915493,41.613694398557072],[-4.7754633233114072,41.614918521129844],[-4.776276748336592,41.614099359949769],[-4.7765241948610102,41.613847309000072],[-4.7769318839677624,41.61343119882811],[-4.7773515654931948,41.61301489903861],[-4.7776952358344564,41.612667325962384],[-4.7780286335928688,41.612378454706814],[-4.7783507766709725,41.612121282089134],[-4.7786559085539322,41.611895893692648],[-4.7790489167110888,41.611601592629178],[-4.7793790271975398,41.611411842682124],[-4.7797568780442141,41.611221354297946],[-4.7800579820884748,41.611068077724646],[-4.7803058439845376,41.610942647208951],[-4.7807265446916682,41.610783014617624],[-4.781123997065972,41.61065526354313],[-4.7815818047108642,41.610544590819536],[-4.7820749813858132,41.610410848250417],[-4.7823360697298511,41.610330242067754],[-4.7829113653985091,41.610136679334929],[-4.7836766246326121,41.60988612511499],[-4.7844056421909862,41.60962712265696],[-4.7851646443306954,41.609367647140694],[-4.7860472530834199,41.609034193516564],[-4.7870845616518451,41.608662297991287],[-4.7879030329965993,41.608392874741078],[-4.788782223214505,41.608154023396288],[-4.7893822213382595,41.607991568417262],[-4.790428981277155,41.607750094500453],[-4.7914052473893198,41.607559248844623],[-4.7924956055900187,41.607384629934067],[-4.7936951732298629,41.607262335045981],[-4.7946684235076891,41.607184094119283],[-4.7957983760584755,41.607143926036294],[-4.7967969874138019,41.607114808859336],[-4.7972598252800376,41.607097685207528],[-4.7970945623040233,41.606019070699318],[-4.7976228276002599,41.605928397442867],[-4.7960284298746227,41.603638571511311],[-4.7950677103209793,41.602279049911701],[-4.7946982304230605,41.602460723056026],[-4.7939162765292398,41.601557749228569],[-4.793625257637733,41.601691178939305],[-4.7931515802374278,41.600809325103675],[-4.7927597708576988,41.600058324126998],[-4.792417461823109,41.599304929402962],[-4.7925168961862363,41.599229791548744],[-4.7916669120575053,41.59696206602284],[-4.7913234174042989,41.596103846290262],[-4.7909873401690843,41.595123015856565],[-4.7904081461203889,41.59399735805269],[-4.790129231581961,41.59353001579754],[-4.7888580521364021,41.591857692139619],[-4.7888912104755308,41.591181214441086],[-4.7895996565542136,41.590229060954059],[-4.7903130925490105,41.589753647114925],[-4.7894693959343719,41.589439477501784],[-4.7879186896894446,41.588894378598248],[-4.7866264513220944,41.588328306636541],[-4.7864181590006334,41.588331904469563],[-4.7860808023404422,41.58806217010261],[-4.7844219962024201,41.588342557943378],[-4.7834139460039857,41.588554553364709],[-4.7811944341324031,41.589287092192514],[-4.7795637724702287,41.589960846162299],[-4.7782517614982041,41.590670446441173],[-4.7784404066076425,41.590864416055496],[-4.7748943527944538,41.592690428504191],[-4.7753692600685902,41.59104024478107],[-4.7760875822561788,41.590077844463806],[-4.7768758334338051,41.588888105247513],[-4.7774553581315864,41.588028266718027],[-4.7781750357955017,41.586859575718279],[-4.7788413460213324,41.585893548325636],[-4.7792291843765176,41.585267964312109],[-4.7800563308908588,41.584061478598969],[-4.7810762298678799,41.583134635292566],[-4.7821959614604728,41.582004570108388],[-4.7828407988090262,41.581190797785581],[-4.7831836671836792,41.580319470796937],[-4.7839509858502201,41.578905376449704],[-4.7852716703499443,41.577563112328647],[-4.7854447337298849,41.576651813368954],[-4.7857358352417299,41.575688600653329],[-4.7871224491320774,41.575606252522256],[-4.7879946890748259,41.575548823783166],[-4.7892153647349813,41.574586808734253],[-4.7895036946945568,41.574199258129575],[-4.7896757989409897,41.573842249984061],[-4.7900073887430228,41.573462130662698],[-4.7902134557796145,41.573136385017037],[-4.7906118315379294,41.572538519087139],[-4.790815924140202,41.571954756260297],[-4.7914788283396907,41.569753055496633],[-4.7916776733266166,41.568775863347646],[-4.7917769417274707,41.568075563021445],[-4.7919702100389499,41.567461163262792],[-4.7922176967558094,41.566460874682271],[-4.7933170563280783,41.563721137572955],[-4.7955483981595117,41.56374781060984],[-4.7965018295094985,41.564025546946063],[-4.7985525812003074,41.564977119405782],[-4.7993025121022113,41.564636181378908],[-4.7993310157053841,41.564721210760602],[-4.7993632898797971,41.564764929007559],[-4.7994446906371886,41.564845977928485],[-4.799531229843339,41.564921992600027],[-4.7995904586102371,41.564968981593239],[-4.7996587455336641,41.565018260578263],[-4.7997156805121515,41.565060332571484],[-4.7997787478649094,41.565098704894247],[-4.7998765980556639,41.565154456108289],[-4.8002731749402745,41.565369454859841],[-4.8005746242029854,41.565501457577881],[-4.8007781643438303,41.565545375617617],[-4.8011353618697887,41.565598863878364],[-4.8013876280152026,41.565635351389766],[-4.8016577507202785,41.565667055964674],[-4.8018676803239195,41.565686192360602],[-4.8020356470816123,41.565701482825304],[-4.8022516958043058,41.565725025993714],[-4.8024616282361023,41.565744251326095],[-4.8027079018256433,41.565780830799099],[-4.8030327249241251,41.565843107127215],[-4.8032624022192669,41.565908227110114],[-4.8035089110724041,41.565970470573816],[-4.8038292610303843,41.566040020269305],[-4.8040044514089084,41.566082124846716],[-4.8042918163656809,41.566151471268675],[-4.8045507065424164,41.566210366657955],[-4.8048225847480701,41.566304991992546],[-4.8050882217820492,41.566390799750117],[-4.8053481071735904,41.566481110559067],[-4.8056072477306975,41.566548914558609],[-4.8058790071973174,41.566639127706203],[-4.8061381477312066,41.566706931402173],[-4.8064094068396406,41.566779136636491],[-4.8066509375758448,41.566856222713326],[-4.8068866041271123,41.566937993029725],[-4.8071942066921522,41.567027549543681],[-4.8074713341577011,41.567095067423551],[-4.807741967487619,41.567144762321959],[-4.8080365837204102,41.56719858365129],[-4.8083311910004776,41.567247809992537],[-4.8085413809629314,41.56727602783176],[-4.8087633052056873,41.567294962867336],[-4.8090687801864176,41.567308079155602],[-4.8093016944132403,41.56729531637427],[-4.8095167537601693,41.567287427667033],[-4.8097732652444458,41.5672607822505],[-4.8100175410502128,41.56722541219748],[-4.8102560740597067,41.567199138869967],[-4.810511834256018,41.567145572397472],[-4.8107681002853671,41.567114425227601],[-4.8110774344862364,41.567051007628443],[-4.8113863966101755,41.566978587358449],[-4.8115282597363569,41.566917897579792],[-4.8117355577033782,41.566842576023134],[-4.8119068908322209,41.566767820111252],[-4.8121426616100695,41.566647104157887],[-4.8123666895539463,41.566531076272696],[-4.8126425358716078,41.566346679802507],[-4.8129942955764999,41.566093623507584],[-4.8132445290169086,41.565851174516865],[-4.8133951102870949,41.565677758976953],[-4.8135210815797933,41.565477802070255],[-4.8136471840028747,41.565286847054949],[-4.8137508135235141,41.565145695652177],[-4.8138313421280827,41.565031929091688],[-4.8139297328087647,41.564917880603481],[-4.8140027583679341,41.564750281566894],[-4.8140648013236209,41.564618792953461],[-4.8141496948117597,41.564451006522944],[-4.814217352955322,41.564305918995807],[-4.8143560706132975,41.564137282892993],[-4.8145489842026912,41.563981212148157],[-4.8147538827606988,41.563824950065289],[-4.8147600023239958,41.563829356854534],[-4.8151700509331992,41.56352583530628],[-4.8155807259524561,41.563244820316029],[-4.8160273657378614,41.562967739075908],[-4.8164620097255693,41.562686342263412],[-4.8166616640497795,41.562557180971552],[-4.8169030181628898,41.562418353420895],[-4.817038121942832,41.562335157517161],[-4.8171382615407605,41.562279621964635],[-4.817310754857612,41.562195564468709],[-4.8174449240248567,41.562126250642407],[-4.8176101184393954,41.562047080806536],[-4.8177619667663363,41.561983792725897],[-4.8179001790774416,41.561938914745333],[-4.8181321918793669,41.561894714642143],[-4.8184178962232389,41.561845160415977],[-4.8187046088510641,41.561831527581589],[-4.8189854567607657,41.561822580307684],[-4.8192784086529237,41.561813350712349],[-4.8195536394026242,41.561817911090593],[-4.8198411096029972,41.561831284743434],[-4.8201229590756975,41.561853752579708],[-4.8204169271499007,41.561885034609077],[-4.8206872958555831,41.561925697384389],[-4.8212517601997487,41.562002139889948],[-4.8215282459852267,41.562047117995533],[-4.8218044828396334,41.562083179941787],[-4.8220807200035809,41.562119242117888],[-4.8223512237728876,41.562168906528427],[-4.8226343357159704,41.562236291218952],[-4.8228154230302902,41.562291874790461],[-4.8229549309348725,41.562357123385688],[-4.8231250421438991,41.562448907740389],[-4.8232832922235858,41.562545293311175],[-4.8234607834469578,41.562681904039721],[-4.823607683231943,41.562801076278298],[-4.8237313521684335,41.562938540432853],[-4.8239029865185969,41.563084250184225],[-4.8240869835923057,41.563243183623783],[-4.8243180455501475,41.563369936082125],[-4.8245663462435644,41.563478490909759],[-4.8248262465709759,41.563568757382612],[-4.8250856476147632,41.56364552099204],[-4.8252779768241041,41.563678404251213],[-4.825511754091055,41.563692705420351],[-4.8256551121709963,41.563685835163838],[-4.825934572112784,41.563627355523181],[-4.8261980902522597,41.563543548267781],[-4.8264254042636798,41.563430504066389],[-4.8267606297312495,41.563231619234159],[-4.8270017196049855,41.563088271360819],[-4.8272298010679178,41.562904690141963],[-4.8274057081210895,41.562780391154995],[-4.8275985855338055,41.562624297387146],[-4.8278037026068894,41.562477015471281],[-4.8279974641351391,41.562352432573505],[-4.8282444144138426,41.562204484601303],[-4.8284806354561924,41.562097149999055],[-4.8287529535444573,41.561998334803874],[-4.8290014206550724,41.561904312703973],[-4.8292741168084863,41.561818913093987],[-4.829546684084308,41.561729098856311],[-4.8298018973014383,41.561657485555415],[-4.8300563548328528,41.561563365822551],[-4.830329683342903,41.56150046884207],[-4.8306033817564904,41.561446573021236],[-4.8308769610513282,41.56139267934774],[-4.8311630335237963,41.561356507732718],[-4.8314433679861919,41.561329523694717],[-4.8317355602794025,41.561297757450298],[-4.8320104023425099,41.561284370650377],[-4.8322965984297417,41.561252698545729],[-4.8325706842206158,41.561216806367867],[-4.8328628766981128,41.561185127324698],[-4.8331364021764101,41.561167613898043],[-4.8334180480541677,41.561144658092488],[-4.8337012063998666,41.561111499788908],[-4.833974967880784,41.561081192752155],[-4.8342751727462669,41.56106145139335],[-4.8345633453842316,41.561036137834407],[-4.8348011004607727,41.561008925385032],[-4.8351298636357027,41.560972962250901],[-4.8354098146341205,41.560932465372723],[-4.8356840219417423,41.560900976266261],[-4.8359704728907662,41.560878388715224],[-4.8362451819206855,41.560860400451396],[-4.8365374969553656,41.560833213513313],[-4.836859531435489,41.560800955657818],[-4.8370977705579641,41.560765624610276],[-4.8373714697870476,41.560716216978818],[-4.8376574075398073,41.56067552886978],[-4.8379378556305417,41.560648526285021],[-4.8384983812359819,41.560589935128228],[-4.8387910742825788,41.560576156541345],[-4.8390720320780449,41.560567158427922],[-4.8393529962350117,41.560562572855076],[-4.83968203897577,41.560566223932149],[-4.8399272940529956,41.560566801915257],[-4.8402627027757728,41.560579266157298],[-4.8405024745806537,41.560597946084691],[-4.8407783296160867,41.56062045921027],[-4.8410666901640758,41.560665197394144],[-4.8413434392387762,41.560719220417873],[-4.8416204479542388,41.560782242703276],[-4.8418797271850069,41.56085446693362],[-4.842145632790861,41.560944598867465],[-4.8424046623299359,41.561007907381573],[-4.8426876629332938,41.561070833743464],[-4.8429758987028091,41.561111065720681],[-4.8432521392931669,41.561147078696116],[-4.8435398651830956,41.561169394817107],[-4.8438215910551703,41.561187302163361],[-4.8440969467579045,41.56119630512363],[-4.8443846625131322,41.5612141158932],[-4.8446776188461644,41.561209414933302],[-4.844958198269155,41.561191311627482],[-4.8452386543756392,41.561168796289344],[-4.8455133612576926,41.561150785899102],[-4.8458115391386061,41.561118977846384],[-4.8460978546880602,41.561091773760936],[-4.8463837891884527,41.561051154066398],[-4.8466579906637923,41.561019637074573],[-4.8469140783019871,41.560979495551976],[-4.8472177456437073,41.560934086369976],[-4.8474735760577392,41.560884940946906],[-4.8477586095407679,41.560812806754868],[-4.8480080622181712,41.56075025338157],[-4.8483049621451091,41.56067792706164],[-4.8488326815723868,41.560516325009246],[-4.8490399207930519,41.560445438865202],[-4.8493473984190096,41.560323493337918],[-4.8503715747134342,41.559955835741604],[-4.8509052894453211,41.559798719348784],[-4.8514389953734103,41.55964151145804],[-4.8519669576263578,41.559488897927558],[-4.8525007868928753,41.559336187425622],[-4.853021981787661,41.559156746924991],[-4.8535306695058127,41.558959492167681],[-4.8540651892762545,41.55879334136803],[-4.8545859212058318,41.55863587962488],[-4.8551559148431727,41.558477617805046],[-4.8553512058127035,41.55841709261297],[-4.8561812498038357,41.558169244602688],[-4.8565610118718601,41.558064127043444],[-4.8569525071436281,41.557954226127436],[-4.8572962952723193,41.557845092018447],[-4.8575506983555927,41.557750914240245],[-4.8581245276050629,41.557534572941762],[-4.8586103710718875,41.557298395438352],[-4.8593364855407515,41.556822710340782],[-4.8599933135145834,41.556402541901093],[-4.8606680850973083,41.555826532941602],[-4.8624600343295512,41.554243381949462],[-4.8620188163888693,41.553965010990154],[-4.8593962275420184,41.552267421584276],[-4.8584882355515564,41.551574164786778],[-4.8571173285307871,41.550671582996529],[-4.8557428748306259,41.549962329519268],[-4.8547080421523283,41.549510311373545],[-4.852523653518638,41.548710233736472],[-4.8512184947349475,41.547783193296972],[-4.8500060854223896,41.547168535042019],[-4.8485890530980287,41.546234440591014],[-4.8466582282709423,41.544959833043556],[-4.8452082216030607,41.543798620025093],[-4.8432214490316898,41.542516205977051],[-4.8422814586427574,41.541926280523647],[-4.8413634002388539,41.541407420033707],[-4.8398949701441385,41.540600854790419],[-4.8391042178624444,41.540008334131549],[-4.8380685634834384,41.539436926929696],[-4.8368534971333634,41.538709945216048],[-4.8354819813995071,41.537498264586212],[-4.834287543143315,41.536459467833723],[-4.8336264219996323,41.535712082501469],[-4.8325771435262626,41.534743094960035],[-4.832225606443699,41.534150099408045],[-4.8314131310405743,41.533462035305817],[-4.8313357409392346,41.533289434380691],[-4.8312865877531577,41.533165922111358],[-4.8312628516338156,41.533080824418157],[-4.8313398895715629,41.532960435863025],[-4.8313638980992364,41.532719478047589],[-4.8314139470886177,41.53189724980674],[-4.8314226120818606,41.531868741123873],[-4.8319640056566149,41.530928077403217],[-4.8320911895654888,41.530703219581675],[-4.8324092676163035,41.530140981539851],[-4.8325719266868949,41.529916008068483],[-4.8327711800191651,41.529301621989909],[-4.8327965177942911,41.529141885199081],[-4.8328717121935814,41.52864638634253],[-4.8328587461135948,41.528186969315733],[-4.8324817970090415,41.528192936905974],[-4.832068475182326,41.528246245536181],[-4.8319592743655164,41.528266245281003],[-4.8318788631169536,41.528275272493957],[-4.8317729357180434,41.528289119566416],[-4.83166061225125,41.528292800643349],[-4.8315511837734002,41.52829301288812],[-4.8314949487306604,41.528287964263534],[-4.8314460977900699,41.528277123666491],[-4.8313301329277456,41.528257985043432],[-4.8311103382275622,41.528219507858715],[-4.8307531378515183,41.528119094216308],[-4.8303975574276983,41.528019132828966],[-4.8302032195039439,41.527964499219529],[-4.8300139923715744,41.527884131526655],[-4.8298628633162455,41.527801412501908],[-4.8297408732456564,41.527752375369282],[-4.8296756414352124,41.527730625336098],[-4.8296753944727753,41.527730538297391],[-4.8296749720187009,41.527730391003693],[-4.8296748258690689,41.52773030866534],[-4.8296745110751722,41.52773023891848],[-4.8296742845444944,41.527730238921016],[-4.8296371140346714,41.527730653952943],[-4.8295796174073242,41.527740486663184],[-4.8295205974917348,41.527751514476044],[-4.8294632079639053,41.52776935971611],[-4.8293585280322242,41.52777633950695],[-4.8292229460147738,41.527758591723369],[-4.8291071683871234,41.527741788748052],[-4.8290261903477587,41.527722181207523],[-4.8288404854817628,41.527699375936805],[-4.8285877052335149,41.527673943552983],[-4.8283885097171861,41.527661529864474],[-4.8282880615572621,41.527657002681337],[-4.8281941088963523,41.52766615259484],[-4.8281229544217172,41.527676200865187],[-4.8280164514858068,41.527669518013013],[-4.8280070783475892,41.527655886574443],[-4.8279672750593816,41.52764273898547],[-4.8279168264404033,41.527626157001748],[-4.8278426766432805,41.527572304102264],[-4.8277763223010828,41.527522829741095],[-4.8276888650478584,41.527481707828173],[-4.8275922450395612,41.527442892251095],[-4.8275035510794293,41.527413138484611],[-4.8274117093686524,41.527382263793548],[-4.8273306700730947,41.527360403413219],[-4.8272361260295584,41.527339929409642],[-4.827059504306666,41.527320399486911],[-4.8269116671592851,41.527301581869175],[-4.8268083139376454,41.527296018731363],[-4.8267231721505786,41.527290256202093],[-4.8266058335743347,41.527273386332602],[-4.8265418360621899,41.527265036006639],[-4.8264884999838484,41.527256606332216],[-4.8264335430219019,41.527245860602839],[-4.8263648918417088,41.527234070538121],[-4.8263235515204403,41.527217434122463],[-4.8262578923976589,41.527201184006373],[-4.8261698599391849,41.527203393013025],[-4.826128558221539,41.527192430228936],[-4.8260883558276113,41.527190636955154],[-4.8260614592112097,41.527191972064145],[-4.8260475520711337,41.52719503371933],[-4.8260292584685072,41.527203560147541],[-4.8260027346860701,41.527217171061281],[-4.8256817439267836,41.527271799410791],[-4.8254874528655831,41.527277692084184],[-4.8253842765930504,41.527280377831417],[-4.8252726415105585,41.527273027249592],[-4.8251142945253411,41.527262601034366],[-4.8249640644280349,41.527278444831175],[-4.8247104121016795,41.527274539612186],[-4.8244759697038662,41.527250733672354],[-4.8242485291216166,41.527227639375951],[-4.8240176040843226,41.527234180212112],[-4.8239232986417644,41.527266311409143],[-4.8238511467467795,41.527306054936503],[-4.8237757926142075,41.527324779491714],[-4.8237014896137396,41.52732392084036],[-4.8236379670040499,41.527303067058035],[-4.8235573359619961,41.527273802908688],[-4.8234650863881168,41.5272403249391],[-4.8234093191937877,41.527181766032392],[-4.8233402351335268,41.527079303644669],[-4.8231819701544394,41.527010012784721],[-4.8229128677310769,41.526923148711568],[-4.8225040361858991,41.52682490692073],[-4.8224119813112463,41.526814889663584],[-4.8222985928006326,41.526810874899994],[-4.8221871309432496,41.526803976116362],[-4.8221372128445674,41.526797124986004],[-4.8219910315624421,41.526781698282676],[-4.8218476201648839,41.526753798041881],[-4.8217375378861238,41.526722036058523],[-4.8216475451475711,41.526701395253049],[-4.8215526262468948,41.526671735506802],[-4.8214528465500877,41.526622696989634],[-4.8213785259814488,41.526553980376953],[-4.8212981009698703,41.526489864749635],[-4.8212437251445399,41.526435693387285],[-4.8211782220587294,41.526356569144056],[-4.8210945067514865,41.526277643282043],[-4.8210186045489438,41.526212375888882],[-4.8209356726403998,41.526169914358363],[-4.8208420799139065,41.526127714385495],[-4.8207624007905014,41.526094388201969],[-4.8206858140962661,41.526064527463319],[-4.8205664063429747,41.526024895930625],[-4.8204563245950194,41.525993043531351],[-4.8203723246323431,41.525972396892548],[-4.8202347895285245,41.525931791080495],[-4.8201519986927588,41.525898605607139],[-4.8200985911033092,41.525883237908332],[-4.8200236367647413,41.52586019609199],[-4.8199108547201037,41.525843247226511],[-4.8198069907397043,41.52581940194397],[-4.8197306685138042,41.525803225897405],[-4.8196211325369713,41.525790818862795],[-4.8195631537425738,41.525779036838756],[-4.819456358035243,41.525757489352159],[-4.8193815921996475,41.525741289341987],[-4.8192642983791902,41.525730084658811],[-4.8191167529548213,41.525717107719458],[-4.8190024794092743,41.525702433273764],[-4.8189400418158819,41.525694144086948],[-4.8188378947029236,41.525675945081012],[-4.8188087314647161,41.525666047672843],[-4.8187733764068463,41.525644720336906],[-4.8187459634936021,41.525641641333948],[-4.8187060660596153,41.525624979333429],[-4.8186740592596813,41.525616298666463],[-4.8186221301331811,41.525606582110164],[-4.8185718883610003,41.525601522404678],[-4.8185325016952003,41.525603136182887],[-4.8184917240840486,41.525615039765633],[-4.8184176153650631,41.525630803073007],[-4.8183419404080601,41.525641997607963],[-4.8182283479019272,41.525655953423545],[-4.8181010727316833,41.52567345804551],[-4.8180193545650241,41.525687089719611],[-4.817900912137862,41.525686260592359],[-4.8177943476506018,41.525677227432205],[-4.8177317791429575,41.525664256092142],[-4.8176554260511537,41.525646910061283],[-4.8175669100401324,41.525627501854274],[-4.8174512624681665,41.525615189368693],[-4.8173521763884333,41.525599282431358],[-4.8172565313933369,41.525599263153183],[-4.8171775739708691,41.525600240989846],[-4.8170802455771184,41.525595744744244],[-4.8169664613537684,41.525602857131382],[-4.8169193746279486,41.525603421159317],[-4.8168159251747165,41.525594336959713],[-4.8167349557597925,41.525574810652088],[-4.8166538165004358,41.525544929084447],[-4.8165567146746513,41.525479901828511],[-4.8164817607503165,41.525388314594608],[-4.816394926406276,41.525373384140586],[-4.8163214633908691,41.525347973652579],[-4.8162508695392194,41.525318015261433],[-4.8161761073351679,41.525301813100739],[-4.8160841693629575,41.525262913821919],[-4.8159783588258342,41.525220811891131],[-4.8159109757503478,41.525194225178971],[-4.815858748071542,41.525165236506631],[-4.81581553567431,41.525137187144267],[-4.8157680808724299,41.525116049982294],[-4.8156670168788711,41.525080717107613],[-4.8156302644771021,41.525065175254518],[-4.8155674438835767,41.525043109783198],[-4.8155139121679413,41.5250232393742],[-4.8154817231816809,41.525012218006708],[-4.8154239648915098,41.525008356439905],[-4.8153509895241049,41.525004645057791],[-4.8152595151402515,41.524990867831605],[-4.8151665729930482,41.524976032883231],[-4.8151009876873383,41.524966530341281],[-4.8150628730765543,41.524957945094044],[-4.8148807664627569,41.524896149846157],[-4.814808703410173,41.524865041962073],[-4.8147471779827002,41.524829265167305],[-4.8146518338610624,41.524775647247871],[-4.8145687832657558,41.524728681329414],[-4.8142216447544115,41.524551318765234],[-4.8141494225977688,41.5245144485826],[-4.8140913695621199,41.524495729673752],[-4.8140089404767528,41.524479647071331],[-4.8139525828468477,41.524470088339172],[-4.8139206145503302,41.524466989987232],[-4.8138324882689529,41.524465768398812],[-4.8134044786474153,41.524473870433852],[-4.8132904840159512,41.524791092326055],[-4.8130935248340814,41.525339298367378],[-4.8127004047315509,41.525768914443688],[-4.8116117914079197,41.525654211453002],[-4.8092707428339931,41.525730617361482],[-4.8076383967575005,41.525518509805387],[-4.8070881757254273,41.52547672035589],[-4.8068551494859859,41.525613596225519],[-4.805802504516647,41.525684266378597],[-4.8051928922451266,41.525730768194023],[-4.8043649962478243,41.525797895988632],[-4.8036337856112388,41.5257903652873],[-4.8024675733592677,41.526204510620737],[-4.8014509228606475,41.52635482869821],[-4.8010058847659316,41.526453942432781],[-4.800205867865234,41.526645259493193],[-4.7995163495433166,41.526503296002936],[-4.7991488308785026,41.526186148209774],[-4.7987791978681509,41.5260305281382],[-4.7981560188418655,41.525959573407683],[-4.7978286342124878,41.525979195405753],[-4.7974738065964928,41.526076883846223],[-4.7971812034183356,41.526075693843339],[-4.7967171301424179,41.52596774861663],[-4.7962012603023965,41.525811432358026],[-4.7957831267862678,41.525509565511449],[-4.7957840301228849,41.525195389046139],[-4.7957557238002098,41.525129629782768],[-4.7949236713410439,41.525393377178254],[-4.7942821844040573,41.524806769974305],[-4.7935217824482406,41.524570673018061],[-4.7933755009254995,41.524290586760223],[-4.7932207288366468,41.523828872204511],[-4.793155269014763,41.523576346973151],[-4.7928706723436516,41.523526023663109],[-4.7922157737911117,41.524063592543243],[-4.7916884813575136,41.524426415462159],[-4.7910219782808552,41.524169924065994],[-4.7905958554849626,41.524411733819818],[-4.7901681434231724,41.524578628641564],[-4.7894869690789692,41.524516006405484],[-4.7888881553369016,41.524097224997419],[-4.7882858176053826,41.523881061698425],[-4.7880713635501433,41.523696782181823],[-4.7878305755516921,41.523108678556426],[-4.7875619710742994,41.523256066374081],[-4.7870972067026711,41.523417941621922],[-4.7860865095680927,41.523841123390547],[-4.785766543855555,41.523977685158293],[-4.7855586054271368,41.524047656683521],[-4.7850067574278148,41.524229159916871],[-4.784469574499064,41.524373054338028],[-4.7839093597937863,41.524507576200804],[-4.783504548009061,41.524596811027777],[-4.7823824212669761,41.524651502516448],[-4.7827603531333995,41.525438795693539],[-4.7837308554168079,41.528377487889465],[-4.782615171925289,41.528446582999642],[-4.781696258965594,41.528645381127347],[-4.7802333114751825,41.528875565024187],[-4.7773776491394218,41.529608513825124],[-4.7764601487492637,41.529772480891914],[-4.7759228643798251,41.529792310581058],[-4.7745450663613482,41.53009613591454],[-4.7718172455473145,41.530374462557347],[-4.7705924636524832,41.530312630335864],[-4.7692205876813007,41.530425982670721],[-4.7688517950504439,41.530440304061628],[-4.7669842844441499,41.530633310362965],[-4.7654293906686993,41.530611083645965],[-4.7652709408791685,41.530708540206888],[-4.7653017162022699,41.530958821932614],[-4.7652235655933621,41.531311654140879],[-4.7652341063950709,41.531752474557116],[-4.7646755377371237,41.532083769837776],[-4.7645097915148362,41.532230425739122],[-4.7648883566673215,41.532769446348766],[-4.7652544111482715,41.532671504866983],[-4.7657307087497056,41.532554665029942],[-4.7659693349954519,41.53265484996853],[-4.7662994022189604,41.533084906126774],[-4.7668209754564765,41.533385290654785],[-4.7673316925098614,41.534075030373295],[-4.7677966132267517,41.533874682090271],[-4.7679209656164625,41.533757481862537],[-4.7683611043749137,41.533355936716028],[-4.7684835431354404,41.533146531300197],[-4.7687092441222836,41.532578231636705],[-4.7686102152444168,41.532449964232356],[-4.7698537433810353,41.531474015851423],[-4.7705682151067679,41.531705122142149],[-4.7697966722069225,41.53248079325548],[-4.7701981306092422,41.532921267883722],[-4.7709257284957198,41.532705513378168],[-4.7715820995909697,41.532493554850923],[-4.771953666667744,41.532738671753435],[-4.7718014820458983,41.533311609066423],[-4.770730085502997,41.53352699062723],[-4.7696552514983113,41.533889319055362],[-4.7692309972602329,41.534328184220442],[-4.7691209547372182,41.534759419968644],[-4.7694013117903689,41.53489921622721],[-4.7698285478078573,41.534912815266452],[-4.7705971028496359,41.534699224411831],[-4.7710083609836014,41.534799441953766],[-4.7713531268504212,41.535243757886633],[-4.7711484722864013,41.535422817910792],[-4.7715372911152381,41.535877893257016],[-4.7717388936626444,41.535837407055546],[-4.7722600406497033,41.535659232721834],[-4.772559970039266,41.535914099283424],[-4.7731214542271703,41.5357381804032],[-4.7732504219772345,41.535750692273758],[-4.7732281938985501,41.535889292375934],[-4.7730340046863855,41.536166189042483],[-4.7727544373138802,41.536398196719965],[-4.7728810082705877,41.536502887125756],[-4.7733558097003028,41.536172754303117],[-4.7737444787587506,41.535976532286803],[-4.7738968157686594,41.536072177440573],[-4.7735583878616223,41.536760486136352],[-4.7739866138921112,41.537024808270402],[-4.7741392527386539,41.537368320096007],[-4.7750866401314536,41.537048088315004],[-4.7753420514474758,41.537090260395118],[-4.7762077123530808,41.536872249322293],[-4.7764499184001057,41.536983797496646],[-4.7761690035163324,41.537319593331382],[-4.7763117155579584,41.537536437108884],[-4.7768573076625769,41.537585739736798],[-4.7776156716385243,41.53786223831333],[-4.7789137157713473,41.538225494604788],[-4.7788688634255001,41.538351746104503],[-4.7788617779192473,41.539580764552632],[-4.7784463111847346,41.539954406773568],[-4.7780284522237402,41.540634906777221],[-4.777949219928403,41.540763938626156],[-4.7779899023816093,41.540783863990207],[-4.7780079628207313,41.540792709514278],[-4.7782700917321659,41.540921306293598],[-4.7784565376180206,41.54101277345363],[-4.7786769430577749,41.541120899073775],[-4.778845039814434,41.541203364322655],[-4.7791068997804516,41.541331824625821],[-4.7793808081224238,41.541466196381691],[-4.7796022276395762,41.541574816098908],[-4.7799139036355633,41.541727711762931],[-4.7801225689734697,41.541830070920099],[-4.7801678289289447,41.541852275412033],[-4.7802491297059273,41.541905418748371],[-4.7805821191641673,41.542124490947089],[-4.7807965194390167,41.542265542657098],[-4.7808047567822216,41.542270961477286],[-4.7810826159780495,41.542394774935211],[-4.7813339314246628,41.542506760505304],[-4.7813565730339729,41.54251335755297],[-4.7816003462030761,41.542584386345709],[-4.7818378899350646,41.54265359901725],[-4.7818829548161421,41.542686556430731],[-4.7821389328724146,41.54287375534615],[-4.7824057545592451,41.543068883615291],[-4.7824065436706436,41.54306946042864],[-4.7827444447879905,41.543310078264753],[-4.7830679535957028,41.543540444250141],[-4.7831379864975583,41.543584753425094],[-4.7833963993744355,41.543743769804927],[-4.7835889553240545,41.543905699722657],[-4.7837637034147464,41.544091503577718],[-4.7839719474903362,41.544274535646622],[-4.7841800836219868,41.544449282700391],[-4.7841821455227551,41.544450889045443],[-4.7844362612776656,41.544648863111398],[-4.7844368503461965,41.544649226851213],[-4.7846638473866685,41.544789620835942],[-4.7849260350403737,41.544919933324984],[-4.7849285384813527,41.544921071649981],[-4.7852680468179809,41.545075486629507],[-4.7855523988246409,41.545178973329506],[-4.7855576939860036,41.545181006792824],[-4.7858280654165846,41.545284845956743],[-4.7858354058082941,41.545287528553075],[-4.7860051288127545,41.545349556509294],[-4.7860829620403624,41.545372215404122],[-4.7863505820715941,41.545473167949687],[-4.7866079876449694,41.54556887450525],[-4.7868071791878304,41.545685458906718],[-4.7869305988899047,41.545732392751141],[-4.7870754914215601,41.545752780031663],[-4.7871841840003926,41.545783261860237],[-4.7876259633727214,41.546044488017699],[-4.7877079330872236,41.546083725230574],[-4.7878400138076218,41.546099544353893],[-4.7880049267454563,41.546098171091664],[-4.7881270678581718,41.546098653606101],[-4.7882336179369425,41.546108912265538],[-4.7883439943860528,41.546142940712862],[-4.7885844302456713,41.54623452316234],[-4.7891765920806,41.546542255679114],[-4.7894986857353867,41.546544069412704],[-4.7895746259949847,41.546813126809646],[-4.7898354736572601,41.546747582403832],[-4.7899325798245913,41.546748930136033],[-4.7900020945185853,41.546785023491644],[-4.7900801656937597,41.546855300541459],[-4.7901681737586861,41.547009782693038],[-4.7902765581330602,41.547143928834942],[-4.7902545888962811,41.547188509880613],[-4.790276181240503,41.547219338193877],[-4.7903018113001155,41.547209661994948],[-4.7903275652473525,41.547243576981309],[-4.7902602369671152,41.547267232699483],[-4.790257924585994,41.54727033103746],[-4.7902587534766923,41.547271736706712],[-4.7902793985529213,41.547306731024833],[-4.7903297435026841,41.547392067698539],[-4.7903773755434793,41.547375923270266],[-4.7904355128746481,41.547463615416369],[-4.7904920941217837,41.547548961166726],[-4.7905118641855244,41.547578916230627],[-4.7904658986986535,41.547594674484237],[-4.7905227152083691,41.547681066750648],[-4.7905834692358713,41.547662466142881],[-4.7906482749112449,41.547768635423097],[-4.7906910840578272,41.547838766871777],[-4.7907365758962071,41.547905790584828],[-4.7907635392916523,41.547935723617037],[-4.7908179927768764,41.547997293657311],[-4.7908486882526731,41.548032122292518],[-4.7910442095006953,41.548176413720995],[-4.7910922989937736,41.548218818046223],[-4.7911430109025757,41.548263532276373],[-4.7911443356346348,41.548264700538688],[-4.7911582022657848,41.54828135699664],[-4.7912127807482934,41.548346908621696],[-4.7912400303637348,41.548379637305246],[-4.791268198043781,41.548415218554105],[-4.7913633502456943,41.548535414655078],[-4.7914630764329962,41.548632280128722],[-4.7916284043072315,41.548818400470054],[-4.7916292351081777,41.548819265688692],[-4.7916974397060663,41.548890246590425],[-4.7916991140025251,41.548892132647104],[-4.7917749113274297,41.548977506981643],[-4.7917773218296036,41.548980045366271],[-4.7919123388843836,41.54912227633401],[-4.7916533022693333,41.549333712538797],[-4.7915877423472022,41.549386857786644],[-4.7914050306132605,41.549536326634538],[-4.7914028107506477,41.549533441210258],[-4.7913928568701349,41.549520504884207],[-4.7913739412631164,41.549530256831119],[-4.7913886825329417,41.549549700753857],[-4.7913938501514046,41.549556517662822],[-4.7914124611177584,41.54957919508071],[-4.7913627425823782,41.549597983535037],[-4.7913921012186558,41.549640849831128],[-4.7914561477754702,41.549730782100603],[-4.7914806632904403,41.54976520607962],[-4.7915029235654156,41.549798545649317],[-4.7915307496344353,41.549840223471278],[-4.7915646779670666,41.549891039093801],[-4.7915687463189078,41.549889569721756],[-4.7916325619264084,41.549860203606507],[-4.7916690345505533,41.549914316577443],[-4.7916788200331943,41.549928835302381],[-4.791685048622762,41.549937294721111],[-4.7917045186864469,41.549966324732978],[-4.7917314404359272,41.550006465621543],[-4.7917596992112541,41.550052861628679],[-4.7917621831959538,41.550055975305334],[-4.791712269960227,41.550072064893946],[-4.7917324788196325,41.550109218361484],[-4.7917432129607533,41.550128867000133],[-4.7917590020948682,41.55015789312732],[-4.7918138195891666,41.550249900100333],[-4.7918547115363053,41.550237103479198],[-4.791897805429584,41.550317042949487],[-4.7918585404033562,41.550328013759668],[-4.7918987446474013,41.550416195393161],[-4.7919013836003419,41.550422314034023],[-4.7919360216814386,41.550502620372349],[-4.7919655142622135,41.550571964526199],[-4.7919747872169323,41.550604339161922],[-4.7919862152112982,41.550644237839933],[-4.7919863739674335,41.550644863141706],[-4.7920043733165425,41.550715650104785],[-4.7920044931321257,41.550716645293896],[-4.792006705772117,41.550734978444581],[-4.792007916695237,41.550735409909691],[-4.7920103758479708,41.550737623283872],[-4.7920218312669158,41.55078897282236],[-4.792031722362629,41.550833304299516],[-4.7920362155327556,41.550844042459985],[-4.7920445676528765,41.550842561233168],[-4.7920547773619884,41.550864919165285],[-4.7920591581507912,41.550875929281808],[-4.7920679773525805,41.55087382110149],[-4.7921022643474389,41.550865669505889],[-4.7921961461846747,41.550843350561401],[-4.7922044734268701,41.550840969027142],[-4.7922323190870131,41.550833329428329],[-4.7922504739436373,41.550878530905933],[-4.7922218469873021,41.550883930980888],[-4.7921813334425032,41.550893119999436],[-4.7921973651542702,41.550922232347773],[-4.7922223638541128,41.550967777472692],[-4.7922362188953551,41.550991880822892],[-4.7922527275671234,41.551020895658304],[-4.7922529235456253,41.551021132184687],[-4.7922894810412879,41.551065341504511],[-4.7923097885886943,41.55108989996463],[-4.792353851366455,41.551144154658637],[-4.7923811287349718,41.551176694373929],[-4.7923413364820231,41.551198932115348],[-4.7923179533217901,41.55121190626577],[-4.7925127135228536,41.551399906298975],[-4.7925707261218147,41.551472950508227],[-4.7925923314010381,41.551505150794469],[-4.793128620675966,41.551349989718524],[-4.7934203110901548,41.551252023216108],[-4.7937053683694826,41.551143674618551],[-4.7939648992687385,41.551030003436374],[-4.7944244737630548,41.55080835523453],[-4.7949826143851499,41.550526066018207],[-4.7955673586418088,41.550242404737425],[-4.7962178724833526,41.549905285848425],[-4.7965255951598413,41.549755012274034],[-4.7965990781320578,41.54982556277519],[-4.7966388830144817,41.549863779048238],[-4.7966742373260685,41.549846541328343],[-4.7966764228200338,41.54984549300093],[-4.7967012169981311,41.549833600150883],[-4.7967525328303848,41.549886513063164],[-4.7967708279294419,41.549905377443345],[-4.7970371822522022,41.550197452389526],[-4.7970488020655049,41.550210060448045],[-4.7970323687562537,41.550227160122702],[-4.7969594093103405,41.550302968193407],[-4.7968510784658855,41.550413374943211],[-4.7967758561504601,41.55049840523877],[-4.7966342258438486,41.550655126605406],[-4.7963655303853603,41.550952478371876],[-4.7962742034872221,41.551053505744378],[-4.7961828873593877,41.551073656009407],[-4.7960360949902823,41.551106134161969],[-4.7958926429160034,41.551139088644661],[-4.7958087074056284,41.551182400570816],[-4.7956359942320441,41.551271356087845],[-4.7955202590518899,41.551330988627896],[-4.7954027139697057,41.551312198893115],[-4.7954026500957436,41.551312273746767],[-4.7953934188399598,41.551322972131317],[-4.7953288195271675,41.551397657844284],[-4.7953221076942736,41.551402085947657],[-4.7952985702372981,41.55142137960469],[-4.7952670778249766,41.551471668414621],[-4.795241480762841,41.551499899281865],[-4.7952113404095833,41.551532975617185],[-4.7951864636930548,41.551561285291072],[-4.7951931339108143,41.551650709955709],[-4.7951857359903549,41.551647245268668],[-4.7951631451280834,41.55168458732058],[-4.7951940498285941,41.551701134822373],[-4.7952000946693216,41.551702931857953],[-4.7952126340735042,41.551852790784402],[-4.7953362189961091,41.552075383972777],[-4.7953425707049666,41.552102779031912],[-4.795346242756942,41.552118483640299],[-4.7953555842686617,41.552149279819773],[-4.7954286154617947,41.552391454284766],[-4.794881163783046,41.55263795672812],[-4.7948622827641803,41.55264645855793],[-4.7944596265237074,41.552828109636742],[-4.794035237416935,41.552972380571767],[-4.7923543817299912,41.552116264062171],[-4.7920148692380504,41.552562896587453],[-4.7934142778248479,41.553269722927716],[-4.7930853971555036,41.553773283367754],[-4.7928253699758807,41.55417141407289],[-4.7928271696577038,41.554201645356642],[-4.7926963890570615,41.554405649634262],[-4.7924444077313648,41.554787293975473],[-4.7924373411782657,41.554797997096436],[-4.7924128043086727,41.55478237275014],[-4.7921610575977942,41.554627229088091],[-4.7919861735518161,41.55452688757368],[-4.7918519170041085,41.554461658825616],[-4.7916834233593644,41.554391601780594],[-4.7914346004200041,41.554686809281769],[-4.791297494874355,41.554845036046316],[-4.7912527127244102,41.554906206637149],[-4.7912282724901383,41.55495199181108],[-4.7913802669712791,41.55498320887547],[-4.7914039754111961,41.554988077785033],[-4.7916662712360347,41.555041993930018],[-4.7916057830647416,41.555345837310682],[-4.7916858125226263,41.555348089136267],[-4.7916207267092226,41.555672371316177],[-4.7916120073991104,41.555703990587318],[-4.7915991333581509,41.555781150096884],[-4.7915544123850786,41.556049220238556],[-4.7915186075950444,41.556043157334059],[-4.791468979311527,41.556037823238867],[-4.7913711899650853,41.556027310454837],[-4.7913454708266254,41.556024546246533],[-4.7913155892610151,41.556021335307804],[-4.7913115230420251,41.556020898792674],[-4.7913071947588737,41.556034200876184],[-4.7912266061529456,41.556281525049506],[-4.7912594260370982,41.556288266836333],[-4.7913619159883023,41.556309319209156],[-4.7914206126107315,41.55632174721535],[-4.7914328382735203,41.556324336197967],[-4.7915241423305215,41.556343538912131],[-4.7916875661400757,41.556377649652688],[-4.7917208437691112,41.55638424636809],[-4.791874557151071,41.55641409484722],[-4.7919215609599473,41.556422729248126],[-4.7919456696277747,41.55642730718764],[-4.7920113647859788,41.556439703252302],[-4.7920361101922566,41.556445235877973],[-4.7920953428162374,41.55645847930694],[-4.7922525901794772,41.556490535600105],[-4.7923801808950728,41.556516546663573],[-4.7924275742752274,41.556526255601753],[-4.7924794795366026,41.556537338861034],[-4.792602118148098,41.55656352507048],[-4.7926475073966932,41.556573216533607],[-4.7927092507370039,41.556586399775185],[-4.7927129719703032,41.556587194688397],[-4.7927164406815068,41.55658792058432],[-4.7928282756312202,41.556611336108624],[-4.7929772812588434,41.556642576930663],[-4.7930845762928005,41.556665072264749],[-4.7934506508501542,41.556738081152531],[-4.7934660448398096,41.55674115098882],[-4.7936599589494007,41.557238819444613],[-4.7938958294462548,41.557714133528961],[-4.7935762576039505,41.558072729083378],[-4.7926897623251188,41.559012614995844],[-4.7904729817633109,41.561289864938381],[-4.7898015934728955,41.562024769029669],[-4.7888476863379728,41.561778671948943],[-4.7871102132682397,41.561259182913965],[-4.7890093060629582,41.558150723810996],[-4.7888330750341126,41.55808793269135],[-4.7887470910772203,41.558057296461527],[-4.7886652913043539,41.55802623658888],[-4.7886611107830772,41.558024659693217],[-4.7886072463894473,41.557974257964375],[-4.78860387231461,41.557970486163967],[-4.7886014319092336,41.557966436836622],[-4.7885998370191389,41.557961826738229],[-4.7885993516591885,41.557957967658588],[-4.7885994994294494,41.557954847195191],[-4.7886000719253365,41.557951952499451],[-4.7886027124284132,41.557945952496489],[-4.7886160243966742,41.557924486549446],[-4.7886160530710784,41.557924439267758],[-4.7886193874544487,41.557919032826092],[-4.7886806603969712,41.55781975457279],[-4.7887158072431166,41.557762807812473],[-4.7887513764221463,41.557705176255077],[-4.7887863979854703,41.55764843047308],[-4.7888216996094135,41.557591232682618],[-4.7888544013109513,41.557538246402949],[-4.7888571147942374,41.557533850275199],[-4.788822673435936,41.557297005841669],[-4.7888196017923033,41.557185643660233],[-4.7888372525600751,41.557127681144095],[-4.788846776659728,41.557096404429288],[-4.7888929777766407,41.55694382129542],[-4.7888952538468557,41.556936305702777],[-4.7889584382881507,41.556751222798013],[-4.7889865361644075,41.556668940451871],[-4.7889929318903848,41.556631282433223],[-4.7889998755084218,41.556590882314133],[-4.7890052357783546,41.556560027055966],[-4.7887652759673518,41.556529175058806],[-4.7887517713169236,41.55652816567715],[-4.7883991487878284,41.556501817561347],[-4.7882689032537735,41.556492405129625],[-4.7882528415173926,41.556491243623107],[-4.7882731181735858,41.556223214539401],[-4.7884085558244704,41.556225340726414],[-4.7884338959778008,41.556226451529653],[-4.7886830092022281,41.556237372889179],[-4.7888101486153065,41.556242960251382],[-4.7888115758653775,41.556232102823699],[-4.7889239980665295,41.556227496372173],[-4.7889480979373351,41.556054617086232],[-4.7889582362717382,41.555981885864071],[-4.7889747510143303,41.555863278185171],[-4.7891029652127415,41.555872991642651],[-4.7891408050637274,41.555875465028727],[-4.7891515477106665,41.555832168615993],[-4.7891636637969013,41.555783326034906],[-4.78918887619262,41.555681707639572],[-4.7892043083323275,41.55561949954177],[-4.7892189367159563,41.555560539205715],[-4.7892289778476078,41.555517592359827],[-4.7892489699739658,41.555432083758724],[-4.7892781467401306,41.555311747782312],[-4.7892850145161798,41.555278214727693],[-4.7895966072322347,41.555233805361311],[-4.7896511672117317,41.554992028598612],[-4.7896772673259722,41.554730676302299],[-4.7896848491202837,41.554660496812843],[-4.7897616128647593,41.554372618679253],[-4.7898153953425906,41.554148727077212],[-4.7898207924451981,41.554102888330476],[-4.7902076080824907,41.55401393368026],[-4.7903106156622064,41.553677032974022],[-4.790389339471572,41.553437322139018],[-4.7903982871543391,41.553405189604462],[-4.7903927226092335,41.553375964429996],[-4.7903777415167976,41.553350460727906],[-4.7903475599515994,41.55332590890611],[-4.7903070717849614,41.553307236932348],[-4.7902525296287184,41.553296647683474],[-4.7896413650443064,41.553222518517806],[-4.7889980975228612,41.553141310956875],[-4.789006643355858,41.553111626533379],[-4.7893150742670647,41.552040265381756],[-4.789337522806302,41.551959995594295],[-4.7893774179566551,41.551817340380452],[-4.7916589466175727,41.552428837637642],[-4.7919476503143708,41.551960481091747],[-4.7892031209536015,41.551309277379254],[-4.7892165665895776,41.551280713679475],[-4.7892339708167766,41.551243740826735],[-4.7892486462378958,41.551213815963017],[-4.7892133693745178,41.55120983459296],[-4.7892314316906486,41.551178115994382],[-4.7892318960056581,41.551177300854143],[-4.7892764494731255,41.551100686949368],[-4.7892767711270308,41.551100133426381],[-4.7894401906712636,41.550820279046654],[-4.789501032699869,41.5507160865508],[-4.7895490511171079,41.550633665030368],[-4.7895621759149503,41.55061012759549],[-4.7895861995067435,41.550561291411121],[-4.7895462715394297,41.550546425728633],[-4.7895537790017197,41.550535057514573],[-4.7895617604217469,41.55052378910311],[-4.7896237520865199,41.550436251202129],[-4.7896947955643991,41.550329748950993],[-4.7897291595379317,41.550278234338634],[-4.7899413942066094,41.549961218080526],[-4.7899635415171957,41.549928135169765],[-4.7898046844930011,41.549867101376584],[-4.7888357875147181,41.54947348722532],[-4.7884949711762665,41.549308400553926],[-4.788132659053459,41.549111476588948],[-4.7879163334319381,41.548974240900037],[-4.7872325344342288,41.548458514092928],[-4.7867958685168901,41.548118566551437],[-4.7862999600972733,41.547735211601896],[-4.7857641313941057,41.547318874560169],[-4.7851816850080917,41.546868227670856],[-4.7847140110761144,41.54650730555236],[-4.7842550990958452,41.546153394228902],[-4.7839536325982612,41.545918574469631],[-4.7836700179305716,41.545709929132151],[-4.7831235063845003,41.545353798420415],[-4.7824570666316575,41.544927317614736],[-4.7816918647376081,41.54443873558003],[-4.7813421198984694,41.544212520944612],[-4.7809247921042566,41.543950891585489],[-4.7806632198799948,41.543781933567082],[-4.7804670067345372,41.543671299846849],[-4.7802014647489495,41.543530998104266],[-4.7800481853425616,41.543459020024912],[-4.7798939743832261,41.54338777130608],[-4.7794075620814924,41.543174390166158],[-4.7785965851800212,41.542819471137321],[-4.7778866078888633,41.542503735007884],[-4.7776977476703175,41.54241800473369],[-4.7773775303720525,41.542261384689361],[-4.7771443402518168,41.542120575604272],[-4.7771334338155338,41.542113989961116],[-4.7771254230498421,41.542131977999318],[-4.7760860108246286,41.544465823460385],[-4.775595603324625,41.545804986900755],[-4.7750336696786251,41.546712828993428],[-4.7739210634299161,41.548082218025925],[-4.7719275679247515,41.547683873402576],[-4.7697788912520265,41.547292118197156],[-4.7695965612344926,41.547130547210962],[-4.7694136074109874,41.547231899248942],[-4.7690952675297256,41.547420451125731],[-4.7690070890169887,41.547480083331955],[-4.7688768420182077,41.547535769297056],[-4.7686103449636361,41.547642638744996],[-4.7684508675082204,41.547725704428878],[-4.7683266105682467,41.547781297623956],[-4.7682325624922353,41.547845522952834],[-4.7681209059072795,41.547927942677887],[-4.7680213562469058,41.548014679521238],[-4.767921930216799,41.54810591870524],[-4.7678301970293768,41.548193615996361],[-4.7677349372158062,41.548288212653851],[-4.7676473735438147,41.548374854928724],[-4.7675598099893577,41.548465910493704],[-4.767495847178691,41.54853867948664],[-4.7674557373193363,41.548611171778795],[-4.76741012195055,41.548701672341586],[-4.7674141910261554,41.549115299102624],[-4.767570157958108,41.54913208567595],[-4.7677021080312132,41.549151943404127],[-4.7678938874164487,41.549167368224921],[-4.7680916592546856,41.549182700558667],[-4.7683255186872007,41.549211077789131],[-4.7685386112176742,41.549247429854489],[-4.7686319075208852,41.549269954545643],[-4.7688124342233822,41.549312480543335],[-4.7689987158157301,41.549350505240753],[-4.7691792471298005,41.549397535816141],[-4.769323822585716,41.549440615188203],[-4.769517202851846,41.549523475777868],[-4.7697048330994392,41.549615339539706],[-4.7698563824023594,41.549698751641628],[-4.770056495243848,41.549813030739465],[-4.7701715935666558,41.549869984017263],[-4.770317644768892,41.549975908124971],[-4.770433235575144,41.550055280611467],[-4.7705555593151026,41.550166073256726],[-4.7707265665597589,41.550312145087481],[-4.7708143416666999,41.550395908650067],[-4.7708994212730875,41.55047755022229],[-4.7709610748453057,41.550610263888231],[-4.7710118512139816,41.55073098494389],[-4.7710631170153226,41.550869713032995],[-4.7711206232121812,41.551021766055975],[-4.7711899942554163,41.551169220179965],[-4.7713556641212396,41.551589633602823],[-4.7716218160292518,41.552444884474689],[-4.7716782177913561,41.552552008224339],[-4.7717296113817014,41.552699650772318],[-4.7717872432150932,41.552851791536185],[-4.7718202883214422,41.552981701342382],[-4.7718773045984513,41.553111334425807],[-4.7719526756034645,41.553263198964963],[-4.772020573972978,41.553347718269819],[-4.7720756242895055,41.553396499179705],[-4.772196845960206,41.553462270942582],[-4.7723782563518702,41.553545310228039],[-4.7725233303886583,41.553606303231504],[-4.7727156191138977,41.553644228287105],[-4.7729014199757369,41.55365973777014],[-4.7730746212280719,41.553652921478026],[-4.7732472027462016,41.553619095753717],[-4.7734018050053457,41.553581132882726],[-4.7736033704752829,41.553506507925078],[-4.7736744312468353,41.553478572033804],[-4.7737336250413653,41.553450816502625],[-4.7738104322317749,41.55341378501705],[-4.7738718469273573,41.553379510217489],[-4.7739745988352711,41.553322171339261],[-4.7741665188603664,41.553662373837149],[-4.7740473643819765,41.554273261798201],[-4.7739542536402748,41.554749182764873],[-4.7726378199154746,41.555225240931769],[-4.7711537755810305,41.555716116848366],[-4.7694510144638551,41.556295906408437],[-4.7681692718098612,41.556295993848316],[-4.7669160373343784,41.556396238850304],[-4.7656701435856936,41.556462309768172],[-4.7646589106127202,41.556492969175039],[-4.7631178143430839,41.556577685357055],[-4.7612404465509863,41.55674535263627],[-4.7603474192221649,41.557491113395642],[-4.7594213719478846,41.558328974025656],[-4.7582221431827847,41.560393239123322],[-4.757812035632905,41.561102139414949],[-4.757537957730853,41.561949916446231],[-4.7573282686009897,41.562722401073181],[-4.7570418705798705,41.563549738540857],[-4.756836212306947,41.564024123312372],[-4.7563773296650957,41.566485332274581],[-4.7564190580112342,41.567224700760057],[-4.7565927349169028,41.569076294422395],[-4.7568273734483562,41.570264588777235],[-4.7570711353304533,41.571085352597692],[-4.7572492320301629,41.571925853843858],[-4.7574211102303954,41.573076736713972],[-4.7577245720877919,41.57422299504146],[-4.7579933201906766,41.575309526696778],[-4.7578856098572651,41.576123774846813],[-4.7577528696470157,41.576966145671598],[-4.7574343957703613,41.578036978777142],[-4.7570904789124056,41.579165303022492],[-4.7563544929665156,41.580885604687602],[-4.7556741029689009,41.582201815307549],[-4.7556020781768735,41.582334366264995],[-4.7555574394464202,41.582416516489474],[-4.7559384381336338,41.582421058145805],[-4.756398429163629,41.582426539629203],[-4.7566237699595106,41.582429224270953],[-4.7566567186113131,41.582349555339725],[-4.757286474400976,41.580826775359007],[-4.7578382732788285,41.579485322041471],[-4.7582867773824278,41.578316575561338],[-4.7585295661618821,41.577538270516236],[-4.7617469530578882,41.577422485574516],[-4.7640919051481143,41.579099194299133],[-4.764433027929508,41.579349704160592],[-4.7643892043165463,41.5793836804568],[-4.7643910459068319,41.579385101384339],[-4.7644117568044937,41.579401083096521],[-4.7645211070262858,41.579467401416572],[-4.7646455034734183,41.579542844913618],[-4.762576070880213,41.581558793124167],[-4.762567864235292,41.581565351632506],[-4.7602089420028868,41.583450427145294],[-4.7594367708261966,41.584061661726373],[-4.7582456336675945,41.585095792721489],[-4.7581903214090389,41.585067001015645],[-4.7579897832197879,41.5849626135454],[-4.7579239237421254,41.584928331253835],[-4.7578042564150902,41.584866040131473],[-4.7563270082276725,41.58647679200363],[-4.7557312414299426,41.587156724591942],[-4.7556701676750652,41.587304215347167],[-4.7556733953547239,41.58742331888876],[-4.7554900738074224,41.587510717160292],[-4.7553522724823232,41.58764300161166],[-4.7547869515301038,41.588622426035826],[-4.7541728605215487,41.588476128851092],[-4.7520214903030835,41.593599308347507],[-4.7518473327642097,41.593560209232528],[-4.7507251734835307,41.593308273447605],[-4.7496377580911524,41.593063002308263],[-4.7495717199358722,41.593013236215427],[-4.7500605559889131,41.592670227716148],[-4.7499925392729345,41.592630667872932],[-4.749928267199687,41.592593285564192],[-4.7498205123191237,41.592530617516552],[-4.7496257034856049,41.592416493804535],[-4.7495995317538515,41.592398158048191],[-4.7492732160373681,41.592239200999948],[-4.7491730365033336,41.592194880090567],[-4.7487779895298843,41.592049847312047],[-4.7484088725738891,41.59190081510328],[-4.7484112085785775,41.59160940764599],[-4.7484681838362199,41.591257543953418],[-4.7486153216784803,41.59102797200002],[-4.7493816498394441,41.590011297311541],[-4.7494127878740251,41.589969986522981],[-4.7470615458079264,41.589735488297606],[-4.7470542965358264,41.589777241462386],[-4.7470125931710081,41.590017441115812],[-4.7467046000214683,41.589987642181306],[-4.7466453395621135,41.589982139796305],[-4.7466228386133302,41.589980050787716],[-4.7465962314844132,41.5899775801361],[-4.7465715984706618,41.589975129918493],[-4.7464391225527613,41.589961953819021],[-4.7463639502621389,41.589954989872396],[-4.7462090862164672,41.589940078498131],[-4.7461594227295389,41.589935296514611],[-4.7461640481407619,41.589899572794408],[-4.7466394349159335,41.588720680040225],[-4.7454664915038771,41.58885303339779],[-4.7427951384787352,41.589695271067455],[-4.7425627218542497,41.589734551947799],[-4.7421436912793533,41.589825388782138],[-4.7416624802099099,41.589928424837233],[-4.7411026917973889,41.590058498748533],[-4.7409854552962347,41.590089006319978],[-4.7405265117304953,41.590208272870768],[-4.7396688142256034,41.590387434389193],[-4.739586979060765,41.590431635473315],[-4.7386057529854329,41.590961584268989],[-4.7376661865514622,41.590956067734218],[-4.7341933350695395,41.592050071697372],[-4.7328136749375256,41.593063434955347],[-4.7322154924844773,41.593159277303535],[-4.7297158056264887,41.595047290965383],[-4.7284024073433022,41.596503101185235],[-4.7243258312669907,41.596809497301365],[-4.7236021903019987,41.596863854276066],[-4.7235092311631002,41.596472549476218],[-4.7233425093292922,41.596330575625835],[-4.7230402615265081,41.596073191669447],[-4.7228104990663207,41.595969814145526],[-4.7223040405827801,41.595712603200781],[-4.7219273649385443,41.595521447182186],[-4.7215740512488935,41.595351376210786],[-4.7213799794456497,41.595281597028624],[-4.7213087489906052,41.595256002728654],[-4.7209328438932578,41.595134276219518],[-4.7202423018390309,41.59496141393474],[-4.7199929317946232,41.594905519898383],[-4.7195097613865569,41.594797281932053],[-4.7178536044150396,41.59411311644724],[-4.7170123335799232,41.593874936169271],[-4.7166792275893501,41.593823797522802],[-4.7161297802562654,41.593713293578965],[-4.7140465060071159,41.593294936684067],[-4.7140216757873263,41.593245319105804],[-4.7139003859695237,41.59318669199881],[-4.7127559641380339,41.592626680502519],[-4.7127372813632604,41.592614349348132],[-4.7119350718898243,41.592218380513017],[-4.7117307623381501,41.592096228506662],[-4.7111027538593486,41.591685769452361],[-4.7106319118986537,41.591565871722565],[-4.7106035487473443,41.59159124275287],[-4.7100856861097773,41.591508068962767],[-4.7101563110484532,41.591283647070831],[-4.7101463284201586,41.591282714779886],[-4.7102358302585516,41.591000730349506],[-4.7098370918278807,41.591075924245196],[-4.7097288275598936,41.591101584755933],[-4.7095948864496213,41.591122580555044],[-4.7095528866080043,41.591131312290855],[-4.7094776949536135,41.591141707658245],[-4.7093313796441478,41.591162077475175],[-4.7092209229134854,41.591177410460375],[-4.7090930919144371,41.591193452028179],[-4.7088032095346781,41.591229285952856],[-4.7087209157116519,41.5912432990757],[-4.708597499209846,41.591267650815666],[-4.7084198855817903,41.591238496828375],[-4.7083036091637904,41.59121959941934],[-4.7081816767707183,41.591250143366693],[-4.7062370260035173,41.591681183191568],[-4.705661767151982,41.591915162173464],[-4.7055619584011046,41.592052468029657],[-4.7055199221728286,41.592100918046427],[-4.7053258935420716,41.592141174395138],[-4.7053138030555788,41.5921421643922],[-4.7052155698878471,41.592170732351214],[-4.7051133223985797,41.592279162079159],[-4.7049457582111724,41.59236766296145],[-4.7046519397749629,41.592463890568069],[-4.7043025568423928,41.592555087801969],[-4.7040509466204989,41.592600339840409],[-4.7039693982463593,41.592610915920474],[-4.7038498818590169,41.592646823561331],[-4.7035423301874175,41.592695425656636],[-4.7034939427532674,41.592698664719471],[-4.703394892726684,41.592705266570142],[-4.7032174366878623,41.592714201101366],[-4.7028508890433152,41.592741248554795],[-4.7027860021897405,41.592742119780439],[-4.7023356909701324,41.592727533981098],[-4.7014649650299187,41.593023512313266],[-4.7013654568115699,41.593021832916001],[-4.7004017355261372,41.592956563851203],[-4.6997479964809203,41.593191313126837],[-4.6997503659435251,41.593231268411806],[-4.6988337846593398,41.593339482973946],[-4.6987764875981339,41.593346184265641],[-4.6980683761865167,41.593429332934356],[-4.6973196747587505,41.593515868765486],[-4.6968893855657763,41.593565004532451],[-4.6967800877724306,41.593578957441849],[-4.6953118692868649,41.59356063216908],[-4.6950580030535436,41.593570410898415],[-4.6949653764030623,41.593772268044745],[-4.6948251697596524,41.593962490051467],[-4.6947129016367892,41.59421165406826],[-4.6946627244951014,41.594440177554368],[-4.6946213512755799,41.594766835732678],[-4.6946171474896516,41.594982340196132],[-4.6945704573246267,41.59521576686393],[-4.694470325048715,41.595562114611326],[-4.6942967238992752,41.596007992623768],[-4.6940529349101245,41.596798513557907],[-4.6939200322092134,41.597268379719864],[-4.6938456610144099,41.597466635208718],[-4.6937423133224287,41.59768108050023],[-4.6933561720769275,41.598194847009601],[-4.6931676436218162,41.598432791757013],[-4.6930376212334757,41.598645918949288],[-4.692992927271459,41.598956052721874],[-4.6930215712722649,41.599166031140022],[-4.692971292109732,41.599285391629493],[-4.6929576638354158,41.599383765859429],[-4.692906638459255,41.599479089987398],[-4.6927785174754151,41.599650306221655],[-4.6927265271618976,41.599736275580099],[-4.6927004355590105,41.59981700251695],[-4.692679582578716,41.599965021541884],[-4.6926239935699376,41.600441582434833],[-4.6926054647517645,41.600719895939157],[-4.6925921133493018,41.600985163359354],[-4.692594763117687,41.601316306105311],[-4.6926006101375686,41.601549318358991],[-4.6926178915532226,41.601744868567629],[-4.6926244195343392,41.601818740054362],[-4.6926537842910774,41.601803935418687],[-4.6933782675581091,41.601438664221334],[-4.6938075870004301,41.601247412782151],[-4.6946367512822631,41.600903468264278],[-4.694873362682416,41.600821814575689],[-4.6950953886841198,41.600765160482077],[-4.6953789961350445,41.600732380781551],[-4.6969442688419978,41.600371839892482],[-4.6978980678370945,41.600132793146344],[-4.6983180098636037,41.599972165924413],[-4.6987190277123903,41.599767969859272],[-4.6990325340890049,41.599616539141067],[-4.7070995071996391,41.607141376771601],[-4.7112138963698875,41.610974345229771],[-4.7117711618859817,41.611497448638318],[-4.7121624298459865,41.611869906785302],[-4.7129121161102869,41.612520736308738],[-4.7129325458305891,41.612569969194418],[-4.7129551382992529,41.61262664097783],[-4.7140019323049254,41.612312576259249],[-4.7152392121593252,41.612020457737842],[-4.7191942459249621,41.611281123150441],[-4.7203125484582165,41.611022005859624],[-4.7211713178772037,41.610798038997871],[-4.7228367681825691,41.610350867792057],[-4.7237955816728032,41.610035512753818],[-4.7249539559416069,41.609654508024228],[-4.7257525934066447,41.609312489200128],[-4.7257676198521601,41.609306054285682],[-4.7259470456342241,41.609240911345225],[-4.7305027862165234,41.60759496945586],[-4.73193960693213,41.607138309271257],[-4.7340743797358833,41.606545177815732],[-4.7357416876215757,41.60615367999349],[-4.7390366497147092,41.605600167223599],[-4.7387100591476354,41.606165104659063],[-4.7385020387399539,41.606524932909117],[-4.7373523261452979,41.608531235883461],[-4.7371357174768889,41.60890769634657],[-4.7356538654233979,41.611585474828416],[-4.7351990569114006,41.612464206213268],[-4.7350543223592725,41.613013443455465],[-4.7349789662397388,41.613807415587338],[-4.7349598259364898,41.613942056874748],[-4.7350207081487063,41.613974723162315],[-4.7350622433320781,41.61399233934992],[-4.7365221898923968,41.614611525203586],[-4.7365284971375701,41.614614039166746],[-4.7367116830425351,41.614686747934861],[-4.7367794956697971,41.614713737859368],[-4.7368117183125706,41.614724779585096],[-4.7370646068967099,41.614814821741483],[-4.7376884477568515,41.615036943603144],[-4.7393989378899519,41.615641971547923]]]},"properties":{"OBJECTID":3,"JOIN_COUNT":1,"TARGET_FID":3,"CODIGO_BAR":"00","NOMBRE_BAR":"EXTRARRADIO","ORIG_FID":1,"SHAPE.AREA":47550150.246573202,"SHAPE.LEN":66289.996994107103}},{"type":"Feature","id":4,"geometry":{"type":"Polygon","coordinates":[[[-4.7530722018262441,41.616499657920244],[-4.7533094634873096,41.616590609559303],[-4.7533970342965883,41.616458675440327],[-4.7555660392862134,41.613606438690198],[-4.7565701213493679,41.612270232171944],[-4.7565998900081796,41.612230615743869],[-4.7566107702227969,41.612216939290853],[-4.7566184003860963,41.612207815897456],[-4.758457374319077,41.609531695416194],[-4.7584725076283449,41.609508946937346],[-4.7589797827658451,41.608814987922997],[-4.7593448444114665,41.608315567715429],[-4.7585854152474205,41.608324662337075],[-4.7573126541547737,41.608339892596902],[-4.7563973666105994,41.608303673894724],[-4.7555030093622408,41.608216918116305],[-4.7544171414188003,41.608057764272473],[-4.7531045199219149,41.607759797104769],[-4.7531539730973273,41.607628173355835],[-4.7537702671395321,41.60598780141892],[-4.7480179751759835,41.604259549271575],[-4.7480426791522516,41.604116190801918],[-4.747792082302678,41.604078697713824],[-4.7477318320053365,41.60406968304958],[-4.7469189160050176,41.60605414887862],[-4.7467810317388768,41.606390736758186],[-4.7447800545975776,41.611226271022467],[-4.7447740461307557,41.611239872407019],[-4.7474981087349395,41.612855735652175],[-4.7489453678227784,41.613977583674888],[-4.7492703443464972,41.614233835077755],[-4.7502484200942234,41.614987915038945],[-4.7510538394795567,41.615526170685754],[-4.7519161336870841,41.616066946458517],[-4.7530722018262441,41.616499657920244]]]},"properties":{"OBJECTID":4,"JOIN_COUNT":1,"TARGET_FID":4,"CODIGO_BAR":"38","NOMBRE_BAR":"COVARESA","ORIG_FID":41,"SHAPE.AREA":883287.46442020498,"SHAPE.LEN":4104.4647507457603}},{"type":"Feature","id":5,"geometry":{"type":"Polygon","coordinates":[[[-4.747972571474957,41.622359687865938],[-4.7486800249526535,41.622470517601819],[-4.7500826553895337,41.621030599103619],[-4.7516167076370417,41.619404020884495],[-4.7524537718750857,41.618206868617023],[-4.7533094634873096,41.616590609559303],[-4.7530722018262441,41.616499657920244],[-4.7519161336870841,41.616066946458517],[-4.7510538394795567,41.615526170685754],[-4.7502484200942234,41.614987915038945],[-4.7492703443464972,41.614233835077755],[-4.7489453678227784,41.613977583674888],[-4.7474981087349395,41.612855735652175],[-4.7447740461307557,41.611239872407019],[-4.7447287160547704,41.611353145300555],[-4.7440762265156335,41.612930230873523],[-4.7434316604482545,41.614488659938985],[-4.7434201974387564,41.614516373845454],[-4.7433701097423153,41.614634221722163],[-4.7416389081492065,41.618821606831048],[-4.7406918178846302,41.621110168240406],[-4.7419050900306488,41.621465566852869],[-4.7421648998897528,41.62150215997827],[-4.7459067124165788,41.622035321755739],[-4.7478949656775766,41.622347358069796],[-4.747972571474957,41.622359687865938]]]},"properties":{"OBJECTID":5,"JOIN_COUNT":1,"TARGET_FID":5,"CODIGO_BAR":"37","NOMBRE_BAR":"PARQUE ALAMEDA - PAULA LÓPEZ","ORIG_FID":40,"SHAPE.AREA":748880.92555226001,"SHAPE.LEN":3526.63337317171}},{"type":"Feature","id":6,"geometry":{"type":"Polygon","coordinates":[[[-4.7431957310744144,41.629802399096263],[-4.743782544647539,41.630128635857908],[-4.7437851805769871,41.630115085732314],[-4.7437987138992588,41.630074349993478],[-4.7438125014525374,41.630029107018942],[-4.7438266633587469,41.629983857461319],[-4.7438409466205558,41.629943110337152],[-4.743855859704154,41.629897850277523],[-4.7438707715679165,41.629852590234236],[-4.7438861803589578,41.629811826024394],[-4.7439018421719839,41.629766554596372],[-4.7439180009125783,41.629725779001483],[-4.7439344126717859,41.629680496188143],[-4.7439508244090156,41.629635213372559],[-4.7439677330748715,41.629594426389794],[-4.743985270347574,41.629549126488371],[-4.7440040533342858,41.629508311056],[-4.7440243362678176,41.629467472857357],[-4.744046373350983,41.629422103756603],[-4.744069657367767,41.629381220004916],[-4.7440944401226099,41.629340313502738],[-4.7441203484211263,41.629299389913037],[-4.7441482524121632,41.629262939405486],[-4.74417678618377,41.629221975956092],[-4.7442071942736082,41.629180984052113],[-4.7442388480714088,41.629144476609632],[-4.7442720029950669,41.629107946374241],[-4.7443059066618547,41.629071404764574],[-4.7443416846400508,41.629034834695361],[-4.7443782137573711,41.628998253213446],[-4.7444162439913686,41.628961648934045],[-4.744455519938783,41.628929529109357],[-4.7444959202144128,41.628897392203982],[-4.7445373234225237,41.628860736682725],[-4.7445800961432489,41.628833067110044],[-4.7446234950045429,41.628800884639126],[-4.7446683949513533,41.628768678462514],[-4.7447137918714386,41.628740969000916],[-4.7447606875041384,41.628713236767588],[-4.74480795988406,41.6286854987951],[-4.7448563553859868,41.62865774375075],[-4.7449056234394593,41.628634478814547],[-4.7449558931969662,41.628606695270548],[-4.7450066611233899,41.628583407517091],[-4.7450581789867172,41.628560108353604],[-4.7451105670185934,41.62854129933018],[-4.7451635835567609,41.62851797736171],[-4.7452174738688928,41.628499145476404],[-4.7452717373354991,41.62848030789889],[-4.7453267507425023,41.628461458906337],[-4.745382514089191,41.628442598497671],[-4.7454383988574023,41.628428239594726],[-4.7454950335720545,41.628413869273999],[-4.7455520438466108,41.628399493220975],[-4.7456094272808844,41.628385111471559],[-4.7456676833307414,41.628375219815247],[-4.7457259393618321,41.628365328129732],[-4.7457845709597493,41.628355430709426],[-4.7458432025387474,41.628345533259527],[-4.7459027043565989,41.628340125935757],[-4.745961710287145,41.628330222738228],[-4.7460215876886469,41.628324810547475],[-4.7460812109684793,41.628323904662707],[-4.7461410883277049,41.62831849150966],[-4.74620108838318,41.628317579837848],[-4.7462610872359399,41.628316668152955],[-4.7463210860859464,41.628315756436777],[-4.7463812052531384,41.628319346237568],[-4.7464408297164535,41.628318440148121],[-4.746500950090593,41.628322029867839],[-4.7465604420321368,41.628330132483519],[-4.7466201868363367,41.628333727848634],[-4.7466793044161149,41.628341836092332],[-4.7467384196097919,41.628349944341814],[-4.7467971628317081,41.628358058214751],[-4.7509848842575506,41.628911295536767],[-4.7510657509332725,41.628919070135737],[-4.7511254976525326,41.628922663124115],[-4.7511848687895251,41.628926261804565],[-4.7512443617929234,41.628934361972092],[-4.7513038548101862,41.628942462108505],[-4.7513632247721871,41.628946060714526],[-4.7514227178130337,41.628954160788886],[-4.7514818352797601,41.628962266556378],[-4.7515412064666798,41.628965865051612],[-4.7516003251568799,41.628973970739352],[-4.7516594426609187,41.628982076414665],[-4.7517185613787207,41.628990182040958],[-4.7517780532985592,41.628998281947915],[-4.7518374245298274,41.629001880289081],[-4.7518969176975876,41.629009981015976],[-4.7519562889441183,41.629013579295389],[-4.7520160345844671,41.629017171836281],[-4.7520757814303405,41.629020764327656],[-4.7521359026700534,41.629024351079742],[-4.7521956483271275,41.629027943526836],[-4.752255769578019,41.629031530215933],[-4.752315394510445,41.629030621066931],[-4.7523755157683159,41.629034207693188],[-4.7524355150876323,41.629033292772945],[-4.7524955144041767,41.629032377821417],[-4.7525555125179837,41.629031462856879],[-4.7526155118289788,41.629030547842738],[-4.7526755111371957,41.629029632797312],[-4.7527353884776815,41.629024216206389],[-4.752795387776179,41.629023301098492],[-4.7528548919104967,41.62901789013754],[-4.7529147692218938,41.629012473453621],[-4.75297426973429,41.629007062486139],[-4.7530337738355719,41.629001651433114],[-4.7530932743259644,41.628996240404369],[-4.7531522796236416,41.6289863335249],[-4.7532114069001192,41.628980928128534],[-4.7532704121637259,41.628971021188988],[-4.753329044244972,41.628961120813464],[-4.7533876738829637,41.62895121954466],[-4.7534463047019839,41.628941318227952],[-4.7535045587147069,41.628931422630849],[-4.7535628151085545,41.628921526967908],[-4.7536205726703473,41.628907135513174],[-4.7536780778483143,41.628897251254976],[-4.7537354609738349,41.628882865456468],[-4.7537924696859211,41.628868485343226],[-4.7538494771718378,41.628854105220469],[-4.7539061102446984,41.628839730783746],[-4.7539623677048413,41.628825362051913],[-4.7540181298991708,41.628806497477612],[-4.754074012917342,41.628792134406275],[-4.7541293982626058,41.628773275530072],[-4.7541844091885492,41.628754422342496],[-4.754239045695539,41.628735574844072],[-4.7542936821699717,41.628716727320224],[-4.7543475674400826,41.628697891238133],[-4.754401453878077,41.628679055113004],[-4.7544544670297375,41.628655728920698],[-4.7545076034291318,41.62863690419649],[-4.7545598665360389,41.62861358940669],[-4.7546121308046878,41.628590274575423],[-4.7546671414281425,41.628571421161894],[-4.755093274097109,41.628348751104163],[-4.7551436624364696,41.628325464681247],[-4.7551940507390738,41.628302178236858],[-4.7552444390049322,41.628278891770961],[-4.7552943307111768,41.628251109493299],[-4.7553439677343396,41.628227834458293],[-4.755393859357711,41.628200052138759],[-4.7554431219223261,41.62817678278082],[-4.7554926378805309,41.628149006156839],[-4.75554152598753,41.62812574247689],[-4.7555906674814787,41.628097971531105],[-4.7556394333509315,41.628070206302745],[-4.7556879457625438,41.628046948300103],[-4.7557363371693704,41.62801918875148],[-4.7557843529528823,41.627991434921391],[-4.755832368694894,41.62796368107189],[-4.7558803843954172,41.627935927202998],[-4.7559281466557426,41.62791268056074],[-4.7559754135148733,41.627884938094077],[-4.7560226779333243,41.62785719564534],[-4.7560699447108528,41.627829453141118],[-4.7561167136723066,41.627797214850382],[-4.756163604785077,41.627769478048243],[-4.7562101202774292,41.627741746967217],[-4.7562562601498533,41.627714021607716],[-4.7563024011824249,41.627686296211991],[-4.756348418740405,41.627654068409839],[-4.7563941841110573,41.627626348718593],[-4.7564395738631786,41.627598634750065],[-4.7564848425565911,41.627566419239557],[-4.7565298578486725,41.627538710958746],[-4.7565747508764451,41.627506501154798],[-4.7566197660879794,41.627478792840044],[-4.7566639090728229,41.627446594466015],[-4.756708549826099,41.627418891840428],[-4.7567523171479236,41.627386699174934],[-4.756796582244065,41.627359002257698],[-4.7568399751039188,41.627326815283233],[-4.7568833679205698,41.627294628293015],[-4.7569267606940242,41.627262441287101],[-4.7569697778474369,41.627230260007465],[-4.7570125440359146,41.627202585923129],[-4.7570551867302031,41.627170410336554],[-4.7570974538057937,41.627138240477237],[-4.7571397220392777,41.627106070584659],[-4.7571816146548516,41.627073906419859],[-4.7572235060044008,41.627041741358447],[-4.7572650241611036,41.627009582888959],[-4.7573061667012535,41.626977430148152],[-4.7573471869236954,41.626940775888542],[-4.7573879550044262,41.626908628844568],[-4.7574287218447813,41.626876481805098],[-4.7574691142700694,41.626844340477021],[-4.7575090087934386,41.626807703374631],[-4.7575490267619163,41.626775567745064],[-4.7575886691168074,41.626743437846095],[-4.7576281891370105,41.626706806429873],[-4.7576674570371216,41.626674682230671],[-4.7576784616452024,41.626665507170742],[-4.757706227024503,41.62663806225892],[-4.7577451180713961,41.62660594379706],[-4.7577835136011188,41.626569329526561],[-4.7578220301958476,41.626537216766089],[-4.7578608012141279,41.626500596726295],[-4.7578996932776088,41.626468477295838],[-4.757938461811329,41.62643185726774],[-4.7579773538196486,41.6263997387125],[-4.7580164990401412,41.626363112895781],[-4.7580557665400578,41.626330988569848],[-4.7580950328011404,41.626298864249428],[-4.7581345522656227,41.626262232667159],[-4.7581741940168794,41.6262301025752],[-4.7582137133949214,41.626193470966982],[-4.7582533550649524,41.626161340848917],[-4.7582933722658716,41.626129204971576],[-4.758333265885395,41.626092567596274],[-4.758373283004274,41.626060431692338],[-4.7584136744531325,41.62602829004684],[-4.7584536902925327,41.625996154134477],[-4.7584939593090274,41.625959510959227],[-4.758534724979774,41.625927362644269],[-4.7585751174655373,41.625895220926104],[-4.7586158830799992,41.625863073483892],[-4.7586565262908591,41.625826424525386],[-4.7586972930215827,41.625794277037151],[-4.7587384340799179,41.625762123805842],[-4.7587795750973827,41.625729970560421],[-4.7588207160739886,41.625697817300889],[-4.7588622313772229,41.625665658297613],[-4.7589033722719201,41.625633505009723],[-4.7589447663105515,41.625596844457569],[-4.7589862814630273,41.62556468451109],[-4.7590281721652925,41.625532519701999],[-4.7590700640258126,41.625500354859895],[-4.7591119534449158,41.625468190039911],[-4.7591538440222729,41.625436025186922],[-4.7591957357578947,41.625403860300935],[-4.7592380006176906,41.625371689687832],[-4.7592802666353489,41.625339519041468],[-4.759322531411093,41.625307348398572],[-4.7593647973446993,41.625275177722386],[-4.7594066864715785,41.62524301279943],[-4.7594485779566025,41.625210847825073],[-4.7594904682000942,41.625178682854461],[-4.7595323572020689,41.625146517887607],[-4.7595738729981392,41.625114358619626],[-4.7596153887529606,41.625082199337278],[-4.7596565289029042,41.625050045791085],[-4.7596980433510625,41.625017885598204],[-4.759739183419085,41.624985732023667],[-4.759780323446253,41.624953578435047],[-4.7598210890695762,41.624921430564967],[-4.7598617310096367,41.624884781199185],[-4.7599024965493388,41.624852633301501],[-4.7599432608486847,41.624820485408343],[-4.7599836507453812,41.624788343234535],[-4.7600239181483737,41.624751699547176],[-4.7600643079622431,41.624719557346253],[-4.7601043221745831,41.624687420883703],[-4.7601447131083772,41.624655278637356],[-4.7601846047769127,41.624618640648336],[-4.7602242445063787,41.624586509879684],[-4.7602641372877246,41.624549871845964],[-4.7603037769112921,41.624517740150793],[-4.7603430409598104,41.624485615095566],[-4.7603825580521839,41.624448982775334],[-4.7604218232199615,41.624416857675996],[-4.7604609646665299,41.624380231083009],[-4.7604998541944887,41.624348111711292],[-4.7605386211964005,41.624311490827928],[-4.7605778862037313,41.624279365677658],[-4.7606175243312112,41.624247234797728],[-4.7606574166824958,41.624210596633809],[-4.7606978058453215,41.624178454219987],[-4.7607385693263913,41.624146306057028],[-4.7607797071251214,41.624114152144493],[-4.7608212228405282,41.624081992426859],[-4.7608631116725535,41.624049826977277],[-4.7609053735961222,41.624017654895006],[-4.7609480122592407,41.623985477925132],[-4.7609906520798102,41.623953300921727],[-4.7610340405718912,41.623921112430089],[-4.7610778045773898,41.623888918167708],[-4.7611220654220192,41.623861219650536],[-4.7611662036994602,41.623829019618995],[-4.7612112143772789,41.623801309576486],[-4.7612561024812479,41.623769098019217],[-4.7613014886342526,41.623741382186978],[-4.7613472479039975,41.62371366061835],[-4.7613932613452734,41.62368143176019],[-4.7614397716432748,41.623653698643949],[-4.7614866562563147,41.623625959771523],[-4.7615339175836029,41.623598215105758],[-4.7615811764703739,41.623570470457977],[-4.7616288120706987,41.623542720016239],[-4.761676821984361,41.623514963816838],[-4.7617253299772297,41.62349170333777],[-4.7617737141406291,41.623463940460205],[-4.7618228493944086,41.623436166948338],[-4.7618721059822189,41.623412894931121],[-4.761921615507962,41.623385115639202],[-4.7619712475739222,41.623361837822983],[-4.7620212539570987,41.623338554246253],[-4.7620715132670748,41.623310763394031],[-4.76212227067965,41.623287468258162],[-4.7621730268553373,41.623264173118891],[-4.762224534099242,41.623240866440405],[-4.7622756657530516,41.623217565498329],[-4.7623275472743476,41.623194253034434],[-4.7623794287577326,41.623170940547752],[-4.7624313114030468,41.623147628019872],[-4.7624840653322869,41.623128805482203],[-4.7625182418558119,41.623109997632284],[-4.7625677078483113,41.623092756629553],[-4.7632915587730311,41.622838200186798],[-4.7638071400184607,41.62263646124827],[-4.7639764033801963,41.622571606848744],[-4.7641746957356075,41.622495629078621],[-4.7644016342715805,41.622422757127097],[-4.7646318695150818,41.622348825351708],[-4.7650769261538555,41.622197792606649],[-4.7654447196959717,41.622065957681421],[-4.7660206515310941,41.621881296119199],[-4.7665369562104809,41.621706646867402],[-4.7675033099335309,41.621344666575233],[-4.7678407293644902,41.621199781917362],[-4.768136390435842,41.621055449577618],[-4.7683490457725659,41.62094841983626],[-4.7686088347142013,41.620809138922098],[-4.768833484608801,41.620697510388112],[-4.7690691525998625,41.620554099013646],[-4.7694045800569294,41.620327907670635],[-4.7697285066057722,41.620124502102712],[-4.7700279397285703,41.619898953285158],[-4.7703620057478711,41.619623154716933],[-4.7706608160796895,41.619375008697538],[-4.770965989267288,41.619135768801002],[-4.7712939253208679,41.618855557706233],[-4.7716338618772394,41.618579755925126],[-4.7720324201465223,41.618248826806273],[-4.7722719656130206,41.618024105468443],[-4.7725590104835192,41.617785143598617],[-4.7728931806158128,41.617513928603415],[-4.7733322383872627,41.617132742986122],[-4.7736185317772142,41.616862264622469],[-4.7739217783626158,41.616553514461572],[-4.7743526324632164,41.616105532278347],[-4.7745965705324949,41.615827058905865],[-4.774945653993961,41.615456893614549],[-4.7752598469676215,41.615123293237161],[-4.7753005111304452,41.615082478749713],[-4.7754633233114072,41.614918521129844],[-4.7741819748915493,41.613694398557072],[-4.7737020840500417,41.613271072044952],[-4.7734550713614166,41.613064025856403],[-4.7731453223231943,41.61281400938617],[-4.772828738618113,41.612568862966995],[-4.7725054551672681,41.612328692543187],[-4.772175611584502,41.612093600384313],[-4.7718393486514339,41.611863687841804],[-4.7714968118424492,41.611639052592579],[-4.7711481478244231,41.611419792295962],[-4.7707935067574834,41.611206000955555],[-4.7704330399204,41.610997769856567],[-4.770066902159269,41.610795189329671],[-4.7696952529639915,41.610598344231164],[-4.7693182482681378,41.610407321274572],[-4.7689360534477334,41.610222201625483],[-4.7685488302242822,41.61004306470582],[-4.7681567450374187,41.609869987164409],[-4.7677599678701501,41.609703043795918],[-4.7673586674259347,41.609542306714339],[-4.7669530170777481,41.609387843460382],[-4.7665431901681972,41.60923972067657],[-4.7661293635838566,41.609098003151466],[-4.7657699367769171,41.608995462716955],[-4.7654072333409561,41.608899642797432],[-4.7650414755672328,41.608810601194776],[-4.7646728881172953,41.608728394776342],[-4.7643017002260102,41.608653072235853],[-4.7639281374767686,41.608584680524437],[-4.7635524301251939,41.608523262021009],[-4.7631748095007262,41.608468854587443],[-4.7627955079825641,41.608421490668363],[-4.7624147578739215,41.608381200010541],[-4.7620327937525815,41.608348007825484],[-4.761649851247121,41.608321933907597],[-4.7612661658868278,41.608302994453162],[-4.7608819718779198,41.608291201178517],[-4.7604975057027428,41.608286561264755],[-4.7601130049205125,41.608289077376355],[-4.7597287057686088,41.608298747697695],[-4.7593448444114665,41.608315567715429],[-4.7589797827658451,41.608814987922997],[-4.7584725076283449,41.609508946937346],[-4.758457374319077,41.609531695416194],[-4.7566184003860963,41.612207815897456],[-4.7566107702227969,41.612216939290853],[-4.7565998900081796,41.612230615743869],[-4.7565701213493679,41.612270232171944],[-4.7555660392862134,41.613606438690198],[-4.7533970342965883,41.616458675440327],[-4.7533094634873096,41.616590609559303],[-4.7524537718750857,41.618206868617023],[-4.7516167076370417,41.619404020884495],[-4.7500826553895337,41.621030599103619],[-4.7486800249526535,41.622470517601819],[-4.7423752128402041,41.629343874697824],[-4.7427403561888966,41.629544503482641],[-4.7428333103408207,41.629594969119509],[-4.7428348173696069,41.629595787495404],[-4.7428575701621334,41.629608141056472],[-4.7428590771672718,41.629608958531705],[-4.7429520973206323,41.62965946089858],[-4.7429490477189091,41.629662119109007],[-4.743121212821511,41.629756241261056],[-4.7431181753523619,41.62975934962958],[-4.7431699654095354,41.629787879245264],[-4.7431957310744144,41.629802399096263]]]},"properties":{"OBJECTID":6,"JOIN_COUNT":1,"TARGET_FID":6,"CODIGO_BAR":"35","NOMBRE_BAR":"LAS VILLAS - VALPARAÍSO","ORIG_FID":38,"SHAPE.AREA":2964677.6738833901,"SHAPE.LEN":7855.5547869564507}},{"type":"Feature","id":7,"geometry":{"type":"Polygon","coordinates":[[[-4.7374917692421752,41.628823358165569],[-4.7413740365004697,41.630435358598888],[-4.7422178171902329,41.629517389277552],[-4.7422702424868293,41.629458050587942],[-4.7423752128402041,41.629343874697824],[-4.7486800249526535,41.622470517601819],[-4.747972571474957,41.622359687865938],[-4.7478949656775766,41.622347358069796],[-4.7459067124165788,41.622035321755739],[-4.7421648998897528,41.62150215997827],[-4.7419050900306488,41.621465566852869],[-4.7406918178846302,41.621110168240406],[-4.7374917692421752,41.628823358165569]]]},"properties":{"OBJECTID":7,"JOIN_COUNT":1,"TARGET_FID":7,"CODIGO_BAR":"36","NOMBRE_BAR":"LA RUBIA","ORIG_FID":39,"SHAPE.AREA":498015.64468934503,"SHAPE.LEN":3024.5463613464299}},{"type":"Feature","id":32,"geometry":{"type":"Polygon","coordinates":[[[-4.7300954834042184,41.660467573397824],[-4.7315241836434687,41.661063018730488],[-4.7315802607862905,41.661012636760212],[-4.7316209422781705,41.660975996845458],[-4.7321973575406355,41.660453927077967],[-4.7322454211471987,41.660412672299763],[-4.7322862213621635,41.660380533716832],[-4.732326646963001,41.66034840076707],[-4.732366577269862,41.660311771912419],[-4.7324062524651529,41.660279651148578],[-4.7324455530239531,41.660247535118707],[-4.7324843582827762,41.660210923185318],[-4.7325229060144043,41.660178818479494],[-4.7325609596427656,41.66014221785295],[-4.7325986398566995,41.660105622844164],[-4.7326360637534037,41.660073535045782],[-4.7326729899396094,41.66003695138221],[-4.7327095427133514,41.660000373337468],[-4.7327457208747497,41.659963800930015],[-4.7327815232238928,41.659927234178319],[-4.7328136945315364,41.659895225529972],[-4.7328516271180154,41.659854123274101],[-4.7328863032351443,41.659817573473639],[-4.732920230173038,41.659781034961057],[-4.7329537813024034,41.659744502106093],[-4.7329873323941953,41.659707969241836],[-4.7330200111850615,41.659666946165579],[-4.7330524372915788,41.659630430249059],[-4.7330844875922287,41.659593919991394],[-4.7331160425829424,41.659552914737873],[-4.7331473424723383,41.659516415780764],[-4.7331777712560852,41.659475426595982],[-4.7332083207371713,41.659438938940681],[-4.7332379979099963,41.659397961076685],[-4.7332674224178062,41.659361490374344],[-4.7332963503838599,41.65932052379609],[-4.7333249025461255,41.65927956287927],[-4.733353202051009,41.659243109124809],[-4.7333806280429425,41.659202165181931],[-4.7334080552013029,41.659161221214767],[-4.7334347307920028,41.659120288578698],[-4.733461032984108,41.659079361569283],[-4.7334865848114971,41.659038445873641],[-4.7335121354066825,41.658997530190788],[-4.7335369356391075,41.658956625822348],[-4.7335613612757879,41.658915727099775],[-4.733585411116926,41.658874834041399],[-4.7336090863637743,41.658833946629358],[-4.7336323858165441,41.658793064881948],[-4.7336549361123899,41.658752194432488],[-4.7336771106160809,41.658711329648227],[-4.7336987897626184,41.658665968974731],[-4.7337198381195345,41.658625121172904],[-4.7337405106869799,41.658584279037008],[-4.7337606878961802,41.658538941012665],[-4.7337806112866918,41.658498110173014],[-4.7338001600904356,41.658457284981729],[-4.7338188365714853,41.658411969590468],[-4.7338372604406409,41.658371161366382],[-4.7338551853484665,41.658325857309229],[-4.7338724830867731,41.658285066071407],[-4.7338892842647109,41.658239778964742],[-4.7339058304374477,41.658198999062172],[-4.7339218800493885,41.658153723291065],[-4.7339371805192654,41.658108458821893],[-4.7339522271900254,41.658067701539196],[-4.7339667760995985,41.658022448406605],[-4.7339805758466165,41.657977205676225],[-4.7339944963832146,41.657936465380921],[-4.7340071700404938,41.657891240540557],[-4.7340198448815638,41.657846015680683],[-4.7340318877731988,41.657805303714788],[-4.7340434365063127,41.657760095845447],[-4.7340546106663197,41.657714893627308],[-4.7340650320947812,41.657669702767187],[-4.7340750801527545,41.657624517540384],[-4.7340848732285545,41.657583839519667],[-4.7340937951894198,41.657538671284698],[-4.7341023425821707,41.657493508701442],[-4.7341105142070958,41.657448351788069],[-4.7341179355088263,41.657403206197216],[-4.7341249822453424,41.657358066258325],[-4.7341316543932725,41.657312931071111],[-4.7341375738448592,41.657267808143203],[-4.7341434956902413,41.657222685178589],[-4.7341482914628594,41.657177579207577],[-4.7341530848288604,41.657132473272398],[-4.7341571302810701,41.657087378623984],[-4.7341609207656816,41.657046791182644],[-4.7341638413471054,41.657001713509594],[-4.7341663861714647,41.65695664150698],[-4.734168554039055,41.656911575192922],[-4.7341699727986022,41.656866520183883],[-4.7341710158039669,41.656821470845287],[-4.7341716854569205,41.656776427140905],[-4.7341716024040155,41.656731394795862],[-4.7341711471771077,41.656686367166564],[-4.7341703138228652,41.656641346144234],[-4.7341880110516925,41.656573528661831],[-4.7341988091815388,41.656528332097366],[-4.7342096072973199,41.656483135531857],[-4.7342204041985552,41.656437938983387],[-4.7342304519851615,41.65639275373946],[-4.7342406205528924,41.656352070031645],[-4.7342502925637175,41.656306890456833],[-4.7342599645620611,41.656261710881083],[-4.7342692619986657,41.656216536957373],[-4.7342781836738519,41.656171368703859],[-4.7342871053376134,41.656126200449563],[-4.7342956524414825,41.656081037847471],[-4.7343039445830195,41.656040382452865],[-4.7343117401688843,41.655995231191596],[-4.7343195369453799,41.655950079911541],[-4.7343269579641225,41.655904934301994],[-4.7343340044263726,41.655859794344927],[-4.7343410508556749,41.655814653486956],[-4.7343477227536983,41.65576951918186],[-4.7343543922425226,41.655724384912425],[-4.7343603126308338,41.655679261948734],[-4.7343662330119471,41.65563413898456],[-4.7343717788402415,41.655589021673094],[-4.7343774454621173,41.655548405898507],[-4.7343826155316728,41.655503294257457],[-4.7343874098497691,41.655458188287305],[-4.7343922053626972,41.655413082298608],[-4.7344043386026451,41.655277798340222],[-4.7344080092635856,41.655232709327841],[-4.7344113029762758,41.655187626004611],[-4.7344142233187245,41.655142547415878],[-4.7344171424818686,41.655097469745215],[-4.734419685899069,41.655052397745642],[-4.7344218547715657,41.655007331398991],[-4.734424023642104,41.654962265052035],[-4.7344258179689849,41.654917204358021],[-4.7344272377530014,41.654872149316972],[-4.7344282805940185,41.654827099965118],[-4.7344293234346493,41.654782050612951],[-4.7344299917342374,41.654737006913734],[-4.7344306600339614,41.654691963214205],[-4.7344305780531091,41.654646930838993],[-4.7344308718137551,41.654601892792044],[-4.7344304152712313,41.654556865169113],[-4.7344295818143305,41.654511844135612],[-4.7344287507605456,41.654466823065512],[-4.734427918508552,41.654421802013154],[-4.7344263359811949,41.654376792284992],[-4.7344247522566647,41.654331782574545],[-4.734423170936287,41.654286772827469],[-4.7344215884187397,41.654241763098113],[-4.7344200059044619,41.654196753368339],[-4.7344184233934534,41.654151743638167],[-4.7344168408857152,41.654106733907589],[-4.7344148826440646,41.654061729847896],[-4.7344133013194041,41.65401671919809],[-4.7344117176213008,41.653971709484431],[-4.7344097605909505,41.653926705405361],[-4.7344081781000842,41.653881695672766],[-4.7344062198766119,41.653836691610991],[-4.7344046373925464,41.653791681877586],[-4.7344026803768271,41.653746677796839],[-4.7344007221644695,41.653701673733806],[-4.7343991396907352,41.653656663999179],[-4.734397182686128,41.653611659917182],[-4.7343963249785395,41.653593659414881],[-4.734395224484885,41.653566655852906],[-4.7343942826652734,41.653544983677868],[-4.7321003728087838,41.653597948604293],[-4.7320349413422331,41.654250735339993],[-4.7319437899916856,41.655121258984458],[-4.7305197208577985,41.655016616345506],[-4.7297813227445209,41.654883623836206],[-4.7275488361159148,41.6548901830894],[-4.7269565354009311,41.654957628112477],[-4.7256995276619902,41.655093597318348],[-4.7249701961313919,41.656383502247323],[-4.7249627698046099,41.656541231420377],[-4.7242817935424313,41.656830659494041],[-4.7234690667406811,41.6571760991365],[-4.7223769329167959,41.657656318052645],[-4.7222568499155884,41.657685138100874],[-4.7219646348245705,41.657761570365103],[-4.7216194294835949,41.657919856352812],[-4.7224648401566034,41.658208914830105],[-4.7273034012222306,41.659428763102973],[-4.7288280497559452,41.659950746183419],[-4.728869000796931,41.65989608974207],[-4.7301360720938908,41.660399411892691],[-4.7300954834042184,41.660467573397824]]]},"properties":{"OBJECTID":32,"JOIN_COUNT":1,"TARGET_FID":32,"CODIGO_BAR":"14","NOMBRE_BAR":"SAN PABLO - SAN NICOLÁS","ORIG_FID":18,"SHAPE.AREA":472772.00084389502,"SHAPE.LEN":3188.2250132748204}},{"type":"Feature","id":33,"geometry":{"type":"Polygon","coordinates":[[[-4.7579228646665914,41.660459586579115],[-4.7609396283668302,41.660800335385964],[-4.7611409333254873,41.660316374426337],[-4.7612650233834266,41.660079126496434],[-4.7615172109261223,41.659645820372027],[-4.7617976507459971,41.65922252917747],[-4.7620905847399948,41.658803908405091],[-4.7623901950729506,41.658387976551936],[-4.7626950238934169,41.65797412636195],[-4.7629853847172621,41.657584904593151],[-4.7633543337456068,41.657104859409657],[-4.7636983448231405,41.656661763913874],[-4.7640064973127512,41.656255964314916],[-4.7642969772775823,41.655836384766523],[-4.7645536867093421,41.655402912337173],[-4.7647786574839293,41.654959569960447],[-4.7649694466337795,41.654509185619453],[-4.7651225416213334,41.654050641664469],[-4.7653056005023497,41.653480046766369],[-4.7631815486232698,41.651970972647966],[-4.76258859746582,41.651563327101663],[-4.7613453666105379,41.650952728208502],[-4.761286240624,41.651063606437859],[-4.7610817274625248,41.650967666195598],[-4.7608203505424997,41.650823060927294],[-4.7607782285720273,41.650792181976868],[-4.7607372338044813,41.650761286639515],[-4.7606968642880414,41.650725878350286],[-4.7606576219530092,41.650690452775756],[-4.7606196270033356,41.650659511432139],[-4.7605826342216258,41.650624051364332],[-4.7605463940801291,41.650588578852322],[-4.7605111549383921,41.650548588536331],[-4.7604771643702231,41.650513082437243],[-4.7604442997727858,41.650477559077714],[-4.7604120616419303,41.650437522754132],[-4.7603813239935944,41.650397463434267],[-4.760351711114609,41.650357386875079],[-4.7603233479634826,41.65032179361954],[-4.7602944865762833,41.650281705532642],[-4.7602652507160439,41.650241623174495],[-4.7602352634735174,41.650201552318414],[-4.7602049017597654,41.650161487190267],[-4.7601739124394591,41.650125935024413],[-4.7601424248739042,41.650085887124497],[-4.7601103096747241,41.650050351285763],[-4.7600776974616235,41.650010320593765],[-4.7600444576367194,41.649974802862353],[-4.7600107195796308,41.649934789394671],[-4.7599767296157465,41.649899283132299],[-4.7599419906748874,41.649863788330656],[-4.7599067510865574,41.649823796927599],[-4.7598712608109022,41.649788313610813],[-4.7598350203607502,41.64975284177148],[-4.7597984054441485,41.649717375655094],[-4.7597614124606702,41.649681915316442],[-4.7597232972000398,41.649646472151886],[-4.7596844317692781,41.64961104046202],[-4.7596445617725873,41.649580126598771],[-4.7596034445905762,41.649544729362098],[-4.7595616997705914,41.649513845078815],[-4.7595192047797372,41.649482972266675],[-4.7594755851139947,41.649452116659141],[-4.7594312140794299,41.649421272539101],[-4.7593857195730331,41.649390445602954],[-4.7590867256865073,41.649228397018547],[-4.7575666954933418,41.648544625029515],[-4.75644143591785,41.648052948902709],[-4.7555875095243438,41.647768774551693],[-4.7545367297561478,41.64757316348922],[-4.7533908155241065,41.647550122151031],[-4.752700608639894,41.647587670901316],[-4.7526818585645163,41.647729466002019],[-4.7526816453159375,41.647731078755811],[-4.7526717522199249,41.647805989044429],[-4.752579967666235,41.648500973143285],[-4.7524434763974348,41.648529142733253],[-4.7522482954651295,41.648576206146892],[-4.7521164142655827,41.648615113116868],[-4.7520345487460451,41.648643001413767],[-4.7519382252484048,41.648682543211166],[-4.7516027029558687,41.648847529187968],[-4.7513994123224128,41.648968740119315],[-4.7513182936731848,41.649024623823586],[-4.7512439816981171,41.649088150418194],[-4.7512339812448792,41.649095865767784],[-4.7510991243301541,41.649198845701733],[-4.7509741484942474,41.64931662697095],[-4.750866228338019,41.649443698059045],[-4.7507767652440025,41.649578416452293],[-4.7507064430200137,41.649719512635457],[-4.7506561756544947,41.649865258739517],[-4.7506265269139689,41.650014207827986],[-4.7506235866483433,41.65003901749909],[-4.7506242603669175,41.650068816776304],[-4.7506297318280009,41.650098362827059],[-4.7506385636879127,41.650123357024725],[-4.750646315860541,41.650152869229011],[-4.7506494820338858,41.650163538088783],[-4.7506631800685275,41.650199894881446],[-4.7506747469011632,41.65024646083377],[-4.750679608728686,41.650293667538051],[-4.7506779910163495,41.650341061224189],[-4.7506696402731912,41.650388106251455],[-4.7506548983247239,41.6504341669404],[-4.7506387282132794,41.650489704638858],[-4.750610687808849,41.650635928992791],[-4.7505190132587591,41.650827415983215],[-4.7504207650699604,41.651051601950208],[-4.7503165151522841,41.651230851058415],[-4.7502495670146097,41.65135451437714],[-4.7502216489423548,41.651406265290788],[-4.7500686512399213,41.651837954781406],[-4.7500138971751218,41.653136590813062],[-4.7498614185582619,41.652898534436474],[-4.7494420865014133,41.652548947751733],[-4.7491802871950135,41.652332060578544],[-4.7490354255651406,41.652211060904051],[-4.7490294457010664,41.652206066729988],[-4.7489414888561212,41.652132608285442],[-4.7488603065379751,41.652195238151585],[-4.7487134803692657,41.652288028004797],[-4.7467987156758458,41.653481459496682],[-4.7450794142551951,41.652828486825307],[-4.7450538833092661,41.652855894705539],[-4.7450164697751429,41.652887986388684],[-4.7449795546601283,41.652924573850335],[-4.7449422613741001,41.652961167042733],[-4.7449057195039535,41.652997748812744],[-4.744868680343572,41.653029834762748],[-4.7448325141227921,41.653066410805266],[-4.7447959721561519,41.653102993442339],[-4.7447598046534845,41.653139569481333],[-4.7447236383106182,41.653176145491273],[-4.744687470726717,41.653212721508616],[-4.7446513043026064,41.653249297496906],[-4.7446150151340003,41.653281371977947],[-4.7445788486309963,41.653317947944551],[-4.7445430566180153,41.653354518214257],[-4.7445072645648514,41.653391088473377],[-4.7444714724715045,41.653427658721881],[-4.7444356803379728,41.653464228959805],[-4.744421038349631,41.653477961315787],[-4.7443998881642564,41.653500799187121],[-4.744364471682494,41.653537363700138],[-4.7443286782282073,41.653573933924605],[-4.7442932616667459,41.653610498416754],[-4.7442578450655377,41.653647062898536],[-4.7441912691882724,41.653711120489724],[-4.7420716125188163,41.655661706683006],[-4.7419246210748627,41.656028707072601],[-4.7424259356954508,41.656192235844706],[-4.7422416076064637,41.656496755750197],[-4.7422088567934813,41.656632353045147],[-4.7422197564302522,41.656758281800677],[-4.7424659025813716,41.65685362427498],[-4.7435852462081582,41.657458111068657],[-4.7436349891864555,41.657493384023532],[-4.7435966903612083,41.657534495381086],[-4.7426986927386299,41.658583889967183],[-4.7425195739221229,41.661045442866232],[-4.7431879087241846,41.661026300015081],[-4.7437520746568955,41.660999727422123],[-4.7451511643017081,41.660937959627319],[-4.7471907077698328,41.66083941812461],[-4.7476855826059845,41.660818383145958],[-4.7479333353787423,41.66080560883394],[-4.749708721115681,41.660738060769688],[-4.75218382103834,41.660646308416858],[-4.7548745195557567,41.660546707811264],[-4.7566012449998425,41.660470789669873],[-4.7571104840209699,41.660467507004846],[-4.7579228646665914,41.660459586579115]]]},"properties":{"OBJECTID":33,"JOIN_COUNT":1,"TARGET_FID":33,"CODIGO_BAR":"10","NOMBRE_BAR":"GIRÓN","ORIG_FID":15,"SHAPE.AREA":1933926.91723809,"SHAPE.LEN":6097.8418812581904}},{"type":"Feature","id":34,"geometry":{"type":"Polygon","coordinates":[[[-4.7397138638014251,41.661182522309787],[-4.7398144027290474,41.661194510143687],[-4.7400071262484511,41.661187089470964],[-4.7408047803310422,41.66116149879489],[-4.7422137430028704,41.6611176306114],[-4.7425195739221229,41.661045442866232],[-4.7426986927386299,41.658583889967183],[-4.7435966903612083,41.657534495381086],[-4.7436349891864555,41.657493384023532],[-4.7435852462081582,41.657458111068657],[-4.7424659025813716,41.65685362427498],[-4.7422197564302522,41.656758281800677],[-4.7422088567934813,41.656632353045147],[-4.7422416076064637,41.656496755750197],[-4.7424259356954508,41.656192235844706],[-4.7419246210748627,41.656028707072601],[-4.7420716125188163,41.655661706683006],[-4.7441912691882724,41.653711120489724],[-4.7442578450655377,41.653647062898536],[-4.7442932616667459,41.653610498416754],[-4.7443286782282073,41.653573933924605],[-4.744364471682494,41.653537363700138],[-4.7443998881642564,41.653500799187121],[-4.744421038349631,41.653477961315787],[-4.7444356803379728,41.653464228959805],[-4.7444714724715045,41.653427658721881],[-4.7445072645648514,41.653391088473377],[-4.7445430566180153,41.653354518214257],[-4.7445788486309963,41.653317947944551],[-4.7446150151340003,41.653281371977947],[-4.7446513043026064,41.653249297496906],[-4.744687470726717,41.653212721508616],[-4.7447236383106182,41.653176145491273],[-4.7447598046534845,41.653139569481333],[-4.7447959721561519,41.653102993442339],[-4.7448325141227921,41.653066410805266],[-4.744868680343572,41.653029834762748],[-4.7449057195039535,41.652997748812744],[-4.7449422613741001,41.652961167042733],[-4.7449795546601283,41.652924573850335],[-4.7450164697751429,41.652887986388684],[-4.7450538833092661,41.652855894705539],[-4.7450794142551951,41.652828486825307],[-4.7467987156758458,41.653481459496682],[-4.7487134803692657,41.652288028004797],[-4.7488603065379751,41.652195238151585],[-4.7489414888561212,41.652132608285442],[-4.7490294457010664,41.652206066729988],[-4.7490354255651406,41.652211060904051],[-4.7491802871950135,41.652332060578544],[-4.7494420865014133,41.652548947751733],[-4.7498614185582619,41.652898534436474],[-4.7500138971751218,41.653136590813062],[-4.7500686512399213,41.651837954781406],[-4.7502216489423548,41.651406265290788],[-4.7502495670146097,41.65135451437714],[-4.7503165151522841,41.651230851058415],[-4.7504207650699604,41.651051601950208],[-4.7505190132587591,41.650827415983215],[-4.750610687808849,41.650635928992791],[-4.7506387282132794,41.650489704638858],[-4.7506548983247239,41.6504341669404],[-4.7506696402731912,41.650388106251455],[-4.7506779910163495,41.650341061224189],[-4.750679608728686,41.650293667538051],[-4.7506747469011632,41.65024646083377],[-4.7506631800685275,41.650199894881446],[-4.7506494820338858,41.650163538088783],[-4.750646315860541,41.650152869229011],[-4.7506385636879127,41.650123357024725],[-4.7506297318280009,41.650098362827059],[-4.7506242603669175,41.650068816776304],[-4.7506235866483433,41.65003901749909],[-4.7506265269139689,41.650014207827986],[-4.7506561756544947,41.649865258739517],[-4.7507064430200137,41.649719512635457],[-4.7507767652440025,41.649578416452293],[-4.750866228338019,41.649443698059045],[-4.7509741484942474,41.64931662697095],[-4.7510991243301541,41.649198845701733],[-4.7512339812448792,41.649095865767784],[-4.7512439816981171,41.649088150418194],[-4.7513182936731848,41.649024623823586],[-4.7513994123224128,41.648968740119315],[-4.7516027029558687,41.648847529187968],[-4.7519382252484048,41.648682543211166],[-4.7520345487460451,41.648643001413767],[-4.7521164142655827,41.648615113116868],[-4.7522482954651295,41.648576206146892],[-4.7524434763974348,41.648529142733253],[-4.752579967666235,41.648500973143285],[-4.7526717522199249,41.647805989044429],[-4.7526816453159375,41.647731078755811],[-4.7526818585645163,41.647729466002019],[-4.752700608639894,41.647587670901316],[-4.7533908155241065,41.647550122151031],[-4.7545367297561478,41.64757316348922],[-4.7555875095243438,41.647768774551693],[-4.75644143591785,41.648052948902709],[-4.7575666954933418,41.648544625029515],[-4.7590867256865073,41.649228397018547],[-4.7593857195730331,41.649390445602954],[-4.7594312140794299,41.649421272539101],[-4.7594755851139947,41.649452116659141],[-4.7595192047797372,41.649482972266675],[-4.7595616997705914,41.649513845078815],[-4.7596034445905762,41.649544729362098],[-4.7596445617725873,41.649580126598771],[-4.7596844317692781,41.64961104046202],[-4.7597232972000398,41.649646472151886],[-4.7597614124606702,41.649681915316442],[-4.7597984054441485,41.649717375655094],[-4.7598350203607502,41.64975284177148],[-4.7598712608109022,41.649788313610813],[-4.7599067510865574,41.649823796927599],[-4.7599419906748874,41.649863788330656],[-4.7599767296157465,41.649899283132299],[-4.7600107195796308,41.649934789394671],[-4.7600444576367194,41.649974802862353],[-4.7600776974616235,41.650010320593765],[-4.7601103096747241,41.650050351285763],[-4.7601424248739042,41.650085887124497],[-4.7601739124394591,41.650125935024413],[-4.7602049017597654,41.650161487190267],[-4.7602352634735174,41.650201552318414],[-4.7602652507160439,41.650241623174495],[-4.7602944865762833,41.650281705532642],[-4.7603233479634826,41.65032179361954],[-4.760351711114609,41.650357386875079],[-4.7603813239935944,41.650397463434267],[-4.7604120616419303,41.650437522754132],[-4.7604442997727858,41.650477559077714],[-4.7604771643702231,41.650513082437243],[-4.7605111549383921,41.650548588536331],[-4.7605463940801291,41.650588578852322],[-4.7605826342216258,41.650624051364332],[-4.7606196270033356,41.650659511432139],[-4.7606576219530092,41.650690452775756],[-4.7606968642880414,41.650725878350286],[-4.7607372338044813,41.650761286639515],[-4.7607782285720273,41.650792181976868],[-4.7608203505424997,41.650823060927294],[-4.7610817274625248,41.650967666195598],[-4.761286240624,41.651063606437859],[-4.7613453666105379,41.650952728208502],[-4.7623200548887947,41.649491393272136],[-4.7633092444491423,41.649043535846928],[-4.7637899136797897,41.649051201078947],[-4.7637339081103587,41.648780957710855],[-4.7637814247204613,41.648647469413483],[-4.7639450368595613,41.648662791292395],[-4.7639902554403726,41.648202933941519],[-4.7639453833496281,41.648186779301582],[-4.7636725599340171,41.646262624438734],[-4.7642919743621013,41.644921469957595],[-4.7650314418557871,41.644130490847246],[-4.7645533837682006,41.643689025087703],[-4.7644926548063955,41.643204522330336],[-4.7624364392784617,41.643295672713613],[-4.760236897070377,41.643050174107749],[-4.7559625593094594,41.642867878019231],[-4.7534978244110917,41.642887498192799],[-4.7519969480827839,41.642833831557574],[-4.7495728700271327,41.642469961545885],[-4.7454309405278936,41.64156021321773],[-4.744524139688334,41.64127225637651],[-4.7433074306950829,41.640970978886742],[-4.7432906402630257,41.641016268188167],[-4.7432746011039546,41.641061545189373],[-4.7432683342580875,41.641079653731616],[-4.7432578118033017,41.641106833567711],[-4.7432405242634337,41.641147626133105],[-4.7432226091366525,41.641192931584392],[-4.7432038213099865,41.641233746902685],[-4.7431842845384837,41.641274573578677],[-4.7431644946333797,41.641319907459376],[-4.7431438308276768,41.641360751224269],[-4.743122418073221,41.641401606345937],[-4.7431003765159501,41.641446974369742],[-4.7430778391202324,41.641487846541942],[-4.7430545515716673,41.641528730088062],[-4.743030888331484,41.641569619327775],[-4.7430061004730888,41.641610525620436],[-4.7429809369449201,41.641651438506251],[-4.7429553976977168,41.641692356184421],[-4.7429287338276893,41.641733290914047],[-4.7429016954606809,41.641774231317278],[-4.742874281395749,41.641815177412106],[-4.7428459958361548,41.641851633349631],[-4.7428170814455273,41.641892602185102],[-4.7427874168889916,41.641933582390088],[-4.7427572553042179,41.641970066757068],[-4.7427268405445453,41.642011058323497],[-4.7426955554938299,41.642047559711855],[-4.7426635190762978,41.642084072485972],[-4.7426312282746226,41.642125092476626],[-4.742598068384611,41.642161622269256],[-4.7425645303904389,41.642198157785828],[-4.7425302446499318,41.642234705531784],[-4.7424955807792619,41.642271258100507],[-4.7424601691357982,41.642307821997235],[-4.7424243829853152,41.642344391561544],[-4.7423878454592128,41.642380972507354],[-4.7423509310238945,41.642417559156208],[-4.742313147514329,41.642449655602107],[-4.742275109593594,41.642486259260572],[-4.7422365746694295,41.642518367073805],[-4.7421974108592444,41.642554987776208],[-4.7421577512493167,41.642587112614059],[-4.7421174639463324,41.642623750321796],[-4.7420766784467689,41.64265589220021],[-4.7420355184373388,41.6426880397415],[-4.7419939827172337,41.642720192963417],[-4.7419516980163312,41.642752357523911],[-4.7419090376032083,41.642784527763936],[-4.7418660026774884,41.642816703664955],[-4.7418220951032168,41.642844389409454],[-4.7417779342823145,41.642876582343312],[-4.7417332752875723,41.642904279443293],[-4.741688364239411,41.642936483713719],[-4.7416425817514893,41.642964197806592],[-4.7415969216738576,41.642996413393597],[-4.7415503877606575,41.643024138838037],[-4.7415034805359459,41.643051869921116],[-4.7414565732707548,41.643079600985686],[-4.7414100404369863,41.643107326357018],[-4.7413631318907496,41.643135057402937],[-4.741316598976506,41.643162782737697],[-4.741270064821868,41.643190508072436],[-4.741223653051839,41.643222734901485],[-4.7411774944868066,41.643250454507736],[-4.7411313370821926,41.643278174077878],[-4.7410848039644051,41.643305899321994],[-4.7410387676921415,41.64333812038722],[-4.7409929834380762,41.643365834248357],[-4.74094682587112,41.643393553746961],[-4.7409010427381837,41.64342126755453],[-4.7408553807656446,41.643453482875856],[-4.7408095963504486,41.643481196666464],[-4.7407638130960255,41.643508910421261],[-4.7407185254673845,41.643541120017588],[-4.7406727421311157,41.64356883373739],[-4.7406273344305134,41.643596541749154],[-4.7405824223474591,41.643628745603394],[-4.7405370145657191,41.643656453580746],[-4.7404917267201663,41.643688663091027],[-4.7404466933327507,41.643716365362152],[-4.7404017810760939,41.643748569148478],[-4.7403567464078185,41.643776271403773],[-4.7403122097409875,41.643808469466869],[-4.7402675506688912,41.643836165999069],[-4.7402226382394028,41.643868369718035],[-4.7401783547642058,41.643896060527688],[-4.7401338167254083,41.643928258542438],[-4.7400891586937526,41.643955954989629],[-4.7400449962466435,41.643988147282577],[-4.7400008337555155,41.644020339559226],[-4.7399565500805023,41.644048030286513],[-4.7399127619821106,41.644080216860509],[-4.739868600562307,41.644112409070139],[-4.7398246912453956,41.644140094078637],[-4.7397809030188451,41.644172280604373],[-4.7397371159246919,41.644204466195568],[-4.7396935821675878,41.644232145468251],[-4.7396497938132489,41.644264331945934],[-4.7396063810947053,41.644296512720452],[-4.7395544632180329,41.644333325596115],[-4.7395198100969278,41.644356367001521],[-4.7394767717314696,41.64438854206027],[-4.7394333600435052,41.644420722753836],[-4.7393903215921469,41.64445289778152],[-4.7393476587785113,41.644485067107389],[-4.7393044991452049,41.644512740570001],[-4.7392614617686233,41.64454491553316],[-4.7392187988300583,41.644577084813093],[-4.7391757601677105,41.644609259763612],[-4.7391327226627835,41.644641434680494],[-4.7390896851150099,41.644673609581893],[-4.7390465252448255,41.644701282951274],[-4.739003487614216,41.644733457821651],[-4.7389604487404986,41.644765632694721],[-4.7389174110241816,41.644797807534147],[-4.7388743720647692,41.64482998237628],[-4.7388313330625049,41.644862157202951],[-4.7387877996485646,41.644889835226863],[-4.7387447605632698,41.644922010022334],[-4.7387017226353905,41.644954184784218],[-4.7386583089810452,41.644986365214749],[-4.7386151487164012,41.645014038428158],[-4.7385717349786702,41.645046218827261],[-4.7385283211976983,41.645078399210583],[-4.7384852830578517,41.645110573894613],[-4.7384418691905861,41.645142754246599],[-4.7383983354441819,41.645170433028753],[-4.7383549214933369,41.645202613349163],[-4.7383118807838303,41.645234788007102],[-4.7382684667466997,41.645266968296163],[-4.7382249316416791,41.645294647033253],[-4.738181517520955,41.645326827290717],[-4.7381381033569898,41.645359007532441],[-4.7380943158642603,41.645391193404443],[-4.7380507806005792,41.645418872077997],[-4.7380073651093122,41.645451052290404],[-4.7379639519511523,41.645483231550465],[-4.7379201606865662,41.645515417413172],[-4.7378766264644838,41.645543096005035],[-4.7378328363160316,41.645575281817599],[-4.7377894230116082,41.645607461914594],[-4.7377455117833733,41.645635146158149],[-4.7377020971948731,41.645667326241593],[-4.7376583080754759,41.645699511972097],[-4.7376145177121662,41.645731697704704],[-4.7375709820124738,41.645759376203202],[-4.7375271915650075,41.645791561903842],[-4.7374834022741812,41.645823747570297],[-4.7374394919674039,41.645851431683056],[-4.7373957013919537,41.645883617335528],[-4.7373519107728734,41.645915802971963],[-4.7373080003468742,41.645943487036305],[-4.7372642108437262,41.645975672622484],[-4.7372200456071072,41.646007863872157],[-4.7371761338614329,41.646035547906131],[-4.7371323418295335,41.646067733480265],[-4.7370881764641863,41.646099924681238],[-4.7370442669996926,41.646127608630366],[-4.7370004772401861,41.646159794119917],[-4.736956309345512,41.646191985308434],[-4.7369120252466113,41.646219673969156],[-4.7368682341584414,41.646251859428411],[-4.7368240685354186,41.646284050531783],[-4.7367643896769982,41.64632548281476],[-4.7364572374205114,41.646541782840231],[-4.735474454545729,41.647241140316247],[-4.7354312926048614,41.647268812360032],[-4.7353890004573476,41.647300974618453],[-4.735346709443907,41.647333135943498],[-4.735305167408117,41.647365286843289],[-4.735264497555109,41.647401927923717],[-4.7352237056310837,41.647434067466804],[-4.7351836650639552,41.647466195649933],[-4.7351441197752111,41.647502819706745],[-4.7351048293240776,41.647534936535841],[-4.7350660341473629,41.647571549239537],[-4.7350278671135619,41.647603649079805],[-4.7349901977514097,41.647640244759508],[-4.7349532785465218,41.647676829100938],[-4.7349166117950876,41.647708906252888],[-4.7348804427103035,41.647745479245742],[-4.734844648085196,41.647782046573901],[-4.7348096036212421,41.647818602565842],[-4.7347749348190362,41.647855152875877],[-4.7347410149798561,41.647891691868942],[-4.7347074708041603,41.647928225180912],[-4.7346747975828514,41.647969248701465],[-4.7346423780355194,41.648005765017373],[-4.7346103341541133,41.648042275653353],[-4.7345791612240138,41.64808327649942],[-4.7345482443772475,41.648119770105573],[-4.7345181960794402,41.648160753959154],[-4.7344884038707402,41.648197230573452],[-4.7344591057064704,41.64823820308883],[-4.7344309334160899,41.648279158603238],[-4.7344027610906574,41.648320114111151],[-4.7343755926720226,41.648356551094267],[-4.734348546191498,41.648397489596228],[-4.7343222498861097,41.64843841676965],[-4.7342967037572992,41.64847933261499],[-4.7342719078065203,41.648520237132729],[-4.7342471106247208,41.648561141663563],[-4.7342234393283862,41.648602029197356],[-4.7342001425082065,41.648642911074717],[-4.734177597071243,41.648683781607851],[-4.7341555468682985,41.648729148028352],[-4.7341337527875904,41.648770007213734],[-4.7341130809989034,41.648810849458577],[-4.7340929068442481,41.648856187555488],[-4.7340729864182673,41.648897018454264],[-4.7340541906896263,41.648937832377456],[-4.7340355168870056,41.648983147822975],[-4.7340178482352719,41.649023944732143],[-4.7340006748164773,41.649069237530838],[-4.7339841296453331,41.649110017481348],[-4.7339680809075109,41.6491552933037],[-4.7339527835662576,41.649200557785434],[-4.7339381144795043,41.649241309419736],[-4.7339239418267116,41.649286556926455],[-4.7339105181740013,41.649331793129477],[-4.7338977263832795,41.649372516431413],[-4.7338858031368201,41.649417729991583],[-4.7338750058060581,41.649462926561597],[-4.7338649598829026,41.649508111792628],[-4.7338560374789722,41.649553280070222],[-4.7338482409973341,41.649598431358363],[-4.7338410752153584,41.649639070665081],[-4.7338351548735274,41.649684193643751],[-4.7338303592601481,41.649729299651526],[-4.7338311921247866,41.649774320734423],[-4.7338312723660003,41.64981935317283],[-4.7338321040342075,41.649864374273093],[-4.7338333114178104,41.649909389704128],[-4.7338345176037997,41.649954405152847],[-4.7338360995062283,41.649999414932267],[-4.733838432863978,41.650044414273722],[-4.7338407638011546,41.650089412750631],[-4.7338434716574929,41.650134405540037],[-4.7338465540330343,41.650179392678083],[-4.7338500121289249,41.650224374146632],[-4.733853843545214,41.650269349981869],[-4.7338576773686327,41.650314325780307],[-4.7338622590288981,41.650359290294432],[-4.7338672176130023,41.650404249120704],[-4.7338721750046906,41.650449207964407],[-4.7338775093212622,41.650494161120221],[-4.7338835915029716,41.650539103891646],[-4.7338896760708096,41.650584045725736],[-4.7338961351651134,41.650628981907907],[-4.7339029675862898,41.650673912456227],[-4.7339101769362584,41.650718837316269],[-4.7339177608150358,41.650763756524135],[-4.7339257204237803,41.650808670061693],[-4.7339336788442505,41.650853583616232],[-4.7339416372768266,41.650898497169699],[-4.7339499726410379,41.650943405034532],[-4.7339583056412673,41.650988313834745],[-4.7339670167504,41.651033216027791],[-4.7339757254719146,41.651078118255839],[-4.7339843134524111,41.651118518940891],[-4.7339930233997904,41.651163421148418],[-4.7340021078806123,41.65120831770323],[-4.7340111923750925,41.651253214256762],[-4.7340202768832311,41.65129811080898],[-4.7340297371264874,41.651343001690194],[-4.73403919738392,41.651387892570042],[-4.7340490322012734,41.651432778697185],[-4.7340584912869295,41.651477669592389],[-4.7340683261092567,41.651522554816374],[-4.7340785366690321,41.651567434369021],[-4.734088626480534,41.651607812379019],[-4.734098835869438,41.651652691946815],[-4.7341090464739439,41.651697571494992],[-4.7341196328174231,41.651742445371603],[-4.7341302167758288,41.651787319282839],[-4.7341408019745224,41.651832194074679],[-4.7341517628893266,41.651877062294481],[-4.7341623480955768,41.651921936182774],[-4.7341735639967704,41.651962297188369],[-4.7341845225585564,41.652007165439429],[-4.7341958592629299,41.652052027982251],[-4.7342075705094695,41.652096884871085],[-4.7342189060472224,41.652141747428466],[-4.7342306173280546,41.652186604313648],[-4.7342423274499188,41.652231462115402],[-4.7342542925139108,41.652271811804269],[-4.7342663783724923,41.652316663031463],[-4.7342784642488649,41.652361514256746],[-4.7342905501430179,41.652406365480076],[-4.7343030117828189,41.652451211030787],[-4.7343153526579167,41.652491555039589],[-4.7343472820805266,41.652576637025881],[-4.7343496135471268,41.652621636365282],[-4.7343519473947016,41.652666634767691],[-4.7343542788457702,41.652711633205882],[-4.7343566127019683,41.652756631607375],[-4.7343589441616603,41.652801630044685],[-4.7343612780264888,41.652846628445317],[-4.7343636106952172,41.652891626863614],[-4.7343659433682586,41.65293662528147],[-4.7343682748451847,41.652981623716968],[-4.7343702341965193,41.653026627768696],[-4.7343725656818085,41.653071626203328],[-4.7343745238405592,41.653116630272315],[-4.7343768553583807,41.653161629606359],[-4.7343788135249758,41.653206633674493],[-4.7343811474278423,41.653251632071125],[-4.7343831044018616,41.653296636156519],[-4.7343850613796707,41.653341640241472],[-4.7343873952949602,41.653386638636803],[-4.7343893510801749,41.653431642739015],[-4.734391309270042,41.653476646804585],[-4.7343932674637017,41.65352165086972],[-4.7343942826652734,41.653544983677868],[-4.734395224484885,41.653566655852906],[-4.7343963249785395,41.653593659414881],[-4.734397182686128,41.653611659917182],[-4.7343991396907352,41.653656663999179],[-4.7344007221644695,41.653701673733806],[-4.7344026803768271,41.653746677796839],[-4.7344046373925464,41.653791681877586],[-4.7344062198766119,41.653836691610991],[-4.7344081781000842,41.653881695672766],[-4.7344097605909505,41.653926705405361],[-4.7344117176213008,41.653971709484431],[-4.7344133013194041,41.65401671919809],[-4.7344148826440646,41.654061729847896],[-4.7344168408857152,41.654106733907589],[-4.7344184233934534,41.654151743638167],[-4.7344200059044619,41.654196753368339],[-4.7344215884187397,41.654241763098113],[-4.734423170936287,41.654286772827469],[-4.7344247522566647,41.654331782574545],[-4.7344263359811949,41.654376792284992],[-4.734427918508552,41.654421802013154],[-4.7344287507605456,41.654466823065512],[-4.7344295818143305,41.654511844135612],[-4.7344304152712313,41.654556865169113],[-4.7344308718137551,41.654601892792044],[-4.7344305780531091,41.654646930838993],[-4.7344306600339614,41.654691963214205],[-4.7344299917342374,41.654737006913734],[-4.7344293234346493,41.654782050612951],[-4.7344282805940185,41.654827099965118],[-4.7344272377530014,41.654872149316972],[-4.7344258179689849,41.654917204358021],[-4.734424023642104,41.654962265052035],[-4.7344218547715657,41.655007331398991],[-4.734419685899069,41.655052397745642],[-4.7344171424818686,41.655097469745215],[-4.7344142233187245,41.655142547415878],[-4.7344113029762758,41.655187626004611],[-4.7344080092635856,41.655232709327841],[-4.7344043386026451,41.655277798340222],[-4.7343922053626972,41.655413082298608],[-4.7343874098497691,41.655458188287305],[-4.7343826155316728,41.655503294257457],[-4.7343774454621173,41.655548405898507],[-4.7343717788402415,41.655589021673094],[-4.7343662330119471,41.65563413898456],[-4.7343603126308338,41.655679261948734],[-4.7343543922425226,41.655724384912425],[-4.7343477227536983,41.65576951918186],[-4.7343410508556749,41.655814653486956],[-4.7343340044263726,41.655859794344927],[-4.7343269579641225,41.655904934301994],[-4.7343195369453799,41.655950079911541],[-4.7343117401688843,41.655995231191596],[-4.7343039445830195,41.656040382452865],[-4.7342956524414825,41.656081037847471],[-4.7342871053376134,41.656126200449563],[-4.7342781836738519,41.656171368703859],[-4.7342692619986657,41.656216536957373],[-4.7342599645620611,41.656261710881083],[-4.7342502925637175,41.656306890456833],[-4.7342406205528924,41.656352070031645],[-4.7342304519851615,41.65639275373946],[-4.7342204041985552,41.656437938983387],[-4.7342096072973199,41.656483135531857],[-4.7341988091815388,41.656528332097366],[-4.7341880110516925,41.656573528661831],[-4.7341703138228652,41.656641346144234],[-4.7341711471771077,41.656686367166564],[-4.7341716024040155,41.656731394795862],[-4.7341716854569205,41.656776427140905],[-4.7341710158039669,41.656821470845287],[-4.7341699727986022,41.656866520183883],[-4.734168554039055,41.656911575192922],[-4.7341663861714647,41.65695664150698],[-4.7341638413471054,41.657001713509594],[-4.7341609207656816,41.657046791182644],[-4.7341571302810701,41.657087378623984],[-4.7341530848288604,41.657132473272398],[-4.7341482914628594,41.657177579207577],[-4.7341434956902413,41.657222685178589],[-4.7341375738448592,41.657267808143203],[-4.7341316543932725,41.657312931071111],[-4.7341249822453424,41.657358066258325],[-4.7341179355088263,41.657403206197216],[-4.7341105142070958,41.657448351788069],[-4.7341023425821707,41.657493508701442],[-4.7340937951894198,41.657538671284698],[-4.7340848732285545,41.657583839519667],[-4.7340750801527545,41.657624517540384],[-4.7340650320947812,41.657669702767187],[-4.7340546106663197,41.657714893627308],[-4.7340434365063127,41.657760095845447],[-4.7340318877731988,41.657805303714788],[-4.7340198448815638,41.657846015680683],[-4.7340071700404938,41.657891240540557],[-4.7339944963832146,41.657936465380921],[-4.7339805758466165,41.657977205676225],[-4.7339667760995985,41.658022448406605],[-4.7339522271900254,41.658067701539196],[-4.7339371805192654,41.658108458821893],[-4.7339218800493885,41.658153723291065],[-4.7339058304374477,41.658198999062172],[-4.7338892842647109,41.658239778964742],[-4.7338724830867731,41.658285066071407],[-4.7338551853484665,41.658325857309229],[-4.7338372604406409,41.658371161366382],[-4.7338188365714853,41.658411969590468],[-4.7338001600904356,41.658457284981729],[-4.7337806112866918,41.658498110173014],[-4.7337606878961802,41.658538941012665],[-4.7337405106869799,41.658584279037008],[-4.7337198381195345,41.658625121172904],[-4.7336987897626184,41.658665968974731],[-4.7336771106160809,41.658711329648227],[-4.7336549361123899,41.658752194432488],[-4.7336323858165441,41.658793064881948],[-4.7336090863637743,41.658833946629358],[-4.733585411116926,41.658874834041399],[-4.7335613612757879,41.658915727099775],[-4.7335369356391075,41.658956625822348],[-4.7335121354066825,41.658997530190788],[-4.7334865848114971,41.659038445873641],[-4.733461032984108,41.659079361569283],[-4.7334347307920028,41.659120288578698],[-4.7334080552013029,41.659161221214767],[-4.7333806280429425,41.659202165181931],[-4.733353202051009,41.659243109124809],[-4.7333249025461255,41.65927956287927],[-4.7332963503838599,41.65932052379609],[-4.7332674224178062,41.659361490374344],[-4.7332379979099963,41.659397961076685],[-4.7332083207371713,41.659438938940681],[-4.7331777712560852,41.659475426595982],[-4.7331473424723383,41.659516415780764],[-4.7331160425829424,41.659552914737873],[-4.7330844875922287,41.659593919991394],[-4.7330524372915788,41.659630430249059],[-4.7330200111850615,41.659666946165579],[-4.7329873323941953,41.659707969241836],[-4.7329537813024034,41.659744502106093],[-4.732920230173038,41.659781034961057],[-4.7328863032351443,41.659817573473639],[-4.7328516271180154,41.659854123274101],[-4.7328136945315364,41.659895225529972],[-4.7334411597855857,41.660228019454799],[-4.7339751010674247,41.660418112914989],[-4.7350244747485499,41.66054187956766],[-4.7356566882099802,41.660631407429385],[-4.7383792355928378,41.661031589183764],[-4.739174409488883,41.661123136400661],[-4.7397138638014251,41.661182522309787]]]},"properties":{"OBJECTID":34,"JOIN_COUNT":1,"TARGET_FID":34,"CODIGO_BAR":"12","NOMBRE_BAR":"HUERTA DEL REY","ORIG_FID":17,"SHAPE.AREA":2811599.3278776999,"SHAPE.LEN":9329.8793615007107}},{"type":"Feature","id":35,"geometry":{"type":"Polygon","coordinates":[[[-4.7147024257350125,41.662184374186594],[-4.7150789392320824,41.662723663527146],[-4.7162558594000492,41.661755884509653],[-4.7188181653946515,41.659632534328345],[-4.7196843518442826,41.658966588748534],[-4.7216194294835949,41.657919856352812],[-4.7219646348245705,41.657761570365103],[-4.7222568499155884,41.657685138100874],[-4.7214025937663884,41.657049450689648],[-4.7213805997828047,41.656928189362141],[-4.7209161098671855,41.656538848862276],[-4.7207175665955425,41.656397713593634],[-4.7195350978962498,41.654807708748521],[-4.7194345500017283,41.654710139282805],[-4.719369729560837,41.654643557809479],[-4.7178116861427242,41.654085921095025],[-4.7170533333674118,41.654344938660458],[-4.7162879357254184,41.654734654076613],[-4.7135270485090812,41.656158385356974],[-4.7134259973900141,41.65674983310835],[-4.7119209559572441,41.656875837987052],[-4.7112261071581907,41.656728568125942],[-4.7112109772152859,41.656823364130226],[-4.7112046635843443,41.65686849181342],[-4.7112006020947028,41.656913585957682],[-4.7111987939515929,41.656958646545341],[-4.711199608916063,41.657003668070061],[-4.7112026772370275,41.657048656038043],[-4.7112079941171041,41.657093610520519],[-4.7112163146818258,41.657138520271928],[-4.7112267646209212,41.657178894945822],[-4.7112403374738765,41.657223727378351],[-4.7112565358435656,41.657268519808426],[-4.7112752393596597,41.65730877156232],[-4.7112966900254891,41.657353485766478],[-4.7113202724846674,41.657393664852066],[-4.7113464805011924,41.657433804829935],[-4.7113753164808729,41.657473905662485],[-4.7114063998646269,41.657513973015554],[-4.7128066736172034,41.659510623045882],[-4.7128808213420044,41.659617598516199],[-4.7129682001419413,41.659742390151628],[-4.7132513166609886,41.660143473810038],[-4.7147024257350125,41.662184374186594]]]},"properties":{"OBJECTID":35,"JOIN_COUNT":1,"TARGET_FID":35,"CODIGO_BAR":"07","NOMBRE_BAR":"HOSPITAL","ORIG_FID":12,"SHAPE.AREA":437194.24242432497,"SHAPE.LEN":2811.3404652475901}},{"type":"Feature","id":36,"geometry":{"type":"Polygon","coordinates":[[[-4.6989299244972633,41.663220209996936],[-4.7011823407454738,41.664587438745599],[-4.7042950947334798,41.660055968869855],[-4.7044043663083759,41.659901233687009],[-4.7073233340074809,41.655651762222682],[-4.7084834717442403,41.653963771278029],[-4.7092322260028823,41.652871828728387],[-4.7104031621736393,41.65117014730874],[-4.7101297339572934,41.651048121534117],[-4.7100737392072629,41.651030941355081],[-4.7100177420854505,41.651013761183854],[-4.7099611174269791,41.65100109369402],[-4.7099039955639466,41.650983929303145],[-4.7098466195040674,41.65097127293749],[-4.7097888665413628,41.650958622151038],[-4.7097311148007845,41.650945971317242],[-4.7096727306949573,41.650937833233506],[-4.7096142299469443,41.650925193484504],[-4.7095554713254648,41.650917060012191],[-4.7094967127416112,41.650908927409866],[-4.7094375784478242,41.650900800366465],[-4.7093780720453919,41.650892678827852],[-4.7093186822920936,41.65088905889418],[-4.7092591723122066,41.650880937347054],[-4.7091994080272483,41.650877322021877],[-4.7091396437717439,41.650873707565822],[-4.7090795025978585,41.650870098684493],[-4.7090198585691416,41.650870985748988],[-4.7089597186027721,41.650867376786927],[-4.7088996976487687,41.650868269394586],[-4.7088396766682674,41.650869161070602],[-4.7087796557088586,41.650870053615606],[-4.7087196347467435,41.650870946129288],[-4.7086597327719542,41.650876340213536],[-4.7086002065099368,41.650881728680197],[-4.7085401843309587,41.650882621118221],[-4.7084732745311371,41.650892621769415],[-4.7042886712937175,41.651053824945478],[-4.7020215075710414,41.650992850192537],[-4.7005568339107349,41.650951483972456],[-4.6970299459687235,41.650850500342287],[-4.6928543434637087,41.650754460715554],[-4.6925395885425099,41.651547186932589],[-4.6923093069814925,41.652370192734999],[-4.6921720032359309,41.653534084372502],[-4.6921950885916388,41.65441640652439],[-4.6924376649301252,41.655669275039152],[-4.6928072527250171,41.656956299616517],[-4.6934289308896391,41.658266629909662],[-4.6939647596056719,41.659078346293413],[-4.6940417251914095,41.659196251920442],[-4.6941278140904323,41.659328132041502],[-4.6948640434431397,41.660195433978167],[-4.6955971071048106,41.66094118768784],[-4.6970946300675553,41.662053933254086],[-4.6989299244972633,41.663220209996936]]]},"properties":{"OBJECTID":36,"JOIN_COUNT":1,"TARGET_FID":36,"CODIGO_BAR":"11","NOMBRE_BAR":"PILARICA - LOS SANTOS","ORIG_FID":16,"SHAPE.AREA":1446997.1701595599,"SHAPE.LEN":4965.4750155213405}},{"type":"Feature","id":37,"geometry":{"type":"Polygon","coordinates":[[[-4.7169113630792108,41.666100846989544],[-4.7182797203125606,41.668732877118579],[-4.7183081343148494,41.668714438787006],[-4.7183543196253757,41.668686727973324],[-4.7184007621790922,41.668654509938257],[-4.7184476990566813,41.668626787847295],[-4.7184950105178798,41.66859906013493],[-4.7185426965621566,41.668571326800716],[-4.7185903837898824,41.668543594329705],[-4.718638189510564,41.668520362521711],[-4.7186866258820723,41.668492617905073],[-4.7187350634123932,41.668464873250706],[-4.7187838755239682,41.66843712297279],[-4.7188328073652377,41.668413874238951],[-4.7188819964198512,41.668386118280765],[-4.7189316774317343,41.668362858297819],[-4.7189812410507965,41.6683350975945],[-4.7190312978099449,41.668311831947335],[-4.7190813557332874,41.668288566260976],[-4.7191316684500375,41.668260793384945],[-4.7191824755406255,41.668237516445977],[-4.7192332837948374,41.668214239467169],[-4.7192844654328496,41.66819095687908],[-4.7193360252810317,41.66816766950965],[-4.7193875838668689,41.668144381235344],[-4.7194391412143197,41.668121092956497],[-4.7194910743458474,41.668097799031081],[-4.7195341219489508,41.668079141410061],[-4.7195433820602872,41.668074499476631],[-4.7195958107607678,41.668055701443599],[-4.7196484942475321,41.668032397118431],[-4.7197012975025467,41.668013593431809],[-4.7197543555121788,41.667990282552267],[-4.7198075357223752,41.667971473175086],[-4.7198609694787201,41.667948156622472],[-4.7199148976611713,41.667929336000206],[-4.7199684512156397,41.66791052186106],[-4.7200226353018078,41.667887194001942],[-4.7200765645850051,41.667868373287476],[-4.7201312430750306,41.667849541332004],[-4.7201855469131297,41.667830714959358],[-4.7202406011580536,41.667811877326663],[-4.7202954006462674,41.667797547738282],[-4.7203504560301415,41.667778710036011],[-4.7204058847993835,41.667759866716871],[-4.7204613147362648,41.667741023353599],[-4.7205168633257628,41.667726681542803],[-4.7205726690195808,41.667707832499509],[-4.7206659953818164,41.667688422471649],[-4.7207234217721536,41.667674052441477],[-4.7207808457346845,41.667659682418993],[-4.720838016161772,41.667649819520683],[-4.7208946908393674,41.6676354606629],[-4.7209512455987044,41.667616601118176],[-4.721007920220333,41.66760224220549],[-4.7210642201981612,41.667587888876412],[-4.7211205189494452,41.667573535538182],[-4.7211763231257029,41.667554686224982],[-4.721232247204072,41.667540338444439],[-4.7212876779248694,41.667521495572203],[-4.7213427291686223,41.66750265745744],[-4.7213977839816392,41.667483819262891],[-4.7214525828946501,41.667469488231568],[-4.7215072618283269,41.667450655615944],[-4.7215614449540615,41.667427327047086],[-4.7216166172205511,41.667412991244547],[-4.72167204649024,41.66739414730835],[-4.7217279703125641,41.667379799290806],[-4.7217841499531072,41.667360944057044],[-4.7218408241533014,41.667346584740628],[-4.7218978729435825,41.667332219782871],[-4.7219552987490463,41.66731785004756],[-4.7220128432922417,41.66730798095918],[-4.722070643640687,41.667293604652549],[-4.7221289385751009,41.667283724259981],[-4.7221872334907333,41.66727384383816],[-4.7222459030272432,41.667263958672457],[-4.7223049483371229,41.667254066943656],[-4.7223641136409702,41.667248676741551],[-4.7224231589167927,41.667238784952602],[-4.7224826988102002,41.66723338907434],[-4.7225422399173258,41.667227994047721],[-4.7226017809894856,41.667222598090135],[-4.7226616966659618,41.667217196485559],[-4.7227213565532153,41.667216302040309],[-4.7227812722117646,41.667210900373661],[-4.722841307929377,41.667210001131899],[-4.7229013436202498,41.667209100958459],[-4.7229613793083995,41.667208200753699],[-4.7230214149938083,41.667207300517582],[-4.723081570739339,41.667210901805134],[-4.7231417253138464,41.667214503979409],[-4.7232013875849228,41.667213609249018],[-4.723261542142505,41.667217210460031],[-4.7233215766261125,41.667216310084996],[-4.723381612307687,41.667215409660606],[-4.7234416480105352,41.667214510105168],[-4.7235013090715121,41.667213615237102],[-4.7235612246486092,41.667208213164976],[-4.7236207655996107,41.66720281668119],[-4.7236803053389593,41.667197420184742],[-4.7237394704763966,41.667192030177723],[-4.7237985154662168,41.66718213768678],[-4.7238571858221698,41.66717225078596],[-4.723915479143086,41.667162369511921],[-4.7239732789064988,41.66714799225818],[-4.7240308229807795,41.667138123067758],[-4.7240878722653932,41.667123757016711],[-4.7241444267729191,41.66710489500629],[-4.7242003485564021,41.6670905458177],[-4.7242557767566584,41.667071700653409],[-4.7243104532944189,41.667052866742274],[-4.7243647552097228,41.667034039327795],[-4.7244183066403966,41.66701522224988],[-4.7244709874524462,41.666991914857952],[-4.7245230379605303,41.666973120256998],[-4.7245742178444727,41.666949835344276],[-4.7246252787225016,41.666922048839744],[-4.7246764597288724,41.666898763864729],[-4.7247268890946943,41.666875491049836],[-4.7247773171989964,41.666852217331119],[-4.7248272516717016,41.666824447644949],[-4.7248773062873433,41.666801179488871],[-4.7249266092404882,41.666777922594875],[-4.7249761677776263,41.666750158487588],[-4.7250249758472336,41.666722405625507],[-4.7250735294862807,41.666699160818482],[-4.7251219628631942,41.666671413540563],[-4.7251700203860461,41.666643671885353],[-4.7252180778673392,41.666615930210661],[-4.7252653848841204,41.666588199783966],[-4.7253126918600152,41.666560469338428],[-4.7253596241842306,41.666532744499079],[-4.7254061806565986,41.666505025284359],[-4.7254527359121452,41.666477306969767],[-4.725498543083547,41.666449598969471],[-4.7255442275829971,41.666417389437818],[-4.7255896588616819,41.666389687046092],[-4.725634594053636,41.666357488731293],[-4.7256792736306217,41.666329797593235],[-4.7257238353273738,41.666297604852836],[-4.725767763204634,41.666269924969988],[-4.7258115743971354,41.666237743467505],[-4.7258550085598632,41.66620556851192],[-4.725897692237357,41.666173403911742],[-4.7259403758723595,41.666141239296344],[-4.7259826848566169,41.666109080292728],[-4.7260249925980986,41.666076921292174],[-4.726066549881125,41.666044773549224],[-4.7261077325151764,41.66601263141925],[-4.7261489151082845,41.665980489275114],[-4.726189348445951,41.665948358372113],[-4.7262297793661734,41.665916228391865],[-4.7262693407291225,41.665879607204957],[-4.7263090223293753,41.665847487553492],[-4.7263478343928425,41.665810877596826],[-4.7284048571198722,41.663888548346009],[-4.7295134690023417,41.662885634045054],[-4.7314702380635953,41.661108865196425],[-4.7315241836434687,41.661063018730488],[-4.7300954834042184,41.660467573397824],[-4.7301360720938908,41.660399411892691],[-4.728869000796931,41.65989608974207],[-4.7288280497559452,41.659950746183419],[-4.7273034012222306,41.659428763102973],[-4.7224648401566034,41.658208914830105],[-4.7216194294835949,41.657919856352812],[-4.7196843518442826,41.658966588748534],[-4.7188181653946515,41.659632534328345],[-4.7162558594000492,41.661755884509653],[-4.7150789392320824,41.662723663527146],[-4.7154316143762491,41.663227280562467],[-4.716077400278464,41.664478581294766],[-4.7169113630792108,41.666100846989544]]]},"properties":{"OBJECTID":37,"JOIN_COUNT":1,"TARGET_FID":37,"CODIGO_BAR":"06","NOMBRE_BAR":"RONDILLA","ORIG_FID":11,"SHAPE.AREA":933193.86639302003,"SHAPE.LEN":3845.2801276569103}},{"type":"Feature","id":38,"geometry":{"type":"Polygon","coordinates":[[[-4.706619208149883,41.669528084824066],[-4.7068058528228143,41.669687434315136],[-4.7075982153368239,41.668774991794294],[-4.7093366485565422,41.667371119518613],[-4.7150789392320824,41.662723663527146],[-4.7147024257350125,41.662184374186594],[-4.7132513166609886,41.660143473810038],[-4.7129682001419413,41.659742390151628],[-4.7128808213420044,41.659617598516199],[-4.7128066736172034,41.659510623045882],[-4.7088852582756173,41.659555759315275],[-4.7088354143217597,41.660247520260789],[-4.7086133939332599,41.660512587045346],[-4.7082400179064656,41.660958350281049],[-4.7080582109915703,41.661130754081888],[-4.7080378857258234,41.661150028879938],[-4.7076814401244373,41.661382844747315],[-4.7065640006000002,41.660400585301687],[-4.7065244703063218,41.660348432709092],[-4.7064903378277583,41.660292598034026],[-4.7064619434431627,41.660233637912278],[-4.7064395702262836,41.660172140138343],[-4.7062199119995007,41.659560693478461],[-4.7059129028467526,41.659577127074584],[-4.7055905063906076,41.659662972553228],[-4.704835871160558,41.659953378037791],[-4.7044043663083759,41.659901233687009],[-4.7042950947334798,41.660055968869855],[-4.7011823407454738,41.664587438745599],[-4.7017687983111376,41.66492101307454],[-4.7023476378407674,41.665335756854915],[-4.7031121844042216,41.665945894121968],[-4.7035484960931608,41.666335723980616],[-4.7035774698695336,41.666366817952145],[-4.705595037012908,41.668570562699117],[-4.7063364961628427,41.669284597859161],[-4.706619208149883,41.669528084824066]]]},"properties":{"OBJECTID":38,"JOIN_COUNT":1,"TARGET_FID":38,"CODIGO_BAR":"05","NOMBRE_BAR":"SAN PEDRO REGALADO","ORIG_FID":10,"SHAPE.AREA":738714.79574822506,"SHAPE.LEN":3730.6454895440402}},{"type":"Feature","id":39,"geometry":{"type":"Polygon","coordinates":[[[-4.7108897025783074,41.67201349344753],[-4.7134241459121249,41.673164622376412],[-4.7141086364907032,41.672744609775584],[-4.7146872286234425,41.672281139031242],[-4.7151196832606157,41.671743289794705],[-4.7159096456426823,41.670772282794836],[-4.7159765221850103,41.670703733746763],[-4.716011965315003,41.670667177589145],[-4.7160474084052106,41.670630621421118],[-4.716082850254856,41.670594065260644],[-4.7161187874933193,41.670562005045355],[-4.7161546051259098,41.67052544415084],[-4.7161904226943472,41.670488882345403],[-4.71622661485788,41.670452314933669],[-4.7162628093822541,41.670415747475211],[-4.7162990002636915,41.670379180059726],[-4.7163351947067076,41.670342612579553],[-4.7163717625427513,41.670306039510365],[-4.7164084499485668,41.670273967998483],[-4.71644539353957,41.670237389292801],[-4.7164819612544555,41.670200816190189],[-4.7165189035618296,41.670164237479923],[-4.7165563413062852,41.670132155612166],[-4.716593284733519,41.670095576861172],[-4.7166306015514126,41.670058992519841],[-4.7166679207288071,41.670022408131096],[-4.7167057329263882,41.669990319719481],[-4.7167434254536227,41.669953729728128],[-4.7167812387745336,41.66992164127484],[-4.7168189312193958,41.669885051259833],[-4.7168569994542606,41.669848455617476],[-4.7168951872891176,41.669816361530685],[-4.7169332566414868,41.669779765846265],[-4.7169713247741756,41.66974317106807],[-4.7170098871213364,41.669711071346839],[-4.7170483297772963,41.669674470045848],[-4.7170872690773678,41.669642364665634],[-4.7171260886807298,41.669605757705547],[-4.7171650254995123,41.669573652335998],[-4.7172038450179405,41.669537045350843],[-4.7172427817569087,41.669504939956084],[-4.7172820954881658,41.669472828913818],[-4.7173212895094396,41.669436216291743],[-4.7173609777891121,41.669404099624515],[-4.7174005463531739,41.669367481377378],[-4.7174409838086397,41.669335353484946],[-4.7174814236493319,41.669303226443283],[-4.7175222368534069,41.669271092905866],[-4.7175633061586923,41.669234452170208],[-4.71760449510729,41.669202312986933],[-4.7176464344708799,41.669170162571241],[-4.7176883737927398,41.66913801214087],[-4.7177306877000946,41.669105856095378],[-4.717773378593809,41.669073694398456],[-4.7178161891488104,41.669046034252375],[-4.7178596280368881,41.669013862241528],[-4.7179030680584626,41.668981689296643],[-4.7179468838637426,41.668949510716907],[-4.7179911939668733,41.668921828085601],[-4.7180353843134331,41.668889643872134],[-4.7180800689630189,41.668861955606388],[-4.7181250096759833,41.668829760138728],[-4.7181704458976013,41.668802060599788],[-4.7182161369747337,41.668769853876206],[-4.7182619477637369,41.668742149600703],[-4.7182797203125606,41.668732877118579],[-4.7169113630792108,41.666100846989544],[-4.716077400278464,41.664478581294766],[-4.7154316143762491,41.663227280562467],[-4.7150789392320824,41.662723663527146],[-4.7093366485565422,41.667371119518613],[-4.7075982153368239,41.668774991794294],[-4.7068058528228143,41.669687434315136],[-4.7079090816538347,41.670481650290959],[-4.708656663562202,41.670956901150333],[-4.7093287552486753,41.671302671868652],[-4.7100148933413255,41.671625713684932],[-4.7108897025783074,41.67201349344753]]]},"properties":{"OBJECTID":39,"JOIN_COUNT":1,"TARGET_FID":39,"CODIGO_BAR":"04","NOMBRE_BAR":"BARRIO ESPAÑA","ORIG_FID":9,"SHAPE.AREA":567934.33354312496,"SHAPE.LEN":3073.2702027547798}},{"type":"Feature","id":40,"geometry":{"type":"Polygon","coordinates":[[[-4.7228493519380121,41.67916986548537],[-4.723282705274646,41.679661895340047],[-4.724070326285454,41.679217354008827],[-4.7245362019903494,41.678855769028424],[-4.7265671683711021,41.677089846530592],[-4.7305728967632774,41.673520129322696],[-4.7326940647597153,41.671639802890716],[-4.7329711612139169,41.671353472936666],[-4.7333435838959277,41.67087323924676],[-4.7334454892121016,41.670916508451228],[-4.7335204052194255,41.670948318426468],[-4.733572267468789,41.670970339135039],[-4.7335884802130668,41.670977217924815],[-4.7336040028144026,41.670983804499826],[-4.7336145508684542,41.670988279300872],[-4.7337286769220448,41.671036701237789],[-4.7337348094270562,41.671039303510277],[-4.7338998594635724,41.671109414186759],[-4.7339312319800833,41.671253409119601],[-4.7336064216837324,41.671556654422943],[-4.7336283161042791,41.671568352530393],[-4.7336124175332728,41.671582360945926],[-4.7338410615279898,41.671723568477397],[-4.7341386221347648,41.671466891313798],[-4.7344763889574217,41.671765183755866],[-4.7345832487545536,41.671708770271451],[-4.7345988883738963,41.671700916305852],[-4.7346017223418357,41.671699492796378],[-4.7346123555484159,41.671710128601838],[-4.7346727145219747,41.671676342929736],[-4.7346655343225796,41.671669621549889],[-4.7346688076388856,41.671668276068893],[-4.7347668945141628,41.671627970038678],[-4.7344369737081307,41.671092573049286],[-4.7351059366987283,41.670908375471321],[-4.7366023828314265,41.670853259509627],[-4.7367006520466823,41.671311116738643],[-4.7367981837645594,41.67139659049414],[-4.7368126466955953,41.671411821967318],[-4.7368158597230714,41.671415205852654],[-4.7371654564229324,41.671796128095977],[-4.7373471561857317,41.671928030993989],[-4.7373307476390556,41.67194636544189],[-4.7374193873102621,41.671975756007903],[-4.7376402128995272,41.67204897452028],[-4.7379955798070856,41.672197943041127],[-4.7383035401903655,41.672362479699487],[-4.7389215503939033,41.67279892821616],[-4.7391364612278162,41.67293601243842],[-4.7393127461121543,41.673061550743711],[-4.73948325968958,41.673170992017916],[-4.739501234234341,41.673162241899682],[-4.7395260119554505,41.67314556466868],[-4.7395646715248096,41.673126875927558],[-4.7396047344863845,41.673102311575406],[-4.7395993774300713,41.673068437447554],[-4.7395814853299703,41.672997285253786],[-4.7395728550677081,41.672926622402557],[-4.7395390323278495,41.672785819441785],[-4.7395319377180209,41.672714143500244],[-4.7395345578480912,41.67269545997668],[-4.7395382185454213,41.672684146188438],[-4.739544339063877,41.672670543486184],[-4.7395544827720499,41.672659131547711],[-4.7395661328794976,41.672650128609305],[-4.7395854909996933,41.672641819574302],[-4.739608270716551,41.672635710406475],[-4.739627171498273,41.672632722238021],[-4.7396550417166896,41.672632750608358],[-4.7396982454859442,41.672635609086171],[-4.7397507765357698,41.672641389497691],[-4.7397983929274705,41.67263859697475],[-4.7400369091043562,41.672618503837313],[-4.7401699979257099,41.672600096110124],[-4.7402875354863125,41.672577469058034],[-4.7404634213224748,41.672496320635673],[-4.7405065622106912,41.672455031651722],[-4.7405277052751966,41.672300503269653],[-4.7405242009047504,41.672298219116833],[-4.7408035769190864,41.672045113821298],[-4.7408653171180068,41.671989589742275],[-4.7408687966747207,41.671992914533938],[-4.7408853914430074,41.671980679699061],[-4.7409088790761285,41.67197410741219],[-4.7409359121021089,41.671956544573582],[-4.7409652352864544,41.671944128579739],[-4.7409955035745641,41.671922788836262],[-4.7410236629950058,41.671902717658206],[-4.7410953698088392,41.671853972188252],[-4.7411295090964609,41.671826372643388],[-4.7411587853747292,41.671799073748744],[-4.7411971569996174,41.671777949809652],[-4.7412403465691444,41.671763411494858],[-4.7412843318656197,41.671750140055508],[-4.7413319497717517,41.671723725019099],[-4.7413546183476614,41.671711595314385],[-4.7413916883978349,41.671623972094963],[-4.7413966021808838,41.671607554976951],[-4.7413992229648869,41.671608210574277],[-4.7414366733067776,41.671607102584815],[-4.7415165120410556,41.67155635570947],[-4.7420350931668338,41.671270819126313],[-4.7421703888655395,41.67122301380715],[-4.7422431854817155,41.671205157570071],[-4.7423906689109439,41.671190582026505],[-4.7427259484807358,41.671172978889537],[-4.7429095892130482,41.671167311301573],[-4.743078853903179,41.671167536626065],[-4.7432815917916544,41.671117175732846],[-4.7440755116098403,41.670876898961289],[-4.7449570667792349,41.670576923397967],[-4.7448154779836722,41.670241484637202],[-4.7445986664748441,41.670098220734474],[-4.7442467837577444,41.66989623964146],[-4.7439897616099671,41.669676136396554],[-4.7437749816772525,41.669348608105068],[-4.7441758163296992,41.669212824257144],[-4.745553485483093,41.668851787253679],[-4.7455483876434164,41.668847432502737],[-4.7455239940457803,41.668826595910168],[-4.7453332077325063,41.668598561455781],[-4.7442862722737891,41.667683109088713],[-4.7441551209729633,41.667568427181486],[-4.7445117484417549,41.667308956807503],[-4.744766534609858,41.667123580754762],[-4.7451154644865765,41.66688717085853],[-4.7451547451443679,41.666860544910229],[-4.7454057994931027,41.666663037154485],[-4.7456846212393087,41.666443681858006],[-4.745707485851451,41.666396319512224],[-4.7457482019682864,41.666324998322992],[-4.7457543416453536,41.666316618878326],[-4.7457843743348338,41.666276713238119],[-4.7458213911178735,41.666233008728653],[-4.7458483295082941,41.666203057455121],[-4.7458782573491467,41.66617261041781],[-4.7459119363891737,41.666143187178882],[-4.7459482860353797,41.666114804154567],[-4.7459871075172542,41.666088995501639],[-4.746031231309698,41.666063826800013],[-4.7460681336691044,41.666047053981657],[-4.7460901182365136,41.666038253606395],[-4.7461832109671178,41.666047196627133],[-4.7464706367796934,41.666260070772758],[-4.74652153127,41.666298746536796],[-4.7465481826496783,41.666315994566411],[-4.7465938065001261,41.666341871732946],[-4.7466426806773265,41.666368058840455],[-4.7466852501756485,41.666387586742189],[-4.7467179398054951,41.666401590597836],[-4.7470038103719752,41.666503434433437],[-4.7471674582883994,41.666562912285649],[-4.7473282195894546,41.666617840383296],[-4.7475875482275978,41.666758958379603],[-4.74817446762939,41.667026461169407],[-4.7485102163759079,41.667219620513528],[-4.7487254929144225,41.667319492687135],[-4.7487381267591484,41.667331072162582],[-4.7488194782008897,41.667341092397514],[-4.7490402431869105,41.667371597332313],[-4.7490924695315782,41.66737512555207],[-4.7491395244237538,41.667378372203942],[-4.7491929721802926,41.66738260322105],[-4.7492574758915662,41.667387025267743],[-4.7493111613342132,41.667391161643614],[-4.7493654203042714,41.667394298526077],[-4.7494166928230053,41.667393607972812],[-4.7494671839832812,41.667390677619352],[-4.7495703939324869,41.667382801453812],[-4.7496431347459582,41.667376469960274],[-4.7496942628166501,41.667374881713755],[-4.7497584757867202,41.667373003219133],[-4.7497992682609853,41.667371211148648],[-4.7498554543434324,41.667365672024609],[-4.7499084333067758,41.667357029372276],[-4.7499542575493052,41.667345883719172],[-4.7499998050589527,41.667333391258197],[-4.750044867402953,41.667320726034632],[-4.7501236691162552,41.667294216994421],[-4.7501748017411938,41.667275064507656],[-4.7502247263447259,41.667255660198158],[-4.7502808510850292,41.667230127837136],[-4.7503390723074119,41.66720213080422],[-4.7503910756179293,41.667175219199848],[-4.7504367592362993,41.667150025051676],[-4.7504782721838934,41.667126065293445],[-4.7505138915254177,41.667106248320707],[-4.7505396782566018,41.667091534818937],[-4.75057193080597,41.667071588987021],[-4.7505961334447182,41.667055998936974],[-4.7506267787364376,41.667034366304705],[-4.7506562709315947,41.667014552571899],[-4.750679841478445,41.666997801264259],[-4.7507009150077515,41.666981988666727],[-4.7507159761494071,41.666970410752917],[-4.7507244428547484,41.666963706862255],[-4.7507394046400044,41.666952850994861],[-4.7507565508181839,41.666942862511981],[-4.7507718295998318,41.666934883952997],[-4.7507867859757686,41.666928261308918],[-4.7508062646435363,41.666920128684453],[-4.7508224229181408,41.666913577789074],[-4.7508418485883359,41.666907877774037],[-4.7508678132803253,41.666899736374965],[-4.7508883293015076,41.666894380005388],[-4.7511141281801823,41.666844734726254],[-4.7511369376514256,41.666839794595852],[-4.7511473565927238,41.66683864507322],[-4.7511703495504385,41.666836042980044],[-4.7511958773438598,41.666833942651614],[-4.7512195060356834,41.666832681863973],[-4.7512430573484039,41.666832953389097],[-4.7512656615716509,41.666833779745936],[-4.7512880439466922,41.66683523994827],[-4.7513044095953774,41.666836341515896],[-4.751326601890379,41.666839696013909],[-4.7513488271160966,41.666844220876122],[-4.751369622549376,41.666849217861895],[-4.7513985185770462,41.666856162911841],[-4.7514358126746492,41.666867123025519],[-4.7514728739738228,41.666878356876367],[-4.7515101176131491,41.666891929676567],[-4.751547362468485,41.666905502446056],[-4.7515767383689083,41.666916854317293],[-4.7515811486405211,41.66692002949766],[-4.7516080349985215,41.66691925937193],[-4.7516268386196678,41.666921674732784],[-4.7516448115399061,41.666924463022013],[-4.7516633013438723,41.666928594432996],[-4.7516855090806187,41.666936902308393],[-4.7516980394981143,41.666942745768864],[-4.7517131181700201,41.666949541116018],[-4.7517265671756563,41.666958252711815],[-4.7518120023461972,41.66702585141838],[-4.7518343427626322,41.667043524204679],[-4.7518571634587303,41.667061189663983],[-4.7518784957380298,41.667077076472928],[-4.7518967568197414,41.667090489129706],[-4.7519088041388375,41.667100663146051],[-4.7519252841730166,41.667110409307888],[-4.7519439571564419,41.667121292901477],[-4.7519638466655474,41.667132698344929],[-4.7519821277211252,41.667142417037766],[-4.7520036945394546,41.667153706832543],[-4.7520214684814315,41.667162442514872],[-4.7520395647644387,41.667169732208222],[-4.7520527912447292,41.667174664346426],[-4.7520784037417165,41.667184541433869],[-4.7521140953338454,41.667198407903179],[-4.7521316633526558,41.66720840764561],[-4.7521697575528714,41.667222327527533],[-4.7522093845408824,41.667235143219209],[-4.7522536107500102,41.667249240664674],[-4.7522936826510822,41.667260788604985],[-4.7523302127670819,41.667270138871729],[-4.7523657738286138,41.667279233704846],[-4.7524066581331734,41.667289688412382],[-4.752445236750777,41.667299277601082],[-4.7524705164163406,41.667305737132743],[-4.7524819985162363,41.667308354085471],[-4.7525588924893256,41.667326725811925],[-4.7526440328850326,41.667347943911309],[-4.7527234703702916,41.667367088233313],[-4.7527846604513986,41.667382186742415],[-4.7528181536186356,41.667390322243008],[-4.7528338637338949,41.6673937753323],[-4.7528626229852371,41.667400091629489],[-4.7528907696907865,41.66740596692938],[-4.7529257541175056,41.667411467707488],[-4.7529557018450097,41.667417315515543],[-4.7529894660646539,41.667422114354096],[-4.7530264965404285,41.667427764020189],[-4.7530515389775845,41.66742990382965],[-4.7530754125257699,41.667433233238263],[-4.75309566324038,41.667435806413074],[-4.7531169664887836,41.667437372789131],[-4.7531301198084135,41.667439603910573],[-4.7531413459203664,41.667441594234255],[-4.7531562192772192,41.667445240180044],[-4.7531697694500563,41.667448816245923],[-4.7531802812886781,41.667451087664865],[-4.7531922779161215,41.667454957632735],[-4.7532035761290974,41.667459648858276],[-4.7532142971960809,41.667465159491371],[-4.7532229539267279,41.667469891019273],[-4.7532311474914595,41.667475260082249],[-4.7532384859249408,41.667480101790979],[-4.7532442512647837,41.667484517167566],[-4.7532502933901917,41.667490279324596],[-4.7533556893691227,41.667585132774832],[-4.7538560527517388,41.667295317607291],[-4.754280835643967,41.667048984772528],[-4.7543645081859385,41.66690874659821],[-4.7544544710715844,41.666869892535608],[-4.7545125726207083,41.666785112519356],[-4.7544734713147836,41.666786794876259],[-4.7546192814642492,41.666530996625681],[-4.7546403471445187,41.666538685496135],[-4.7547542177097029,41.666585424199653],[-4.7547481020269275,41.666593406558938],[-4.7549721666792841,41.666710044660256],[-4.7550057145273472,41.666724573441272],[-4.7551134521380494,41.66681272456529],[-4.7553152863738459,41.666982120503036],[-4.7553228455868402,41.666973068583602],[-4.755351684640666,41.666986608207665],[-4.7555659841612314,41.667081464816853],[-4.7555970977526147,41.667095337099717],[-4.7557925911722485,41.667182497985813],[-4.7568915144274984,41.667672445749695],[-4.7577876403435724,41.666594597848295],[-4.7577980849146222,41.66658088749822],[-4.7578457920114197,41.666519731762044],[-4.7577594496763655,41.666482304045438],[-4.7563579474121926,41.66590370037845],[-4.7538276506028794,41.66477783397233],[-4.7535117540312219,41.664647227789878],[-4.7535295798033124,41.664622531393412],[-4.7539191656345938,41.664082787190956],[-4.7540336613891787,41.663969037559163],[-4.7542196663278586,41.663797002686778],[-4.7543964645117827,41.66363702394618],[-4.7546117689794283,41.663490754175811],[-4.7547746869345877,41.663404860647397],[-4.7553690883439463,41.662376442208597],[-4.756282094859678,41.662499514287958],[-4.7568714552957694,41.662553059739473],[-4.7574038504783056,41.66255683326478],[-4.7584444923225728,41.662552827507241],[-4.7594073404281048,41.662463618477197],[-4.7602268358718893,41.662361704915625],[-4.7604984482593284,41.662327925246707],[-4.7605293211534843,41.662127898949542],[-4.7606380247776228,41.661665000411489],[-4.760778294930998,41.661188197149784],[-4.7609396283668302,41.660800335385964],[-4.7579228646665914,41.660459586579115],[-4.7571104840209699,41.660467507004846],[-4.7566012449998425,41.660470789669873],[-4.7548745195557567,41.660546707811264],[-4.75218382103834,41.660646308416858],[-4.749708721115681,41.660738060769688],[-4.7479333353787423,41.66080560883394],[-4.7476855826059845,41.660818383145958],[-4.7471907077698328,41.66083941812461],[-4.7451511643017081,41.660937959627319],[-4.7437520746568955,41.660999727422123],[-4.7431879087241846,41.661026300015081],[-4.7425195739221229,41.661045442866232],[-4.7422137430028704,41.6611176306114],[-4.7408047803310422,41.66116149879489],[-4.7400071262484511,41.661187089470964],[-4.7398144027290474,41.661194510143687],[-4.7397138638014251,41.661182522309787],[-4.739174409488883,41.661123136400661],[-4.7383792355928378,41.661031589183764],[-4.7356566882099802,41.660631407429385],[-4.7350244747485499,41.66054187956766],[-4.7339751010674247,41.660418112914989],[-4.7334411597855857,41.660228019454799],[-4.7328136945315364,41.659895225529972],[-4.7327815232238928,41.659927234178319],[-4.7327457208747497,41.659963800930015],[-4.7327095427133514,41.660000373337468],[-4.7326729899396094,41.66003695138221],[-4.7326360637534037,41.660073535045782],[-4.7325986398566995,41.660105622844164],[-4.7325609596427656,41.66014221785295],[-4.7325229060144043,41.660178818479494],[-4.7324843582827762,41.660210923185318],[-4.7324455530239531,41.660247535118707],[-4.7324062524651529,41.660279651148578],[-4.732366577269862,41.660311771912419],[-4.732326646963001,41.66034840076707],[-4.7322862213621635,41.660380533716832],[-4.7322454211471987,41.660412672299763],[-4.7321973575406355,41.660453927077967],[-4.7316209422781705,41.660975996845458],[-4.7315802607862905,41.661012636760212],[-4.7315241836434687,41.661063018730488],[-4.7314702380635953,41.661108865196425],[-4.7295134690023417,41.662885634045054],[-4.7284048571198722,41.663888548346009],[-4.7263478343928425,41.665810877596826],[-4.7263090223293753,41.665847487553492],[-4.7262693407291225,41.665879607204957],[-4.7262297793661734,41.665916228391865],[-4.726189348445951,41.665948358372113],[-4.7261489151082845,41.665980489275114],[-4.7261077325151764,41.66601263141925],[-4.726066549881125,41.666044773549224],[-4.7260249925980986,41.666076921292174],[-4.7259826848566169,41.666109080292728],[-4.7259403758723595,41.666141239296344],[-4.725897692237357,41.666173403911742],[-4.7258550085598632,41.66620556851192],[-4.7258115743971354,41.666237743467505],[-4.725767763204634,41.666269924969988],[-4.7257238353273738,41.666297604852836],[-4.7256792736306217,41.666329797593235],[-4.725634594053636,41.666357488731293],[-4.7255896588616819,41.666389687046092],[-4.7255442275829971,41.666417389437818],[-4.725498543083547,41.666449598969471],[-4.7254527359121452,41.666477306969767],[-4.7254061806565986,41.666505025284359],[-4.7253596241842306,41.666532744499079],[-4.7253126918600152,41.666560469338428],[-4.7252653848841204,41.666588199783966],[-4.7252180778673392,41.666615930210661],[-4.7251700203860461,41.666643671885353],[-4.7251219628631942,41.666671413540563],[-4.7250735294862807,41.666699160818482],[-4.7250249758472336,41.666722405625507],[-4.7249761677776263,41.666750158487588],[-4.7249266092404882,41.666777922594875],[-4.7248773062873433,41.666801179488871],[-4.7248272516717016,41.666824447644949],[-4.7247773171989964,41.666852217331119],[-4.7247268890946943,41.666875491049836],[-4.7246764597288724,41.666898763864729],[-4.7246252787225016,41.666922048839744],[-4.7245742178444727,41.666949835344276],[-4.7245230379605303,41.666973120256998],[-4.7244709874524462,41.666991914857952],[-4.7244183066403966,41.66701522224988],[-4.7243647552097228,41.667034039327795],[-4.7243104532944189,41.667052866742274],[-4.7242557767566584,41.667071700653409],[-4.7242003485564021,41.6670905458177],[-4.7241444267729191,41.66710489500629],[-4.7240878722653932,41.667123757016711],[-4.7240308229807795,41.667138123067758],[-4.7239732789064988,41.66714799225818],[-4.723915479143086,41.667162369511921],[-4.7238571858221698,41.66717225078596],[-4.7237985154662168,41.66718213768678],[-4.7237394704763966,41.667192030177723],[-4.7236803053389593,41.667197420184742],[-4.7236207655996107,41.66720281668119],[-4.7235612246486092,41.667208213164976],[-4.7235013090715121,41.667213615237102],[-4.7234416480105352,41.667214510105168],[-4.723381612307687,41.667215409660606],[-4.7233215766261125,41.667216310084996],[-4.723261542142505,41.667217210460031],[-4.7232013875849228,41.667213609249018],[-4.7231417253138464,41.667214503979409],[-4.723081570739339,41.667210901805134],[-4.7230214149938083,41.667207300517582],[-4.7229613793083995,41.667208200753699],[-4.7229013436202498,41.667209100958459],[-4.722841307929377,41.667210001131899],[-4.7227812722117646,41.667210900373661],[-4.7227213565532153,41.667216302040309],[-4.7226616966659618,41.667217196485559],[-4.7226017809894856,41.667222598090135],[-4.7225422399173258,41.667227994047721],[-4.7224826988102002,41.66723338907434],[-4.7224231589167927,41.667238784952602],[-4.7223641136409702,41.667248676741551],[-4.7223049483371229,41.667254066943656],[-4.7222459030272432,41.667263958672457],[-4.7221872334907333,41.66727384383816],[-4.7221289385751009,41.667283724259981],[-4.722070643640687,41.667293604652549],[-4.7220128432922417,41.66730798095918],[-4.7219552987490463,41.66731785004756],[-4.7218978729435825,41.667332219782871],[-4.7218408241533014,41.667346584740628],[-4.7217841499531072,41.667360944057044],[-4.7217279703125641,41.667379799290806],[-4.72167204649024,41.66739414730835],[-4.7216166172205511,41.667412991244547],[-4.7215614449540615,41.667427327047086],[-4.7215072618283269,41.667450655615944],[-4.7214525828946501,41.667469488231568],[-4.7213977839816392,41.667483819262891],[-4.7213427291686223,41.66750265745744],[-4.7212876779248694,41.667521495572203],[-4.721232247204072,41.667540338444439],[-4.7211763231257029,41.667554686224982],[-4.7211205189494452,41.667573535538182],[-4.7210642201981612,41.667587888876412],[-4.721007920220333,41.66760224220549],[-4.7209512455987044,41.667616601118176],[-4.7208946908393674,41.6676354606629],[-4.720838016161772,41.667649819520683],[-4.7207808457346845,41.667659682418993],[-4.7207234217721536,41.667674052441477],[-4.7206659953818164,41.667688422471649],[-4.7205726690195808,41.667707832499509],[-4.7205168633257628,41.667726681542803],[-4.7204613147362648,41.667741023353599],[-4.7204058847993835,41.667759866716871],[-4.7203504560301415,41.667778710036011],[-4.7202954006462674,41.667797547738282],[-4.7202406011580536,41.667811877326663],[-4.7201855469131297,41.667830714959358],[-4.7201312430750306,41.667849541332004],[-4.7200765645850051,41.667868373287476],[-4.7200226353018078,41.667887194001942],[-4.7199684512156397,41.66791052186106],[-4.7199148976611713,41.667929336000206],[-4.7198609694787201,41.667948156622472],[-4.7198075357223752,41.667971473175086],[-4.7197543555121788,41.667990282552267],[-4.7197012975025467,41.668013593431809],[-4.7196484942475321,41.668032397118431],[-4.7195958107607678,41.668055701443599],[-4.7195433820602872,41.668074499476631],[-4.7195341219489508,41.668079141410061],[-4.7194910743458474,41.668097799031081],[-4.7194391412143197,41.668121092956497],[-4.7193875838668689,41.668144381235344],[-4.7193360252810317,41.66816766950965],[-4.7192844654328496,41.66819095687908],[-4.7192332837948374,41.668214239467169],[-4.7191824755406255,41.668237516445977],[-4.7191316684500375,41.668260793384945],[-4.7190813557332874,41.668288566260976],[-4.7190312978099449,41.668311831947335],[-4.7189812410507965,41.6683350975945],[-4.7189316774317343,41.668362858297819],[-4.7188819964198512,41.668386118280765],[-4.7188328073652377,41.668413874238951],[-4.7187838755239682,41.66843712297279],[-4.7187350634123932,41.668464873250706],[-4.7186866258820723,41.668492617905073],[-4.718638189510564,41.668520362521711],[-4.7185903837898824,41.668543594329705],[-4.7185426965621566,41.668571326800716],[-4.7184950105178798,41.66859906013493],[-4.7184476990566813,41.668626787847295],[-4.7184007621790922,41.668654509938257],[-4.7183543196253757,41.668686727973324],[-4.7183081343148494,41.668714438787006],[-4.7182797203125606,41.668732877118579],[-4.7182619477637369,41.668742149600703],[-4.7182161369747337,41.668769853876206],[-4.7181704458976013,41.668802060599788],[-4.7181250096759833,41.668829760138728],[-4.7180800689630189,41.668861955606388],[-4.7180353843134331,41.668889643872134],[-4.7179911939668733,41.668921828085601],[-4.7179468838637426,41.668949510716907],[-4.7179030680584626,41.668981689296643],[-4.7178596280368881,41.669013862241528],[-4.7178161891488104,41.669046034252375],[-4.717773378593809,41.669073694398456],[-4.7177306877000946,41.669105856095378],[-4.7176883737927398,41.66913801214087],[-4.7176464344708799,41.669170162571241],[-4.71760449510729,41.669202312986933],[-4.7175633061586923,41.669234452170208],[-4.7175222368534069,41.669271092905866],[-4.7174814236493319,41.669303226443283],[-4.7174409838086397,41.669335353484946],[-4.7174005463531739,41.669367481377378],[-4.7173609777891121,41.669404099624515],[-4.7173212895094396,41.669436216291743],[-4.7172820954881658,41.669472828913818],[-4.7172427817569087,41.669504939956084],[-4.7172038450179405,41.669537045350843],[-4.7171650254995123,41.669573652335998],[-4.7171260886807298,41.669605757705547],[-4.7170872690773678,41.669642364665634],[-4.7170483297772963,41.669674470045848],[-4.7170098871213364,41.669711071346839],[-4.7169713247741756,41.66974317106807],[-4.7169332566414868,41.669779765846265],[-4.7168951872891176,41.669816361530685],[-4.7168569994542606,41.669848455617476],[-4.7168189312193958,41.669885051259833],[-4.7167812387745336,41.66992164127484],[-4.7167434254536227,41.669953729728128],[-4.7167057329263882,41.669990319719481],[-4.7166679207288071,41.670022408131096],[-4.7166306015514126,41.670058992519841],[-4.716593284733519,41.670095576861172],[-4.7165563413062852,41.670132155612166],[-4.7165189035618296,41.670164237479923],[-4.7164819612544555,41.670200816190189],[-4.71644539353957,41.670237389292801],[-4.7164084499485668,41.670273967998483],[-4.7163717625427513,41.670306039510365],[-4.7163351947067076,41.670342612579553],[-4.7162990002636915,41.670379180059726],[-4.7162628093822541,41.670415747475211],[-4.71622661485788,41.670452314933669],[-4.7161904226943472,41.670488882345403],[-4.7161546051259098,41.67052544415084],[-4.7161187874933193,41.670562005045355],[-4.716082850254856,41.670594065260644],[-4.7160474084052106,41.670630621421118],[-4.716011965315003,41.670667177589145],[-4.7159765221850103,41.670703733746763],[-4.7159096456426823,41.670772282794836],[-4.7151196832606157,41.671743289794705],[-4.7146872286234425,41.672281139031242],[-4.7141086364907032,41.672744609775584],[-4.7134241459121249,41.673164622376412],[-4.7167784118364029,41.674690740352986],[-4.7168474283538648,41.674716729242938],[-4.7169020629616583,41.674738429640961],[-4.7169567012080362,41.674760129958365],[-4.7170112174409828,41.674777329621783],[-4.7170658545548187,41.674799029903788],[-4.7171204917047493,41.674820730159013],[-4.7171751288907826,41.6748424303875],[-4.7172297637112219,41.674864130625103],[-4.7172842813021179,41.674881330137659],[-4.7173389197933551,41.674903030268048],[-4.7173935547181847,41.674924730425523],[-4.7174481932816095,41.674946430502409],[-4.7175028282786231,41.674968130606381],[-4.7175570910759639,41.67498983714848],[-4.7176116088321214,41.675007035601368],[-4.7176662451342359,41.675028735607448],[-4.7177205080115936,41.675050441169823],[-4.7177751444097229,41.675072142022877],[-4.7178294061580717,41.675093847550229],[-4.7178836691431218,41.675115553033237],[-4.7179375551002023,41.675137264127514],[-4.717991066430641,41.675158980797669],[-4.7180445790212682,41.675180698324525],[-4.7180978331076133,41.675206922142046],[-4.718150595222669,41.675228649940095],[-4.7182029803082219,41.675250383351717],[-4.718255486413848,41.675276619181162],[-4.7183074957086948,41.675298358164305],[-4.7183596272077191,41.67532459864708],[-4.7184113816836906,41.675350844744493],[-4.7184622670990164,41.675372600465131],[-4.7185136470146753,41.675398853018564],[-4.7185642764194942,41.675425115873409],[-4.718614905865107,41.675451378705041],[-4.7186647848226917,41.675477652739772],[-4.7187150384846284,41.675503921147616],[-4.7187645428824982,41.675530201641912],[-4.7188137912317361,41.675560988394835],[-4.7188629198234953,41.675587273567189],[-4.7189116725893312,41.675613564340587],[-4.7189601705408748,41.675644362255746],[-4.7190081740826875,41.675670665096987],[-4.7190559203905762,41.675701474216282],[-4.7191035481231234,41.675727781738992],[-4.7191505451872917,41.675758602028246],[-4.7191975435209876,41.675789423179587],[-4.7192440449761319,41.675815747495065],[-4.7192902904371552,41.675846578972333],[-4.7193361624768881,41.675877416018395],[-4.7193816574922662,41.675908258687635],[-4.719426779109317,41.67593910782692],[-4.7194715248778607,41.675969961671996],[-4.7195160146728297,41.676005322680197],[-4.7195603858627448,41.676036182095665],[-4.7196043800260616,41.676067047136243],[-4.719647999563974,41.676097917766462],[-4.7196917402326051,41.676133290817539],[-4.7197353598569842,41.676164161412594],[-4.7197786048550814,41.676195037598013],[-4.7198215951000853,41.676230420929905],[-4.7198644643146164,41.676261302707019],[-4.7199070776046952,41.676296692549208],[-4.7199495722354365,41.676327579900928],[-4.7199921879938058,41.676362968773162],[-4.7200343056381326,41.676393861736152],[-4.7200761697466733,41.676429261828545],[-4.7201179140298963,41.676460161250141],[-4.7201594035578731,41.676495566919144],[-4.7202008919306255,41.676530972590072],[-4.7202418845737633,41.676561882317934],[-4.7202829971635376,41.676597293584557],[-4.7203237375539384,41.676632711309452],[-4.7203640996920537,41.676668133782272],[-4.7204047178299229,41.67669904905803],[-4.7204447065841384,41.676734477092509],[-4.7204846941815575,41.676769905130023],[-4.7205246818230426,41.676805333152565],[-4.7205639189886774,41.676840773299475],[-4.7206035320461854,41.676876206903003],[-4.7206427680737137,41.676911646138564],[-4.7206816318741431,41.676947090934661],[-4.7207204945165806,41.676982535734524],[-4.720758980151639,41.677017987067686],[-4.7207970923333544,41.677053443079934],[-4.7208352033562848,41.67708889909651],[-4.7208733168230461,41.677124355063462],[-4.7209111732104008,41.677164318216789],[-4.7209485350391347,41.677199786316329],[-4.7209858956842972,41.677235253520401],[-4.7210228816968298,41.6772707263234],[-4.7210599877147938,41.677310700665387],[-4.7210965991614904,41.67734617995508],[-4.721133210624691,41.677381658331832],[-4.7211698221284006,41.677417136695929],[-4.7212069283229345,41.677457110986175],[-4.7212435387096381,41.677492589342748],[-4.7212801491368506,41.677528067686694],[-4.721316880812962,41.677568048451384],[-4.7213538684014322,41.67760352112078],[-4.7213904801539206,41.677638999408565],[-4.7214274666230942,41.677674472070315],[-4.7214641972502998,41.677714451901281],[-4.721500807926299,41.677749930168936],[-4.7215377957453732,41.677785403674442],[-4.7215745277060153,41.677825383448926],[-4.7216115143845236,41.677860856046379],[-4.7216481264265031,41.677896334245069],[-4.7216847373080943,41.677931812449131],[-4.7217218441463418,41.677971787458269],[-4.7217349636514694,41.677985100911414],[-4.7217584563127195,41.678007265618803],[-4.7217954443987331,41.67804273813406],[-4.7218321754670169,41.678082717836659],[-4.7218691624364615,41.678118190344129],[-4.7219057735670438,41.678153668471744],[-4.7219427606420918,41.678189141853871],[-4.7219794930872467,41.678229121487085],[-4.722016480222611,41.67826459394314],[-4.7220530915182888,41.678300072019823],[-4.7220902011777026,41.678340045962877],[-4.7221268125572804,41.678375524014044],[-4.7221637998825745,41.678410997318984],[-4.7222004125442467,41.678446475326744],[-4.722237518777777,41.678486449271894],[-4.7222745086060813,41.678521921601877],[-4.7223111201914563,41.678557399589366],[-4.7223481077235734,41.678592872829981],[-4.7223848394525758,41.67863285233976],[-4.7228493519380121,41.67916986548537]]]},"properties":{"OBJECTID":40,"JOIN_COUNT":1,"TARGET_FID":40,"CODIGO_BAR":"03","NOMBRE_BAR":"LA VICTORIA","ORIG_FID":8,"SHAPE.AREA":3502447.1577739301,"SHAPE.LEN":11817.291736761001}},{"type":"Feature","id":41,"geometry":{"type":"Polygon","coordinates":[[[-4.7107162577703274,41.690475319031719],[-4.7107763154932538,41.690474425687732],[-4.710836253882384,41.690469029846398],[-4.7108959368193455,41.690468141119993],[-4.7109553799215345,41.690458249249673],[-4.7110140722987106,41.690448368528536],[-4.711072015176291,41.69043849984012],[-4.7132044646394844,41.689990789203591],[-4.713334621810934,41.689963461199554],[-4.7153624088106527,41.689541419995891],[-4.7167073298409168,41.688985439454115],[-4.7175073902766851,41.688401559912776],[-4.7177890700326133,41.687838935369449],[-4.7179226052054899,41.687283027708638],[-4.7179320527366153,41.686706457676557],[-4.7175960420183047,41.686157568235288],[-4.7166624666156762,41.685446478624513],[-4.7116755945976294,41.681927187636319],[-4.710477336524078,41.68148118284131],[-4.7072031655897071,41.680962444582143],[-4.7042855847917568,41.680082561040813],[-4.704246967872697,41.680056113725648],[-4.7042089815462393,41.680025152792034],[-4.7041717470679654,41.679994181594857],[-4.7041352608102702,41.679963199288046],[-4.7040995275758606,41.67993220580108],[-4.7040645437608894,41.679901201188109],[-4.7040303117661901,41.679870185414217],[-4.7039968291650913,41.679839157615397],[-4.7039636049303324,41.679803623523881],[-4.7039316235889839,41.679772574342344],[-4.7039002740838161,41.67973701243001],[-4.7038701698662342,41.679705935393955],[-4.7038403215946314,41.679670351202468],[-4.7038112239392698,41.6796347558722],[-4.7037832527669226,41.679599142929533],[-4.7037560334326827,41.679563519731978],[-4.7037295635097243,41.679527885415368],[-4.7037038453986959,41.679492239944643],[-4.7036792501855977,41.679456577818002],[-4.7036554079825263,41.679420904520654],[-4.7036321976276474,41.679380718497427],[-4.7036102313283372,41.679345017375724],[-4.703588639719249,41.679309309793418],[-4.7035684317630713,41.679269079240342],[-4.7035487172738017,41.679233344719286],[-4.7035300105234663,41.679193091901283],[-4.7035124302638449,41.67915282237842],[-4.7034957169501839,41.679117043351596],[-4.703479636686323,41.679076751584219],[-4.7034646841088765,41.679036443095519],[-4.7034504809256106,41.678996123494393],[-4.703437401822276,41.678955787226208],[-4.7034250769135886,41.678915439775032],[-4.7034139935978994,41.67887957636723],[-4.7034035433531542,41.67883920112083],[-4.7033938436956833,41.678798814745662],[-4.7033856451970166,41.678758406114795],[-4.703377821395212,41.678717991928181],[-4.7033714999489247,41.678677555468553],[-4.7033654332587282,41.678632611878854],[-4.7033609888582903,41.678592147591246],[-4.7033569179481676,41.678551677766315],[-4.7033543493850427,41.67851118566913],[-4.7033525301946604,41.678470682462411],[-4.7033514627774462,41.678430168110651],[-4.7033515194140376,41.678389637094888],[-4.7033523278205012,41.678349094934184],[-4.7033542638797234,41.6783085360561],[-4.7033573227859593,41.678267960531912],[-4.7033611346577766,41.678227373844884],[-4.7033660693728256,41.678186770511594],[-4.703371758251043,41.678146155997553],[-4.7033785711696181,41.678105524819237],[-4.7033861334444031,41.678064882531118],[-4.7033944486767245,41.678024229079725],[-4.7034042650272312,41.677983553373309],[-4.7034144536456655,41.6779428721469],[-4.7034257710987788,41.677902174184091],[-4.7034382137817223,41.677861459538022],[-4.7034514070117925,41.677820733763184],[-4.7034654683271242,41.677784498470061],[-4.7034805385290035,41.677743744864266],[-4.7034967339531253,41.67770297457389],[-4.7035134227805173,41.67766670031925],[-4.7035365103932989,41.677616821132204],[-4.7035603497314513,41.677566930794903],[-4.7035854330188176,41.677521525362266],[-4.7036118986382638,41.677471596074838],[-4.7036391147751599,41.67742165565307],[-4.7036675748584926,41.677376200133793],[-4.703697162538246,41.67733072788775],[-4.7037277554526513,41.677280737374829],[-4.7037595935123795,41.677235231744],[-4.7037925579602531,41.677189709401652],[-4.7038262729163991,41.677144175920624],[-4.7038611130554795,41.677098625744208],[-4.7038971983434692,41.677057560446102],[-4.7039342888672389,41.677011977776203],[-4.7039721322691985,41.676966383028393],[-4.7040112196198454,41.676925273173616],[-4.7040514321470592,41.676884146618399],[-4.7040922763936051,41.67683850732616],[-4.7041343657911048,41.676797352905822],[-4.7041772056846662,41.676756187338853],[-4.7042212895354973,41.676719506659204],[-4.7042660050931815,41.676678313238931],[-4.7043118470401719,41.676637103994231],[-4.7045794706466237,41.676421476412294],[-4.704851715780225,41.676210283888743],[-4.705129330563909,41.676003514388334],[-4.7054114479965667,41.675796677386707],[-4.7056985591853939,41.675594268914715],[-4.7059862822506418,41.675400857349231],[-4.7080927035887186,41.67397803204976],[-4.7081347710764208,41.673950386551766],[-4.7081775866412041,41.673922729917145],[-4.7082211538845327,41.673895062091546],[-4.7082650969478799,41.673867388662075],[-4.7083099095726579,41.673844206543066],[-4.7083549789337322,41.673816516333936],[-4.7084009154352611,41.673793316569039],[-4.7084472289611705,41.673770111179941],[-4.7084942929661588,41.67374689461321],[-4.7085417315927494,41.673723672456774],[-4.7085899194961467,41.673700439139068],[-4.7086384844454363,41.673677201095011],[-4.7086875430780397,41.673658458143159],[-4.7087369763369242,41.673639709599236],[-4.7087866675294787,41.673616453843337],[-4.7088372270930856,41.673597688506305],[-4.7088881612816298,41.673578917575441],[-4.7089395903998739,41.673564642615759],[-4.7089912750653982,41.673545861378074],[-4.7090430811894342,41.673531580764795],[-4.7090955162831021,41.673512787417827],[-4.7091484475201666,41.673498490021743],[-4.709201376331456,41.67348419263741],[-4.7092550568524274,41.673469884947174],[-4.7093088576554525,41.673460077896699],[-4.7093629127612733,41.673445763683056],[-4.7094170869793981,41.673435951026768],[-4.7094720128896643,41.673426127161569],[-4.709526443783183,41.673411807280281],[-4.7095818634567639,41.673406479371131],[-4.7096367893144189,41.673396655428043],[-4.7096984685500205,41.673386731871865],[-4.7097131028565355,41.673386514117965],[-4.709725112185982,41.673386335421476],[-4.7097396285337156,41.673381616064653],[-4.7097516366612737,41.673381437383291],[-4.7097636447887234,41.673381258700665],[-4.7097841651955505,41.673376449996525],[-4.7097961745226788,41.673376271292653],[-4.7098078067945428,41.673376098198347],[-4.7098287018496929,41.673371283911237],[-4.7098407111755831,41.673371105202754],[-4.7098523434462454,41.673370932103936],[-4.7098732384961473,41.673366117808847],[-4.7098852478207975,41.673365939095703],[-4.709896880090259,41.673365765992422],[-4.7099087702436977,41.673361085695525],[-4.7099207783663797,41.673360906996571],[-4.7099327865127885,41.673360729196681],[-4.7099444199818326,41.673360556070712],[-4.7099593097594603,41.673355831128873],[-4.7099713202824791,41.673355652388928],[-4.7099833272029388,41.673355473701321],[-4.7099949606707421,41.673355300570257],[-4.710012854874905,41.673350530908955],[-4.710024862994973,41.673350352199165],[-4.7100368711149336,41.67335017348811],[-4.7100488792347832,41.673349994775826],[-4.7100603923188853,41.673345320075072],[-4.7100724016384961,41.673345141342452],[-4.7100844097571892,41.673344962626473],[-4.7100964178757732,41.673344783909201],[-4.7101084271950588,41.673344605172822],[-4.7101203149269679,41.673339924890158],[-4.7101319495919372,41.673339751727397],[-4.7101439577092545,41.673339573005208],[-4.7101559658264662,41.673339394281747],[-4.710167973943566,41.673339215557036],[-4.710188870158639,41.673334401187283],[-4.7102008782746063,41.673334222459147],[-4.7102125117372484,41.673334049306128],[-4.7102245186760303,41.673333871493718],[-4.7102365279924836,41.673333692744002],[-4.710248415712682,41.673329012448256],[-4.7102604262289036,41.673328833678177],[-4.7102724343433859,41.673328654942601],[-4.7102844412569409,41.673328476223631],[-4.7102964493712065,41.673328297485533],[-4.7103084586861845,41.673328118728307],[-4.7103199729475849,41.673323443984088],[-4.7103319810606923,41.67332326524231],[-4.7103439891736913,41.673323086499259],[-4.7103559972865847,41.673322907754986],[-4.7103680066001763,41.67332272899155],[-4.7103800147128494,41.673322550244755],[-4.7103920228254141,41.673322371496688],[-4.710406913760445,41.673317646479695],[-4.710418923072738,41.67331746771098],[-4.7104309311841135,41.673317288958877],[-4.7104429392953824,41.67331711020551],[-4.7104549474065429,41.673316931450913],[-4.7104669555175933,41.673316752695044],[-4.7104789636285362,41.673316573937925],[-4.71049097294018,41.673316395161663],[-4.7105114932918841,41.673311587229257],[-4.710523500200777,41.673311408485375],[-4.7105355083103717,41.673311229722358],[-4.7105475176206664,41.673311050940228],[-4.7105595269308642,41.673310872156826],[-4.710571535040132,41.673310693390057],[-4.7105835431492942,41.673310514622038],[-4.7105955500575254,41.673310335870639],[-4.710607559367288,41.673310157082234],[-4.7107744308919832,41.673303169300532],[-4.7134241459121249,41.673164622376412],[-4.7108897025783074,41.67201349344753],[-4.7100148933413255,41.671625713684932],[-4.7093287552486753,41.671302671868652],[-4.708656663562202,41.670956901150333],[-4.7079090816538347,41.670481650290959],[-4.7068058528228143,41.669687434315136],[-4.706619208149883,41.669528084824066],[-4.7063364961628427,41.669284597859161],[-4.705595037012908,41.668570562699117],[-4.7035774698695336,41.666366817952145],[-4.7035484960931608,41.666335723980616],[-4.7031121844042216,41.665945894121968],[-4.7023476378407674,41.665335756854915],[-4.7017687983111376,41.66492101307454],[-4.7011823407454738,41.664587438745599],[-4.6982516059877959,41.669062094118196],[-4.696326038472348,41.671828575965783],[-4.6962878092172886,41.671883497692093],[-4.6960899742076876,41.671758294828123],[-4.6960126497875176,41.671709358829808],[-4.6950918447250238,41.671126698051296],[-4.6948711805350243,41.670985035001678],[-4.6927548033788185,41.672467029179955],[-4.6924908290023266,41.6726486194407],[-4.6918451457813131,41.673089728591016],[-4.6917714432443756,41.673137828850685],[-4.691443523056865,41.673354943998049],[-4.6912611110052653,41.673476877144722],[-4.6907024432606521,41.673860407959452],[-4.6901883245368099,41.674229679714692],[-4.6899868618341625,41.674390440725915],[-4.689574795935874,41.674656612905331],[-4.6889313226337554,41.675055071411492],[-4.688808732353178,41.675131178713301],[-4.6887274668300059,41.675184251808481],[-4.6887397811038136,41.67543481785939],[-4.6883115931529415,41.675774086803422],[-4.687268284369714,41.676600374111572],[-4.687273223435839,41.676637679460022],[-4.6872754081673973,41.676652328327144],[-4.6873169797307357,41.677048194434164],[-4.6873457661287228,41.677299509425332],[-4.6873538879548393,41.677371263748746],[-4.6872738484825494,41.677401890183397],[-4.688810806165824,41.679283091853605],[-4.6887422395781932,41.679306964070271],[-4.6875821347815929,41.679702588886471],[-4.687538866192007,41.679717346906649],[-4.6865272733137395,41.680062310175352],[-4.6849473051389099,41.680597805797824],[-4.6849289193124628,41.680613350800137],[-4.6847143611000153,41.680794747905438],[-4.6838298029176446,41.68071613856754],[-4.6826581942502479,41.681564247203873],[-4.6831453267764154,41.682032228061253],[-4.6831768955018633,41.682064977858879],[-4.6831846813158675,41.682073059910394],[-4.6831284635769572,41.682121659545182],[-4.681698878032484,41.683357496783287],[-4.6816988216265436,41.683357545344435],[-4.6822680560169134,41.683743763942473],[-4.683220826357446,41.682922092917096],[-4.6849658534479994,41.683981293594385],[-4.6865368800694815,41.684093799401793],[-4.6867372992955287,41.683923783852173],[-4.6868135585200967,41.683950820186077],[-4.6880544461505256,41.682934529550074],[-4.6881593894503979,41.682951031744793],[-4.6882895096977855,41.682971492526001],[-4.688356087165217,41.682981901414394],[-4.6886355947271285,41.68303035794257],[-4.6886534055295517,41.683033445774427],[-4.6892609765438804,41.682176638613292],[-4.6896804667534537,41.681686238276825],[-4.6900476209710709,41.681409653608732],[-4.6911726193248038,41.680590333483572],[-4.691473091314867,41.680775361248969],[-4.6913600165266871,41.681009371872953],[-4.6915719971745204,41.681456643395023],[-4.6926152598307267,41.681237530652176],[-4.6932740361800906,41.681084842639564],[-4.6944935479919518,41.680859540576748],[-4.695985332230542,41.681016257849414],[-4.6976425551353183,41.681617452961603],[-4.6988452518606225,41.68213557912609],[-4.7005213031247637,41.682777287653977],[-4.7022459152288345,41.68316606450243],[-4.7042783589118375,41.683694357747335],[-4.7047035438990772,41.684084346657826],[-4.7060374362614752,41.686424308550549],[-4.7095631441420336,41.690024130372855],[-4.7095929583754641,41.690042696261308],[-4.7096196498362746,41.6900593172303],[-4.7096669086931175,41.69008563406959],[-4.7097141687893309,41.690111950870701],[-4.7097607962508174,41.690142780409204],[-4.7098069297715304,41.690169113936328],[-4.7098528066387475,41.690199955507524],[-4.7098983087745472,41.690230801736263],[-4.709942941005627,41.690257157550619],[-4.7099899446332616,41.690287981396111],[-4.7100387064169542,41.690314275711842],[-4.7100892251710649,41.690336041414],[-4.7101409886502505,41.690362291008427],[-4.7101943922122045,41.690379509481858],[-4.7102490393245118,41.690401212761955],[-4.710305068638422,41.690418392998765],[-4.710361730590626,41.690431059547336],[-4.7104191444713486,41.69044371487395],[-4.7104776826311756,41.690456353434151],[-4.7105368522567952,41.690464480121548],[-4.7105962785356903,41.69046809871427],[-4.7106560807739006,41.690471711678555],[-4.7107162577703274,41.690475319031719]]]},"properties":{"OBJECTID":41,"JOIN_COUNT":1,"TARGET_FID":41,"CODIGO_BAR":"41","NOMBRE_BAR":"SOTO DE MEDINILLA","ORIG_FID":44,"SHAPE.AREA":2990327.68847876,"SHAPE.LEN":11374.807606719402}},{"type":"Feature","id":42,"geometry":{"type":"Polygon","coordinates":[[[-4.7398809637073542,41.689977423154311],[-4.7400391088981317,41.690131211924211],[-4.7400410700050282,41.690117441649697],[-4.7400438312668429,41.690098050804238],[-4.7400549168110775,41.690061618463211],[-4.7401066142037847,41.689935160040847],[-4.7403266022842931,41.689608669632257],[-4.7405063758446486,41.689386183671836],[-4.7404742738437644,41.689376492439735],[-4.7400642026910136,41.689244089255894],[-4.7398741079145381,41.689168248888016],[-4.7400707115912901,41.688932720156238],[-4.7403324418085546,41.688684062718472],[-4.7403660747872998,41.688652101970483],[-4.7403959291551736,41.68861850519643],[-4.7404892490707624,41.688543908759357],[-4.7406564355069527,41.688440189642698],[-4.7408302682484962,41.688333745036992],[-4.7409911814211991,41.688234168081621],[-4.7410006058060015,41.688228351971297],[-4.7412212925792181,41.688092164678103],[-4.7414438836149344,41.687954801549466],[-4.7414466326754212,41.687953105356598],[-4.7416674936975003,41.687816810088854],[-4.7418896230704748,41.687679729600731],[-4.7421303966041064,41.687531142772528],[-4.7421285538587261,41.687529466651647],[-4.7421125356824794,41.687514893558046],[-4.7421368564867112,41.687489570001091],[-4.7423283074928939,41.68736060500337],[-4.7423808986491505,41.687328536303589],[-4.7424229217497498,41.687313101051465],[-4.7428285751526653,41.687205236085433],[-4.742683540637139,41.687019083998024],[-4.7426000362852321,41.686930148717558],[-4.7425115450120483,41.686841851923823],[-4.7424494137589539,41.686784827259039],[-4.7424253970218109,41.686751731698401],[-4.742414853132451,41.686715432591186],[-4.7424125244685529,41.686700381730041],[-4.7424099314004504,41.68667891762454],[-4.7424098483702615,41.686657365916794],[-4.7424122666592456,41.686635893362457],[-4.7424133842499483,41.686631670297849],[-4.7424180855546023,41.686620174037053],[-4.7424250202816092,41.686609337419085],[-4.7424340396923261,41.686599392369359],[-4.7424449399222484,41.686590576152646],[-4.742457472412033,41.68658307267139],[-4.7424713620584846,41.686577061727391],[-4.7425697921527874,41.686530085216944],[-4.7425930993800538,41.686518644507807],[-4.7426127235824111,41.68650674627424],[-4.7426313826725499,41.686493858431454],[-4.7426388151319196,41.686486328706799],[-4.742726336903174,41.686397622974162],[-4.7428624347928192,41.686218253200423],[-4.7429562680284798,41.686129077774524],[-4.7430790345594502,41.686045412233582],[-4.7431612600128483,41.686004008504767],[-4.7432369247248722,41.685976831226313],[-4.7433475002039742,41.685951016490094],[-4.7434535993389852,41.685928872242393],[-4.7435655554167688,41.685905557314705],[-4.743681574237308,41.685881460086897],[-4.7439023925130366,41.685835958340036],[-4.7439251739734098,41.685829758218219],[-4.7441270018179633,41.685763080482062],[-4.7442242900421254,41.685729386719586],[-4.7444415400957585,41.685623052099679],[-4.7444859223405631,41.68559355688658],[-4.7445414232109027,41.685548761623934],[-4.7446209741264411,41.68544294481098],[-4.7446760577368652,41.685373068632195],[-4.7447499788964125,41.685298452569306],[-4.7448016384983669,41.685253715512317],[-4.7449319939605621,41.685168874464701],[-4.7450198330627193,41.685111338764685],[-4.7451644272172446,41.685019796391941],[-4.7452532851201461,41.684964406640432],[-4.7453521105306002,41.684886528856651],[-4.7454450328156303,41.684800786872742],[-4.7455037571627736,41.684713638730663],[-4.7455878625649186,41.684589149668433],[-4.7456587891216993,41.684474948250795],[-4.7457748700090772,41.684288727845285],[-4.745824449535081,41.684194135767058],[-4.7458502743689888,41.684144864139341],[-4.7456696624028831,41.683958218769213],[-4.7457095917114946,41.683914156693206],[-4.7460478952994132,41.68347456199875],[-4.7461521643504803,41.683339750662732],[-4.7464005881633868,41.68300743664026],[-4.7465850216632548,41.682787425450385],[-4.7467454066325034,41.682588991191132],[-4.7472902506228936,41.682165745776722],[-4.7474564814736846,41.682030296272096],[-4.7475914841120241,41.681918564144659],[-4.7476555492716024,41.681865188845364],[-4.7477670209733347,41.681745153610386],[-4.7478512042954346,41.681649805483183],[-4.7479290735356008,41.681505137318666],[-4.7482226209694289,41.681551636373413],[-4.748403084004968,41.68158022190282],[-4.7486594272488167,41.681573307163106],[-4.7488231908262541,41.681585045210014],[-4.7491760058080645,41.681573876932873],[-4.7492296999536308,41.681572176831523],[-4.7492525856348768,41.681398045498177],[-4.749310179616768,41.681397547821682],[-4.7493305895667843,41.681397371276574],[-4.749363042687186,41.681183711658328],[-4.7493774318666739,41.681077623597808],[-4.7493669897354973,41.680633648944699],[-4.7493566317649121,41.680488302879404],[-4.7493403375394099,41.680427611785817],[-4.7493260093587262,41.680393681117955],[-4.7493013693184665,41.680348923802605],[-4.7492616939851642,41.680290430534839],[-4.7491180011588687,41.680090912656482],[-4.7489614822358437,41.679875395819451],[-4.7487472419582,41.679637210233182],[-4.7486171102028232,41.67953024958571],[-4.7485752274506501,41.679499160960987],[-4.7485042199641025,41.679446444675079],[-4.7483747458968315,41.679358865118658],[-4.7481746404462637,41.679231808420461],[-4.7481574937292939,41.679230371548087],[-4.748116592048742,41.679254325659429],[-4.7480486057917757,41.679274228112298],[-4.7478722139706617,41.679279519026714],[-4.7477179450620808,41.679284162428793],[-4.7471926178829289,41.679299964409886],[-4.7465481078823482,41.679320492998194],[-4.7462651293274192,41.67927491427529],[-4.746008183843931,41.679233146273461],[-4.7459801149122427,41.679197924367131],[-4.7459780091696464,41.679188692994401],[-4.745969830478681,41.679172977226827],[-4.7459680562858919,41.679169565436339],[-4.7459224620208298,41.679129518348994],[-4.745632900419027,41.679135023114988],[-4.7449863742510487,41.678500475243673],[-4.7448060329131616,41.678619862236182],[-4.7442471954095646,41.67911305442388],[-4.7436357794937845,41.679637067379964],[-4.7431772493657345,41.680031504961541],[-4.7430638112020445,41.680139031930032],[-4.7429549559235635,41.680275085478279],[-4.7426233474926178,41.680684895444465],[-4.7423292416942378,41.681023932279032],[-4.7421083463322669,41.681248902858066],[-4.7415333858903157,41.681782360958231],[-4.7409519648425755,41.682288747218543],[-4.7408230356616468,41.682387927827399],[-4.7406149553916075,41.682522622858592],[-4.7401917635893653,41.682743505635266],[-4.7397588429861059,41.682957384667809],[-4.7394871874009006,41.683068733072389],[-4.7392677604982296,41.683136396816558],[-4.738909231296593,41.683209025103736],[-4.7382680478052857,41.683338831434625],[-4.7378283414747697,41.683442710022362],[-4.7371959332037488,41.683615272864365],[-4.7365511742766957,41.683825193071172],[-4.7358788889234313,41.684075561138442],[-4.7350992664461788,41.684377589193282],[-4.734557834134586,41.684600235909741],[-4.7339755659138785,41.684864961323207],[-4.7334653208566939,41.685112869715724],[-4.7331924365971059,41.685247266295789],[-4.7324446034503982,41.685716085092054],[-4.7316198434704395,41.686326215872363],[-4.7310524496351665,41.686826621460192],[-4.7308819736244558,41.686997774995803],[-4.7308979483793481,41.687012575489234],[-4.7309304031366199,41.687042646211452],[-4.7309274750081514,41.687052192370146],[-4.7309580768712882,41.687126532702187],[-4.7311272686358912,41.687274016845997],[-4.7311284047878974,41.687274714857757],[-4.7311952722466959,41.687315548763557],[-4.7311965193140271,41.687316305448114],[-4.7312875060657777,41.687372081823398],[-4.7313258385037571,41.6873936606328],[-4.7314162975872556,41.68743956543139],[-4.731457197835363,41.68745836747059],[-4.7314777759737217,41.687467568408593],[-4.7314883459380708,41.687471912456076],[-4.7315197745875306,41.687485210024761],[-4.7315481250769889,41.687496185218841],[-4.7315826841162902,41.687506986677292],[-4.7316792558636083,41.687542008242289],[-4.7317015622436251,41.687548490095516],[-4.7317800708327704,41.687570327847538],[-4.7318139732158926,41.687579535945062],[-4.7319058420991924,41.687600037388087],[-4.7319171183031798,41.687602488354592],[-4.731952324271675,41.687609631344543],[-4.732058680929752,41.687626393561395],[-4.7320942930931587,41.687631702028831],[-4.7322365477358499,41.687645165951025],[-4.7323435507156217,41.687651083127044],[-4.7324517426711159,41.687656531040666],[-4.7325586513898763,41.687661620823128],[-4.732630758647324,41.687664793613479],[-4.7326432474370606,41.687665415880538],[-4.7327748989532887,41.687670388119969],[-4.7327749771432686,41.687670391444122],[-4.7329970741287521,41.687677913647192],[-4.7330682633350811,41.687679560768984],[-4.7332310241598936,41.687682068249771],[-4.733577815390368,41.687687609124602],[-4.7335796550892315,41.687687613790466],[-4.7336928135235379,41.687687883315519],[-4.7338154463668802,41.687686996504866],[-4.7339322004647135,41.687685992029699],[-4.7340516504746217,41.687685153000537],[-4.7342805082293991,41.687681339358349],[-4.734398953358542,41.68767753482723],[-4.7345176816207299,41.687673535858764],[-4.7346388639988826,41.687668753062802],[-4.7347383521676454,41.687665080371829],[-4.7348399394180278,41.687661496589257],[-4.7348399678322384,41.687661480848874],[-4.7351205823439093,41.687647569320866],[-4.7351208632719519,41.687653327549015],[-4.7351790534977196,41.688848611634022],[-4.7362156101509623,41.688806091820375],[-4.7365143889160999,41.688780129757845],[-4.7366287150881403,41.688775542149102],[-4.7368470434090817,41.688807986676402],[-4.7370868836943583,41.688860123778596],[-4.7373890857085232,41.688961360250332],[-4.7380925821677486,41.689230963515037],[-4.7385586309005383,41.689395489337201],[-4.7386957232778695,41.68938626619196],[-4.7387820658474924,41.689404976853965],[-4.739587420556469,41.689773115958566],[-4.739744332636846,41.689862247823562],[-4.7398809637073542,41.689977423154311]]]},"properties":{"OBJECTID":42,"JOIN_COUNT":1,"TARGET_FID":42,"CODIGO_BAR":"02","NOMBRE_BAR":"EL BERROCAL - LA GALERA","ORIG_FID":7,"SHAPE.AREA":757676.982807755,"SHAPE.LEN":4561.7257450260004}},{"type":"Feature","id":43,"geometry":{"type":"Polygon","coordinates":[[[-4.6326614647807567,41.691921346156775],[-4.6348884287534045,41.692098836607016],[-4.6344625790388374,41.691187647888157],[-4.6424382081787376,41.686147548399809],[-4.6440575767622931,41.685530583275913],[-4.6460363408086565,41.684991041657746],[-4.6505687737366781,41.685326393312415],[-4.6532412264975349,41.685044803350628],[-4.6569321405297179,41.685276899424203],[-4.6610730669150628,41.684397069962202],[-4.6629963913117418,41.683381760047766],[-4.6651386608684238,41.68293895928872],[-4.6695118389049677,41.68229287632888],[-4.6742662983164909,41.683321729517772],[-4.6762857286098471,41.682894107523147],[-4.6771699983626993,41.683809711665198],[-4.6783965015124345,41.683245821314621],[-4.6787256528507166,41.682494446303465],[-4.6796842752044556,41.682682553350901],[-4.6796207926453119,41.6829211685125],[-4.6816217123261996,41.683418442450076],[-4.6816976022184997,41.683356718362681],[-4.6816988216265436,41.683357545344435],[-4.681698878032484,41.683357496783287],[-4.6831284635769572,41.682121659545182],[-4.6831846813158675,41.682073059910394],[-4.6831768955018633,41.682064977858879],[-4.6831453267764154,41.682032228061253],[-4.6826581942502479,41.681564247203873],[-4.6838298029176446,41.68071613856754],[-4.6847143611000153,41.680794747905438],[-4.6849289193124628,41.680613350800137],[-4.6849473051389099,41.680597805797824],[-4.6865272733137395,41.680062310175352],[-4.687538866192007,41.679717346906649],[-4.6875821347815929,41.679702588886471],[-4.6887422395781932,41.679306964070271],[-4.688810806165824,41.679283091853605],[-4.6872738484825494,41.677401890183397],[-4.6873538879548393,41.677371263748746],[-4.6873457661287228,41.677299509425332],[-4.6873169797307357,41.677048194434164],[-4.6872754081673973,41.676652328327144],[-4.687273223435839,41.676637679460022],[-4.687268284369714,41.676600374111572],[-4.6883115931529415,41.675774086803422],[-4.6887397811038136,41.67543481785939],[-4.6887274668300059,41.675184251808481],[-4.688808732353178,41.675131178713301],[-4.6889313226337554,41.675055071411492],[-4.689574795935874,41.674656612905331],[-4.6899868618341625,41.674390440725915],[-4.6901883245368099,41.674229679714692],[-4.6907024432606521,41.673860407959452],[-4.6912611110052653,41.673476877144722],[-4.691443523056865,41.673354943998049],[-4.6917714432443756,41.673137828850685],[-4.6918451457813131,41.673089728591016],[-4.6924908290023266,41.6726486194407],[-4.6927548033788185,41.672467029179955],[-4.6948711805350243,41.670985035001678],[-4.6950918447250238,41.671126698051296],[-4.6960126497875176,41.671709358829808],[-4.6960899742076876,41.671758294828123],[-4.6962878092172886,41.671883497692093],[-4.696326038472348,41.671828575965783],[-4.6982516059877959,41.669062094118196],[-4.7011823407454738,41.664587438745599],[-4.6989299244972633,41.663220209996936],[-4.6970946300675553,41.662053933254086],[-4.6955971071048106,41.66094118768784],[-4.6948640434431397,41.660195433978167],[-4.6941278140904323,41.659328132041502],[-4.6940417251914095,41.659196251920442],[-4.6939647596056719,41.659078346293413],[-4.6934289308896391,41.658266629909662],[-4.6928072527250171,41.656956299616517],[-4.6924376649301252,41.655669275039152],[-4.6921950885916388,41.65441640652439],[-4.6921720032359309,41.653534084372502],[-4.6923093069814925,41.652370192734999],[-4.6925395885425099,41.651547186932589],[-4.6928543434637087,41.650754460715554],[-4.6928813228522781,41.650695519379006],[-4.6931058190867594,41.650196840579014],[-4.6936561620136326,41.649229513311475],[-4.6940857433497403,41.648552178902136],[-4.6941496857954439,41.648451358537336],[-4.6941201196251772,41.648450323617652],[-4.6927065661768594,41.648400854717231],[-4.6927054434742894,41.648357976585409],[-4.692315755040025,41.648344848755549],[-4.6923193001645513,41.64848582521612],[-4.692320846418589,41.648547323983728],[-4.6923209704348547,41.648552015577238],[-4.6923215454753624,41.648573707082775],[-4.6923220216493373,41.648591713579556],[-4.6923240551736383,41.648673201966517],[-4.6923260307693813,41.648750367062704],[-4.6923027054596158,41.648749846822128],[-4.6921507041097374,41.648745930884196],[-4.6920725307949116,41.648743844961345],[-4.6920364538615988,41.648742910778509],[-4.6919649047250802,41.648741115436366],[-4.6919288289940893,41.648740181202001],[-4.6919305777726308,41.648702388330236],[-4.6919330748609065,41.648648360573162],[-4.6919359955689259,41.648584411942643],[-4.6919390431959549,41.648516962318425],[-4.6919392065495469,41.64851333919782],[-4.6919407054997295,41.648480958559304],[-4.6919471838786544,41.648341015287876],[-4.6919474578556128,41.64833510372322],[-4.6905899818981194,41.648293578173643],[-4.6901056571728912,41.64828259343664],[-4.6900839671120238,41.648282101833971],[-4.6900801901604261,41.648355121115422],[-4.6900014394242122,41.648353067491676],[-4.6897610002511945,41.648349306017678],[-4.6895145740415138,41.648343118278341],[-4.6895061054421721,41.648097920349734],[-4.6894957643078365,41.647798572494544],[-4.6894899646757633,41.647630637601971],[-4.6894837266745526,41.647450061860084],[-4.6894599378189348,41.646761313528359],[-4.6894582171881769,41.646711506229209],[-4.6897216547119296,41.646693478796948],[-4.6898105449400838,41.646688673486288],[-4.6898024383971082,41.646631842955841],[-4.6897975235819302,41.646597386916298],[-4.6897958836687517,41.646588350231347],[-4.6897636288951201,41.646372172339305],[-4.6897632987365299,41.64636735047182],[-4.6897187398533982,41.646055011777683],[-4.6897187506439009,41.646053127404919],[-4.6896833000608513,41.645802079053524],[-4.6896749333774341,41.645744060735801],[-4.6896677215502756,41.645655522241228],[-4.6896570735873651,41.645580968627151],[-4.689623796773434,41.645347971148261],[-4.6896127181799345,41.645270397585975],[-4.689603766193863,41.645207712453725],[-4.6895916017280994,41.645122540537187],[-4.6895740808583222,41.644994181592722],[-4.6895828925540393,41.643469388195918],[-4.6895843320024282,41.643437121917984],[-4.6895842973927175,41.643436073138894],[-4.6895661970499294,41.642885183851298],[-4.6895504454446151,41.642438319639645],[-4.6895461399093037,41.642323997024462],[-4.6895452657177614,41.642238015984674],[-4.6895370328287953,41.642191525214862],[-4.6902511052934432,41.641993316345477],[-4.6902714798689464,41.641987660342181],[-4.6902969937585022,41.641930433462228],[-4.6903239194389101,41.641872877778766],[-4.6904611125919127,41.64157961694368],[-4.6905061232858403,41.641448455786858],[-4.6905070068636929,41.641417036196096],[-4.6905048955350894,41.641110080636999],[-4.6905024337412256,41.640619230050433],[-4.6905014480586766,41.640188558946626],[-4.6905009111797646,41.639895432575543],[-4.690502748658659,41.639892694508085],[-4.6904984481840328,41.639882601738421],[-4.6904997109789486,41.639720275793813],[-4.6905337131268352,41.639719105497676],[-4.6914039958670655,41.639689141782995],[-4.6923113768150788,41.639692940948997],[-4.6928449706600555,41.639713392848904],[-4.6930155533291877,41.639725178130561],[-4.6931810306722204,41.639736085463674],[-4.6933031454565644,41.63974095839486],[-4.6934354722463123,41.639747587444631],[-4.6935601777983571,41.639754328657162],[-4.6937141485224867,41.63976254514683],[-4.6938541453440239,41.639770966500883],[-4.693967518934099,41.639781687764497],[-4.6940935692841261,41.639791268222396],[-4.6959978143800303,41.640012923690236],[-4.7003811452139201,41.640569646498449],[-4.7010313153202556,41.640649627243654],[-4.7013575961461243,41.64068673888297],[-4.7015958468507888,41.640662239976521],[-4.7018156117460261,41.640611325501453],[-4.7020340231660471,41.640508956114132],[-4.7024710744427765,41.640216516582527],[-4.7028503819451934,41.639911267795675],[-4.7028514268704198,41.639879728647365],[-4.7028543677397767,41.639834651262632],[-4.7028565584852906,41.639789584992904],[-4.7028580003087335,41.639744529820412],[-4.7028586908112704,41.639699485780739],[-4.7028590056304784,41.639654446406936],[-4.7028581958960487,41.639609424597211],[-4.7028573873639807,41.639564402769345],[-4.7028554518573218,41.639519397640719],[-4.7028531430961129,41.639474398042609],[-4.7028497073639617,41.63942941514356],[-4.7028463901751598,41.639388933868524],[-4.7028418310810718,41.639343967614515],[-4.7028365194788684,41.63929901251052],[-4.7028308346280863,41.639254062936658],[-4.7028247741291063,41.639209118928427],[-4.7028175890693467,41.639164191582935],[-4.7028100283639924,41.639119269802798],[-4.7028013419013064,41.639074364702758],[-4.7027922809957934,41.639029465149967],[-4.7027832201038819,41.638984565595905],[-4.7027737847701783,41.638939671588965],[-4.7027639725951076,41.638894783164616],[-4.7027541616348456,41.638849894721055],[-4.7027443506892217,41.638805006276073],[-4.7027341653038794,41.638760123377914],[-4.702723722805608,41.638719747669612],[-4.7027131617958764,41.638674870334448],[-4.7027022251480268,41.638629998563609],[-4.7026812217299447,41.638544745510877],[-4.7021056196642705,41.63651774083953],[-4.702089333822955,41.636454934687002],[-4.702075398905472,41.636410107245318],[-4.7020623325601001,41.636369770320535],[-4.7020498966432864,41.636324920673346],[-4.7020382120252613,41.636280059897139],[-4.7020272763042215,41.636235188027719],[-4.7020167162391191,41.636190310593243],[-4.7020072807079183,41.636145416502522],[-4.7019982208300721,41.636100516847101],[-4.7019902878827686,41.63605560050042],[-4.7019828454492565,41.636015180271905],[-4.7019764102784869,41.635970241741127],[-4.7019703507322248,41.635925296745938],[-4.7019650424950399,41.635880341523816],[-4.701960483141443,41.635835375210107],[-4.7019566738699963,41.635790397787162],[-4.7019536146791365,41.63574540925508],[-4.7019513055673077,41.635700409613975],[-4.7019497465329536,41.635655398863868],[-4.7019489375744907,41.635610377004866],[-4.7019485042543394,41.635565349582372],[-4.7019491954432455,41.635520305505672],[-4.7019506367033541,41.635475250320155],[-4.7019524535978539,41.635430189571181],[-4.7019553949959239,41.635385112168017],[-4.7019587120257667,41.635340029201387],[-4.7019627791210654,41.635294935125877],[-4.7019679695143104,41.635249824413798],[-4.7019735367355047,41.635204708120348],[-4.7019798540174218,41.635159580717819],[-4.7019869213584808,41.635114442206103],[-4.7019947375570021,41.635069292602907],[-4.7020029293786303,41.635024137435778],[-4.7020122468879126,41.63497896559587],[-4.702022432911714,41.634938284276231],[-4.7020328748934066,41.6348930957801],[-4.7020440669253389,41.634847896174023],[-4.7020563858377127,41.634802679876593],[-4.7020691964292993,41.634761959679913],[-4.7020822629717269,41.634716732306131],[-4.702096456389639,41.634671488240294],[-4.7021115171164238,41.634630734711159],[-4.7021268349879364,41.634585473986512],[-4.7021432773292551,41.634540196604476],[-4.7021602149479502,41.634499415268657],[-4.7021777817346102,41.634454121226298],[-4.7021958425985728,41.634413323247529],[-4.7022149106551687,41.634368006962248],[-4.7022344715886817,41.634327186757744],[-4.7022551593841984,41.634286349858122],[-4.7022761019060946,41.634241005796554],[-4.7022982885616305,41.634200146686666],[-4.7023208496176636,41.634159282026317],[-4.7023445375288908,41.634118400668982],[-4.7023689730654352,41.634077508231684],[-4.7023937841989429,41.634036610225046],[-4.7024197209824683,41.633995695537664],[-4.7024460333605322,41.633954775280152],[-4.7024734689850565,41.633913838376301],[-4.7025017743185265,41.633877391966415],[-4.7025303367540978,41.633836438355459],[-4.7025596492055168,41.633795473625675],[-4.7025902033929645,41.633758993876633],[-4.7026210158971544,41.633718007807801],[-4.7026526968894897,41.633681511347625],[-4.7026850081935914,41.633640502154606],[-4.7027178135863634,41.633603989016969],[-4.7027517446155347,41.633567459191575],[-4.7027856744066519,41.633530929374466],[-4.7028207298315508,41.633494382868292],[-4.7028557852171611,41.633457836351994],[-4.7028915906104318,41.633421278711289],[-4.7029277715868139,41.633384715493897],[-4.7029647013685842,41.633348141168767],[-4.7030021252548275,41.633316062894963],[-4.7030398062011507,41.633279477414142],[-4.7030783544779755,41.633247382452787],[-4.7031167841859594,41.633210785850295],[-4.7031564580499703,41.633178674181551],[-4.7031960145388272,41.633142060853288],[-4.7032364383647556,41.633109938041983],[-4.7032772365956639,41.633077810567947],[-4.7033184103836279,41.63304567661234],[-4.7033603341727321,41.633013531525414],[-4.7034022579201826,41.632981386423815],[-4.703444931667228,41.632949230189844],[-4.7034879809923043,41.632917068372748],[-4.7035317791149742,41.632884895439716],[-4.7035760713752337,41.632857218550441],[-4.7036206194531518,41.632825034466272],[-4.7036656628735685,41.632797346407052],[-4.7037113365240408,41.632765145601468],[-4.7037575031214933,41.632737440855067],[-4.7038040452983756,41.632709730521867],[-4.70385096307787,41.632682015501707],[-4.7038986296307872,41.632654288459911],[-4.703946671761253,41.63262655582961],[-4.7039950882686998,41.632598817628171],[-4.7040439989451865,41.632575575464429],[-4.7040931678085496,41.632547826065817],[-4.7041906121587882,41.632501347224853],[-4.703651062816772,41.63162898913744],[-4.7001802648810251,41.627224089887427],[-4.6973518202335578,41.623679408124694],[-4.6966771986314493,41.622932751780148],[-4.6960408824651472,41.622283826139601],[-4.6943633360242929,41.620874770322231],[-4.6934880923062572,41.620257151873915],[-4.6932888293535893,41.619924077711048],[-4.6934029065917944,41.619368336650957],[-4.6934124165244349,41.619003589704803],[-4.6933019478210944,41.618604864343226],[-4.6926562184842284,41.617702510200957],[-4.6914227653377534,41.616103233056428],[-4.6912696028056908,41.616208698708164],[-4.6909345565801726,41.616362780424531],[-4.6907053969626507,41.616467298176595],[-4.6906011308436453,41.616514586528986],[-4.690505435909647,41.616554633339128],[-4.6904415184348558,41.616579800888985],[-4.690321220880584,41.616624532678252],[-4.6901953783398387,41.616668355140924],[-4.6901106304744777,41.616695541039512],[-4.690031915543682,41.616719395712771],[-4.689863980406261,41.616769240859909],[-4.6897076771436934,41.616809456705781],[-4.6896607243451847,41.616826988825188],[-4.6894987852955214,41.616872062649932],[-4.6894148580163639,41.616893921960497],[-4.6893594621246546,41.616905274206957],[-4.6893126294090397,41.616913618382185],[-4.6891470194274909,41.616937578785354],[-4.6890178756568925,41.616956138466563],[-4.6889897786561905,41.617024733773711],[-4.6883449957120993,41.617139676435805],[-4.687959218818361,41.617406269150088],[-4.6857155924253995,41.617596455535036],[-4.6842962033182722,41.618230535294941],[-4.683213854856433,41.619064114430621],[-4.6809788495917317,41.620536732833301],[-4.6790808097148968,41.620162675366274],[-4.6784290989436554,41.62043816313539],[-4.6782242456828511,41.620578687656682],[-4.6780670546800973,41.62075661467567],[-4.6777309759706647,41.621377945047868],[-4.6775453609951194,41.62175623727191],[-4.6774162415331784,41.621859537590041],[-4.6767347488018052,41.622256050611462],[-4.6764011110015691,41.622504100496087],[-4.6760789529451623,41.62263462157712],[-4.6755813547709737,41.62275328975435],[-4.6752997259516462,41.622794051319694],[-4.6746996672624839,41.62279883119492],[-4.674499991719105,41.622805972971854],[-4.673651033570378,41.622887146765741],[-4.6732964264308041,41.622821334885209],[-4.673047526413983,41.62279559544816],[-4.6726699749211198,41.622794063936851],[-4.6723305909785902,41.62284826832029],[-4.6718678786663697,41.623053867951008],[-4.6716091910966799,41.623114012542402],[-4.6712169873743452,41.623177358222023],[-4.6702871128614394,41.623388751294662],[-4.6696377046922937,41.623514191674765],[-4.6691639301971977,41.623677700145812],[-4.668694377662157,41.62378620296586],[-4.6682751037559322,41.623917392624044],[-4.6679323317173944,41.62400351730399],[-4.6675633553619518,41.624130191530405],[-4.6669975056333692,41.624298537901453],[-4.6667149834445718,41.624445032184767],[-4.6665048235766733,41.624614074319851],[-4.6658573808443791,41.625297346256012],[-4.6657360461505988,41.62539628834768],[-4.6651531463438509,41.625812559850047],[-4.6650896142769129,41.625867341024474],[-4.6649101398649107,41.625918306813212],[-4.6647648080978206,41.625938424826828],[-4.6646318269368878,41.62596277709897],[-4.6641899930832009,41.626109229943886],[-4.6639240673397024,41.626234039957026],[-4.6638255930413628,41.626279238714453],[-4.6636366598949159,41.626345200679907],[-4.6631571781680199,41.626404737586547],[-4.6629278559145844,41.626393824375867],[-4.6626595879957629,41.626352850121776],[-4.6623769250081208,41.626195356194614],[-4.6622503222058516,41.626131526915316],[-4.6616168559524294,41.625944336420964],[-4.6612759830785162,41.625889997748182],[-4.6594349414832994,41.625704296252451],[-4.6584379410108321,41.625749035331218],[-4.6583053671905725,41.625761306189069],[-4.6571830791424524,41.625891874735686],[-4.6570190643794822,41.62591387358178],[-4.6563268412671812,41.625967802597259],[-4.6553623218773588,41.625982686482111],[-4.6549757146134141,41.62593763256195],[-4.6543244003431203,41.625835592967654],[-4.653591983796054,41.625772904591813],[-4.6532697902078644,41.625641175076261],[-4.653132507663841,41.625671160148407],[-4.6512168908103542,41.626137501767182],[-4.6507413307667598,41.626266553171597],[-4.6503973604285322,41.626372998226479],[-4.6495045541090922,41.626630346319146],[-4.6483268173597567,41.626965539340269],[-4.647546851432284,41.627199907638527],[-4.6472913431304583,41.626664601832303],[-4.6434969618965702,41.626998568601749],[-4.6437259455503517,41.627478600214886],[-4.6446478235380741,41.62747118019827],[-4.6467276543091192,41.627411776257141],[-4.6474296430217557,41.627849268416128],[-4.6473006647275215,41.628597599703888],[-4.6471124734620686,41.62917970406059],[-4.647348560156936,41.629951626102709],[-4.6475990681412709,41.632516506182888],[-4.6477645932970644,41.633185140622253],[-4.6491527774240264,41.634320086572394],[-4.6498255052258228,41.634764647275198],[-4.6528823979118785,41.637367833832208],[-4.6546358345812351,41.64013525251336],[-4.65615372152023,41.644267954746041],[-4.6566789396997148,41.645548534748663],[-4.6569023170532224,41.646257841340976],[-4.6566720995188691,41.646561715714377],[-4.6565267680930695,41.646785556714931],[-4.6564399519375934,41.646945146376929],[-4.6563843986168951,41.647064116035089],[-4.6563277224575499,41.647219039786656],[-4.6562525845228935,41.64754400461716],[-4.6562351818957488,41.647741413754247],[-4.6562335475570507,41.647902748656499],[-4.6562489945165764,41.64811211368162],[-4.6562832140389512,41.648360567733995],[-4.6563687549555084,41.64861080573808],[-4.656486769364534,41.649275695056431],[-4.6565589630793269,41.649361466152442],[-4.6569268233473968,41.649798500578612],[-4.6554849102198119,41.651191096320659],[-4.6551500393607208,41.652484157508056],[-4.6551799767851145,41.653541569458604],[-4.6544953950518044,41.653741649094449],[-4.6546722401937801,41.654551782474485],[-4.6544784009601141,41.656007183727496],[-4.6545285383120891,41.6563943831855],[-4.6548658923920687,41.656389527188686],[-4.6551187812879169,41.658044752323043],[-4.6550947010837351,41.65810346297166],[-4.6550417140885241,41.658121337189883],[-4.6550802855193805,41.658192475465199],[-4.6556009328207528,41.659112223985588],[-4.6561419349429034,41.659761563917755],[-4.6564764138657626,41.659615608662875],[-4.656900571598233,41.66017142689568],[-4.6579936006621043,41.660928176071124],[-4.65876200683444,41.661366707230016],[-4.6593999771040817,41.662530448303492],[-4.6606340934828978,41.669049182771985],[-4.659810747252263,41.669296152202655],[-4.6589741039942911,41.669507368118303],[-4.6584300463665507,41.669614383303696],[-4.6580787097597414,41.669615398758395],[-4.6578416095080799,41.669602247439798],[-4.6576388323095825,41.669536358676439],[-4.6572832755850362,41.670769106432466],[-4.6567205800962057,41.671016526363353],[-4.6560654178035046,41.672967460134764],[-4.6556216599268216,41.673188033424921],[-4.65440408189344,41.674969444064772],[-4.6518792525976753,41.675727196439354],[-4.6506038698884513,41.675688506543914],[-4.6491215498713823,41.676146338357455],[-4.6484266384443069,41.677303404349871],[-4.6474817511379944,41.677152578626625],[-4.6469148065527035,41.678062007620383],[-4.6456871675561899,41.679008365402588],[-4.6460118895714597,41.679917989594735],[-4.646498525628517,41.67997676916363],[-4.6468751045283385,41.680530331990802],[-4.6478013413846382,41.682369741689975],[-4.6472769941474477,41.682406620366308],[-4.6452047379062629,41.683064610356844],[-4.6447040143922562,41.683553094972972],[-4.6438208137409429,41.684267174438681],[-4.6419180206702375,41.683947341894267],[-4.6388066394204861,41.685706625873287],[-4.6363630602617034,41.685905721901719],[-4.6362727110317508,41.684653271507123],[-4.6344405100502479,41.684425169089806],[-4.6341296194794976,41.685254335862268],[-4.6323151020675049,41.685127364817049],[-4.6308163061097778,41.687431305980894],[-4.6312757268089557,41.689223160785836],[-4.6319075037627728,41.690730114325461],[-4.6326614647807567,41.691921346156775]]]},"properties":{"OBJECTID":43,"JOIN_COUNT":1,"TARGET_FID":43,"CODIGO_BAR":"00","NOMBRE_BAR":"EXTRARRADIO","ORIG_FID":3,"SHAPE.AREA":24087436.3117816,"SHAPE.LEN":30396.814112528602}},{"type":"Feature","id":44,"geometry":{"type":"Polygon","coordinates":[[[-4.7037569670010475,41.692839138375597],[-4.7037728254533189,41.692866372697345],[-4.7043600421492089,41.692551991695488],[-4.7044773439881054,41.692489279895433],[-4.704535993632569,41.692457878936075],[-4.7045325460373002,41.692454599411683],[-4.7046154057272487,41.692409026582858],[-4.7046241849628991,41.692416672701491],[-4.7048255170696125,41.692299916608938],[-4.7048586304927067,41.692280712968461],[-4.7050011338086231,41.692198004713291],[-4.7050056157014186,41.692195403721563],[-4.7050326907617128,41.692178700728874],[-4.7050599073284927,41.69216280623148],[-4.7052449308907871,41.692054889209551],[-4.7052487721869491,41.69205264807605],[-4.7052932555819016,41.692026362926242],[-4.705296924561412,41.692024194600883],[-4.7054086123645531,41.691958232703435],[-4.7054620865379331,41.691926546925131],[-4.7056953297043176,41.69178609999188],[-4.7057383809188469,41.691760152967156],[-4.7057602270421626,41.69174698600019],[-4.7059207439783783,41.691844962480594],[-4.7060396111550542,41.69191564187237],[-4.7062428330210011,41.692002225284483],[-4.7063677299156321,41.692060422489689],[-4.7064338199255138,41.692102836027452],[-4.7064438409535008,41.692109267475487],[-4.7064629591807536,41.692097503602696],[-4.7065538454871083,41.69215379645388],[-4.7068458204520116,41.692334806029336],[-4.7069687055381335,41.692410987284326],[-4.7070793866847582,41.692366114365605],[-4.7071211670137973,41.692358546733658],[-4.7071649394596902,41.692450834508797],[-4.7073008591055627,41.692480985814733],[-4.7078543969599114,41.692223136952698],[-4.7083811684670023,41.691975216101092],[-4.7084186179873777,41.692015147894196],[-4.708422614089117,41.692018941533007],[-4.7089919123293047,41.692559454715727],[-4.7090286678610429,41.692595204916152],[-4.7091030164505234,41.692667425965872],[-4.7091050120588145,41.692669365140766],[-4.7091440399795257,41.692704115083025],[-4.7095196258922902,41.692551971449689],[-4.709667383719454,41.692476852937787],[-4.7098981690144885,41.692583513489794],[-4.7101881542394821,41.692749590327701],[-4.7102189420459446,41.692719129889532],[-4.7103925772804454,41.692552834299242],[-4.7103946503783636,41.692550848987501],[-4.710420971501498,41.692525649142873],[-4.7105193287981013,41.692431442149541],[-4.7105343267426312,41.692417078370418],[-4.7108975056355131,41.69259161436964],[-4.7111459651192602,41.692339611745446],[-4.7112642115162418,41.692203651044672],[-4.7113243852348825,41.692211876746775],[-4.7114097789998226,41.692223550087796],[-4.711495372220714,41.692234587224313],[-4.7115819650521447,41.692245753512452],[-4.7116662474430111,41.692256567769157],[-4.7117504097199721,41.692267382852734],[-4.7118339659042068,41.692278133950751],[-4.7119213769412145,41.6922893823618],[-4.7120072313589869,41.692300429634734],[-4.7120906707039101,41.692311166975188],[-4.7121744814180895,41.692321950959368],[-4.7122611758500188,41.692333088200016],[-4.7123114566398963,41.6923395441964],[-4.7123301640550963,41.692297294255845],[-4.7123509766120382,41.692234747905047],[-4.712391446416917,41.692155794723369],[-4.7124003350551948,41.692138452278826],[-4.7124261376707421,41.69209175084918],[-4.7124377158248842,41.692070795365346],[-4.7124784493652117,41.691984624769766],[-4.7125081611729751,41.69192176921441],[-4.7125383016688405,41.691858089454506],[-4.7125680424677423,41.691795153291238],[-4.7125973656535711,41.691733100595563],[-4.7126274112175901,41.691669517696916],[-4.7126572030093978,41.691606471768402],[-4.7126881507570948,41.691540982200138],[-4.7127099743078036,41.691496407052298],[-4.7127318136897713,41.691451795637349],[-4.7127338996071408,41.691447535004514],[-4.7130015958602183,41.691432552357881],[-4.7130356250739833,41.691430261672977],[-4.7132626415727215,41.69142098632031],[-4.7133553364225058,41.691416390458969],[-4.7133402996972853,41.691274300114756],[-4.7133252068619482,41.691131677406268],[-4.7133214170744226,41.691095872014238],[-4.7132875029862058,41.690775401198835],[-4.7132795224137585,41.690699996467735],[-4.7132769577431475,41.690675758999603],[-4.7132534700273112,41.690453832412288],[-4.7132044646394844,41.689990789203591],[-4.711072015176291,41.69043849984012],[-4.7110140722987106,41.690448368528536],[-4.7109553799215345,41.690458249249673],[-4.7108959368193455,41.690468141119993],[-4.710836253882384,41.690469029846398],[-4.7107763154932538,41.690474425687732],[-4.7107162577703274,41.690475319031719],[-4.7106560807739006,41.690471711678555],[-4.7105962785356903,41.69046809871427],[-4.7105368522567952,41.690464480121548],[-4.7104776826311756,41.690456353434151],[-4.7104191444713486,41.69044371487395],[-4.710361730590626,41.690431059547336],[-4.710305068638422,41.690418392998765],[-4.7102490393245118,41.690401212761955],[-4.7101943922122045,41.690379509481858],[-4.7101409886502505,41.690362291008427],[-4.7100892251710649,41.690336041414],[-4.7100387064169542,41.690314275711842],[-4.7099899446332616,41.690287981396111],[-4.709942941005627,41.690257157550619],[-4.7098983087745472,41.690230801736263],[-4.7098528066387475,41.690199955507524],[-4.7098069297715304,41.690169113936328],[-4.7097607962508174,41.690142780409204],[-4.7097141687893309,41.690111950870701],[-4.7096669086931175,41.69008563406959],[-4.7096196498362746,41.6900593172303],[-4.7095929583754641,41.690042696261308],[-4.709170643380741,41.690399774493926],[-4.7091703072475184,41.690400058701471],[-4.7091690261453003,41.690401140548083],[-4.7091335752347385,41.690425782410344],[-4.7088489043199893,41.690661028311062],[-4.7083753990013619,41.690562237735051],[-4.7083249641626717,41.690581540516902],[-4.7078371438867226,41.690464340135051],[-4.707776328675803,41.69044972918411],[-4.7077612838248726,41.690448609911179],[-4.7077465221346655,41.690451062982547],[-4.7077335187386478,41.690456844908176],[-4.7077235669005635,41.690465378051812],[-4.7077210796579427,41.690468742090587],[-4.7077146580523044,41.690476636426851],[-4.7077047264091281,41.690482117803441],[-4.7076927628295335,41.690484373463164],[-4.7076818150395834,41.690483375219557],[-4.7076528068574257,41.690476870317404],[-4.707565052796463,41.690475382483285],[-4.7074088887009093,41.690431407126397],[-4.7073527679507308,41.690412876729773],[-4.7072779067935286,41.690380934617465],[-4.7072397935285872,41.690361866380165],[-4.7072113369214508,41.690344455079234],[-4.7071803745539444,41.690323119862711],[-4.7071731307430573,41.690317283082848],[-4.7071682786056384,41.690315553841486],[-4.7071646490267973,41.690314617036307],[-4.7071352881406421,41.690322077607696],[-4.7071317061811992,41.690322941431269],[-4.7071275022282926,41.690323003894626],[-4.7071232756669659,41.690322166025112],[-4.7071202347482872,41.690320770137753],[-4.7071172925141544,41.690318562182242],[-4.7070748312155253,41.690289561071019],[-4.7069358044241119,41.69023020010966],[-4.7068000056709343,41.690179348278136],[-4.7063006694628209,41.689994020103022],[-4.7058681918449992,41.68976960060472],[-4.7058335174758925,41.68975545703281],[-4.7056981345185811,41.689940459458946],[-4.7055757358549286,41.6900728662647],[-4.705133572500082,41.690520765002994],[-4.7048020246406823,41.690871700298302],[-4.7045904352953443,41.691094077743138],[-4.7044292187000796,41.69100877405802],[-4.7042932006924945,41.690914517491507],[-4.7040851026377348,41.690739353688478],[-4.7039058174039177,41.690584430750839],[-4.7038810242085445,41.69061459526192],[-4.703640620172659,41.690907083936402],[-4.7033605115777464,41.691247804323353],[-4.7033478759078333,41.691242497573157],[-4.7033407662682425,41.691250889128348],[-4.7033530772576864,41.691257461629078],[-4.703350981710865,41.691260014568876],[-4.70331186079971,41.691307517584967],[-4.7029938314064053,41.691673558624231],[-4.70268014258947,41.692034596984243],[-4.7025479268755044,41.691919110897345],[-4.7022659004446146,41.692109528212569],[-4.7022351371909847,41.692130298578597],[-4.7022058806125084,41.692104357751489],[-4.7018761802056384,41.69181196992993],[-4.7016045965136577,41.691592178076746],[-4.7011385608187233,41.691799556380289],[-4.701508171254253,41.692109764966084],[-4.7018921585505034,41.692435758850657],[-4.7019597535722708,41.692493146108731],[-4.7022018750028236,41.692698698978411],[-4.7022441663644639,41.692734627840231],[-4.7024056850852514,41.692608949373415],[-4.7025708270722255,41.692481393133441],[-4.7026915435240744,41.692387262263154],[-4.7029369331082007,41.692198345253829],[-4.7030803592699773,41.692091366184783],[-4.703101946691894,41.692110587097176],[-4.703117079935744,41.692122695627468],[-4.7034501796518677,41.692446768103288],[-4.703730986262693,41.692774406210077],[-4.7037316579282038,41.692786195007407],[-4.7037569670010475,41.692839138375597]]]},"properties":{"OBJECTID":44,"JOIN_COUNT":1,"TARGET_FID":44,"CODIGO_BAR":"01","NOMBRE_BAR":"LA OVERUELA","ORIG_FID":6,"SHAPE.AREA":183775.58036187501,"SHAPE.LEN":2892.3357467717901}},{"type":"Feature","id":45,"geometry":{"type":"Polygon","coordinates":[[[-4.6957808495036826,41.715614828092399],[-4.6960913502092207,41.715660502453332],[-4.699455326219268,41.713885396396044],[-4.7019619454953823,41.712543322791973],[-4.7036985619939333,41.71171095257575],[-4.7062133219209494,41.711151706268389],[-4.7070979713640702,41.709273467534786],[-4.7086097466131545,41.70606020690925],[-4.7103630629864846,41.702864856554712],[-4.710855969228529,41.701840756653702],[-4.7118631281815793,41.700078102039228],[-4.713639212422347,41.697299729884982],[-4.7138313911005962,41.697372867923377],[-4.7155039650762962,41.698009374785464],[-4.7161571436069059,41.697490026061935],[-4.7168652335856827,41.696577518830928],[-4.7175041956058381,41.695890668817398],[-4.7202649890053756,41.69329003564215],[-4.7209008803760257,41.692747409491517],[-4.7225832561672441,41.692091105676042],[-4.7243071185027521,41.692854869307688],[-4.7288617590469029,41.694464113392208],[-4.7365096395486788,41.696216156512925],[-4.7380044616259704,41.696389632859884],[-4.7384548191590836,41.696463520675628],[-4.7406416526675388,41.695046993220693],[-4.7406371175739253,41.694914483872182],[-4.7456918388368168,41.692125892634834],[-4.7476983512227342,41.691361528537094],[-4.7505897384444671,41.6910020115008],[-4.7522206763081574,41.69038910747016],[-4.7547602080521543,41.690584257480225],[-4.7582680329899212,41.690183519211999],[-4.7652642633350899,41.69110751661367],[-4.7695097398035697,41.691395729050676],[-4.7725942795882652,41.693126192980785],[-4.774917658156089,41.693762135005123],[-4.7758059124330074,41.69394439543786],[-4.7768164599244765,41.693810696100165],[-4.7797532501539939,41.693116857266368],[-4.7824455984076417,41.693077465913611],[-4.7863921934098794,41.692601692708841],[-4.7909368773038743,41.694243023658849],[-4.7928740581354834,41.695339544893301],[-4.7928741849840737,41.695339525801181],[-4.794694261707531,41.695070202738776],[-4.7941925448053251,41.69394148857112],[-4.7946530297173888,41.693522061906243],[-4.7940671459475297,41.693234352788934],[-4.795740910235299,41.692718335708726],[-4.8046345582299956,41.690722996099076],[-4.8072457201478374,41.689753461741873],[-4.8086271923924739,41.68888194614123],[-4.8099174135192913,41.687971232486397],[-4.8112854683182391,41.687532127307115],[-4.8098123082164532,41.686013130320795],[-4.8094330385470094,41.686949941519245],[-4.8084134064946777,41.687173506256904],[-4.8075671972486562,41.686969310582512],[-4.8067379559442314,41.687620473934047],[-4.804760148117583,41.6886085131542],[-4.8043349864077456,41.688443704671421],[-4.8035458583260739,41.688846530809215],[-4.8016686829067172,41.689000001791321],[-4.8007517425470114,41.687263392343191],[-4.7987522645923768,41.686933001575127],[-4.7979885208299429,41.685921888246391],[-4.7962426336125139,41.686438525949107],[-4.7951677610890018,41.687161626478407],[-4.7940807103160967,41.687006037211489],[-4.7932362472872656,41.687581323430024],[-4.7939148009153527,41.684913405897468],[-4.7922583047249026,41.684282759960595],[-4.7907649838296118,41.684804020744117],[-4.7895763355900209,41.684401295773682],[-4.7875155808916317,41.68399609717823],[-4.7876153889268673,41.6820151488295],[-4.7886922810557637,41.679451573425794],[-4.7927639025143982,41.680010394149157],[-4.7927152753284918,41.679509390416236],[-4.7921267152237457,41.678245387812709],[-4.7930533976882588,41.677679994556406],[-4.7942676998385254,41.675900053716845],[-4.7943207842081614,41.675025758057238],[-4.7936589731373225,41.67294455735945],[-4.7937730670934089,41.67146793232353],[-4.7915269517883097,41.670004170227259],[-4.7890715311749004,41.668582528739726],[-4.788861090513036,41.667875627322736],[-4.7861764982819315,41.666631862469956],[-4.7852521493994065,41.666882560448698],[-4.7845594151616959,41.665907718109558],[-4.7826754940079983,41.665998834306365],[-4.7816039296780497,41.665602225133391],[-4.7818633681829104,41.665157414324284],[-4.7818118411974275,41.66511822370925],[-4.7817760059032128,41.665116797936221],[-4.7811766949572005,41.664635313004176],[-4.7807822089237941,41.66466466381528],[-4.7801495311898359,41.664654741858769],[-4.7788753690066947,41.664794802381365],[-4.7785035277928705,41.664865857802923],[-4.7779792484271866,41.664814254545938],[-4.7777916377099316,41.664875700871839],[-4.7772359459512064,41.664922214482139],[-4.7770467696999379,41.664983593741788],[-4.7748207858635805,41.664716269931894],[-4.7741770631259106,41.664807180411017],[-4.7727842525231221,41.664939997758061],[-4.7717796021303105,41.665145623859011],[-4.7712733391581166,41.664861520672716],[-4.7692878330820525,41.664905166839873],[-4.7689219579594821,41.66486981958608],[-4.7675560980680478,41.664899392332238],[-4.7675342730426271,41.665050049704192],[-4.7666632188017788,41.665072811694564],[-4.7664621243278198,41.665045640008238],[-4.7663220825293946,41.665015278697958],[-4.7661650232897745,41.664929246345309],[-4.765130796919907,41.664144980591843],[-4.7643649293583321,41.663492857132489],[-4.7633996364811866,41.662992758939893],[-4.760405922016365,41.663458191686686],[-4.7604169493881168,41.663069202792137],[-4.7604515628448034,41.662659864853531],[-4.7604568334195374,41.662597539724722],[-4.7604984482593284,41.662327925246707],[-4.7602268358718893,41.662361704915625],[-4.7594073404281048,41.662463618477197],[-4.7584444923225728,41.662552827507241],[-4.7574038504783056,41.66255683326478],[-4.7568714552957694,41.662553059739473],[-4.756282094859678,41.662499514287958],[-4.7553690883439463,41.662376442208597],[-4.7547746869345877,41.663404860647397],[-4.7546117689794283,41.663490754175811],[-4.7543964645117827,41.66363702394618],[-4.7542196663278586,41.663797002686778],[-4.7540336613891787,41.663969037559163],[-4.7539191656345938,41.664082787190956],[-4.7535295798033124,41.664622531393412],[-4.7535117540312219,41.664647227789878],[-4.7538276506028794,41.66477783397233],[-4.7563579474121926,41.66590370037845],[-4.7577594496763655,41.666482304045438],[-4.7578457920114197,41.666519731762044],[-4.7577980849146222,41.66658088749822],[-4.7577876403435724,41.666594597848295],[-4.7568915144274984,41.667672445749695],[-4.7557925911722485,41.667182497985813],[-4.7555970977526147,41.667095337099717],[-4.7555659841612314,41.667081464816853],[-4.755351684640666,41.666986608207665],[-4.7553228455868402,41.666973068583602],[-4.7553152863738459,41.666982120503036],[-4.7551134521380494,41.66681272456529],[-4.7550057145273472,41.666724573441272],[-4.7549721666792841,41.666710044660256],[-4.7547481020269275,41.666593406558938],[-4.7547542177097029,41.666585424199653],[-4.7546403471445187,41.666538685496135],[-4.7546192814642492,41.666530996625681],[-4.7544734713147836,41.666786794876259],[-4.7545125726207083,41.666785112519356],[-4.7544544710715844,41.666869892535608],[-4.7543645081859385,41.66690874659821],[-4.754280835643967,41.667048984772528],[-4.7538560527517388,41.667295317607291],[-4.7533556893691227,41.667585132774832],[-4.7532502933901917,41.667490279324596],[-4.7532442512647837,41.667484517167566],[-4.7532384859249408,41.667480101790979],[-4.7532311474914595,41.667475260082249],[-4.7532229539267279,41.667469891019273],[-4.7532142971960809,41.667465159491371],[-4.7532035761290974,41.667459648858276],[-4.7531922779161215,41.667454957632735],[-4.7531802812886781,41.667451087664865],[-4.7531697694500563,41.667448816245923],[-4.7531562192772192,41.667445240180044],[-4.7531413459203664,41.667441594234255],[-4.7531301198084135,41.667439603910573],[-4.7531169664887836,41.667437372789131],[-4.75309566324038,41.667435806413074],[-4.7530754125257699,41.667433233238263],[-4.7530515389775845,41.66742990382965],[-4.7530264965404285,41.667427764020189],[-4.7529894660646539,41.667422114354096],[-4.7529557018450097,41.667417315515543],[-4.7529257541175056,41.667411467707488],[-4.7528907696907865,41.66740596692938],[-4.7528626229852371,41.667400091629489],[-4.7528338637338949,41.6673937753323],[-4.7528181536186356,41.667390322243008],[-4.7527846604513986,41.667382186742415],[-4.7527234703702916,41.667367088233313],[-4.7526440328850326,41.667347943911309],[-4.7525588924893256,41.667326725811925],[-4.7524819985162363,41.667308354085471],[-4.7524705164163406,41.667305737132743],[-4.752445236750777,41.667299277601082],[-4.7524066581331734,41.667289688412382],[-4.7523657738286138,41.667279233704846],[-4.7523302127670819,41.667270138871729],[-4.7522936826510822,41.667260788604985],[-4.7522536107500102,41.667249240664674],[-4.7522093845408824,41.667235143219209],[-4.7521697575528714,41.667222327527533],[-4.7521316633526558,41.66720840764561],[-4.7521140953338454,41.667198407903179],[-4.7520784037417165,41.667184541433869],[-4.7520527912447292,41.667174664346426],[-4.7520395647644387,41.667169732208222],[-4.7520214684814315,41.667162442514872],[-4.7520036945394546,41.667153706832543],[-4.7519821277211252,41.667142417037766],[-4.7519638466655474,41.667132698344929],[-4.7519439571564419,41.667121292901477],[-4.7519252841730166,41.667110409307888],[-4.7519088041388375,41.667100663146051],[-4.7518967568197414,41.667090489129706],[-4.7518784957380298,41.667077076472928],[-4.7518571634587303,41.667061189663983],[-4.7518343427626322,41.667043524204679],[-4.7518120023461972,41.66702585141838],[-4.7517265671756563,41.666958252711815],[-4.7517131181700201,41.666949541116018],[-4.7516980394981143,41.666942745768864],[-4.7516855090806187,41.666936902308393],[-4.7516633013438723,41.666928594432996],[-4.7516448115399061,41.666924463022013],[-4.7516268386196678,41.666921674732784],[-4.7516080349985215,41.66691925937193],[-4.7515811486405211,41.66692002949766],[-4.7515767383689083,41.666916854317293],[-4.751547362468485,41.666905502446056],[-4.7515101176131491,41.666891929676567],[-4.7514728739738228,41.666878356876367],[-4.7514358126746492,41.666867123025519],[-4.7513985185770462,41.666856162911841],[-4.751369622549376,41.666849217861895],[-4.7513488271160966,41.666844220876122],[-4.751326601890379,41.666839696013909],[-4.7513044095953774,41.666836341515896],[-4.7512880439466922,41.66683523994827],[-4.7512656615716509,41.666833779745936],[-4.7512430573484039,41.666832953389097],[-4.7512195060356834,41.666832681863973],[-4.7511958773438598,41.666833942651614],[-4.7511703495504385,41.666836042980044],[-4.7511473565927238,41.66683864507322],[-4.7511369376514256,41.666839794595852],[-4.7511141281801823,41.666844734726254],[-4.7508883293015076,41.666894380005388],[-4.7508678132803253,41.666899736374965],[-4.7508418485883359,41.666907877774037],[-4.7508224229181408,41.666913577789074],[-4.7508062646435363,41.666920128684453],[-4.7507867859757686,41.666928261308918],[-4.7507718295998318,41.666934883952997],[-4.7507565508181839,41.666942862511981],[-4.7507394046400044,41.666952850994861],[-4.7507244428547484,41.666963706862255],[-4.7507159761494071,41.666970410752917],[-4.7507009150077515,41.666981988666727],[-4.750679841478445,41.666997801264259],[-4.7506562709315947,41.667014552571899],[-4.7506267787364376,41.667034366304705],[-4.7505961334447182,41.667055998936974],[-4.75057193080597,41.667071588987021],[-4.7505396782566018,41.667091534818937],[-4.7505138915254177,41.667106248320707],[-4.7504782721838934,41.667126065293445],[-4.7504367592362993,41.667150025051676],[-4.7503910756179293,41.667175219199848],[-4.7503390723074119,41.66720213080422],[-4.7502808510850292,41.667230127837136],[-4.7502247263447259,41.667255660198158],[-4.7501748017411938,41.667275064507656],[-4.7501236691162552,41.667294216994421],[-4.750044867402953,41.667320726034632],[-4.7499998050589527,41.667333391258197],[-4.7499542575493052,41.667345883719172],[-4.7499084333067758,41.667357029372276],[-4.7498554543434324,41.667365672024609],[-4.7497992682609853,41.667371211148648],[-4.7497584757867202,41.667373003219133],[-4.7496942628166501,41.667374881713755],[-4.7496431347459582,41.667376469960274],[-4.7495703939324869,41.667382801453812],[-4.7494671839832812,41.667390677619352],[-4.7494166928230053,41.667393607972812],[-4.7493654203042714,41.667394298526077],[-4.7493111613342132,41.667391161643614],[-4.7492574758915662,41.667387025267743],[-4.7491929721802926,41.66738260322105],[-4.7491395244237538,41.667378372203942],[-4.7490924695315782,41.66737512555207],[-4.7490402431869105,41.667371597332313],[-4.7488194782008897,41.667341092397514],[-4.7487381267591484,41.667331072162582],[-4.7487254929144225,41.667319492687135],[-4.7485102163759079,41.667219620513528],[-4.74817446762939,41.667026461169407],[-4.7475875482275978,41.666758958379603],[-4.7473282195894546,41.666617840383296],[-4.7471674582883994,41.666562912285649],[-4.7470038103719752,41.666503434433437],[-4.7467179398054951,41.666401590597836],[-4.7466852501756485,41.666387586742189],[-4.7466426806773265,41.666368058840455],[-4.7465938065001261,41.666341871732946],[-4.7465481826496783,41.666315994566411],[-4.74652153127,41.666298746536796],[-4.7464706367796934,41.666260070772758],[-4.7461832109671178,41.666047196627133],[-4.7460901182365136,41.666038253606395],[-4.7460681336691044,41.666047053981657],[-4.746031231309698,41.666063826800013],[-4.7459871075172542,41.666088995501639],[-4.7459482860353797,41.666114804154567],[-4.7459119363891737,41.666143187178882],[-4.7458782573491467,41.66617261041781],[-4.7458483295082941,41.666203057455121],[-4.7458213911178735,41.666233008728653],[-4.7457843743348338,41.666276713238119],[-4.7457543416453536,41.666316618878326],[-4.7457482019682864,41.666324998322992],[-4.745707485851451,41.666396319512224],[-4.7456846212393087,41.666443681858006],[-4.7454057994931027,41.666663037154485],[-4.7451547451443679,41.666860544910229],[-4.7451154644865765,41.66688717085853],[-4.744766534609858,41.667123580754762],[-4.7445117484417549,41.667308956807503],[-4.7441551209729633,41.667568427181486],[-4.7442862722737891,41.667683109088713],[-4.7453332077325063,41.668598561455781],[-4.7455239940457803,41.668826595910168],[-4.7455483876434164,41.668847432502737],[-4.745553485483093,41.668851787253679],[-4.7441758163296992,41.669212824257144],[-4.7437749816772525,41.669348608105068],[-4.7439897616099671,41.669676136396554],[-4.7442467837577444,41.66989623964146],[-4.7445986664748441,41.670098220734474],[-4.7448154779836722,41.670241484637202],[-4.7449570667792349,41.670576923397967],[-4.7440755116098403,41.670876898961289],[-4.7432815917916544,41.671117175732846],[-4.743078853903179,41.671167536626065],[-4.7429095892130482,41.671167311301573],[-4.7427259484807358,41.671172978889537],[-4.7423906689109439,41.671190582026505],[-4.7422431854817155,41.671205157570071],[-4.7421703888655395,41.67122301380715],[-4.7420350931668338,41.671270819126313],[-4.7415165120410556,41.67155635570947],[-4.7414366733067776,41.671607102584815],[-4.7413992229648869,41.671608210574277],[-4.7413966021808838,41.671607554976951],[-4.7413916883978349,41.671623972094963],[-4.7413546183476614,41.671711595314385],[-4.7413319497717517,41.671723725019099],[-4.7412843318656197,41.671750140055508],[-4.7412403465691444,41.671763411494858],[-4.7411971569996174,41.671777949809652],[-4.7411587853747292,41.671799073748744],[-4.7411295090964609,41.671826372643388],[-4.7410953698088392,41.671853972188252],[-4.7410236629950058,41.671902717658206],[-4.7409955035745641,41.671922788836262],[-4.7409652352864544,41.671944128579739],[-4.7409359121021089,41.671956544573582],[-4.7409088790761285,41.67197410741219],[-4.7408853914430074,41.671980679699061],[-4.7408687966747207,41.671992914533938],[-4.7408653171180068,41.671989589742275],[-4.7408035769190864,41.672045113821298],[-4.7405242009047504,41.672298219116833],[-4.7405277052751966,41.672300503269653],[-4.7405065622106912,41.672455031651722],[-4.7404634213224748,41.672496320635673],[-4.7402875354863125,41.672577469058034],[-4.7401699979257099,41.672600096110124],[-4.7400369091043562,41.672618503837313],[-4.7397983929274705,41.67263859697475],[-4.7397507765357698,41.672641389497691],[-4.7396982454859442,41.672635609086171],[-4.7396550417166896,41.672632750608358],[-4.739627171498273,41.672632722238021],[-4.739608270716551,41.672635710406475],[-4.7395854909996933,41.672641819574302],[-4.7395661328794976,41.672650128609305],[-4.7395544827720499,41.672659131547711],[-4.739544339063877,41.672670543486184],[-4.7395382185454213,41.672684146188438],[-4.7395345578480912,41.67269545997668],[-4.7395319377180209,41.672714143500244],[-4.7395390323278495,41.672785819441785],[-4.7395728550677081,41.672926622402557],[-4.7395814853299703,41.672997285253786],[-4.7395993774300713,41.673068437447554],[-4.7396047344863845,41.673102311575406],[-4.7395646715248096,41.673126875927558],[-4.7395260119554505,41.67314556466868],[-4.739501234234341,41.673162241899682],[-4.73948325968958,41.673170992017916],[-4.7393127461121543,41.673061550743711],[-4.7391364612278162,41.67293601243842],[-4.7389215503939033,41.67279892821616],[-4.7383035401903655,41.672362479699487],[-4.7379955798070856,41.672197943041127],[-4.7376402128995272,41.67204897452028],[-4.7374193873102621,41.671975756007903],[-4.7373307476390556,41.67194636544189],[-4.7373471561857317,41.671928030993989],[-4.7371654564229324,41.671796128095977],[-4.7368158597230714,41.671415205852654],[-4.7368126466955953,41.671411821967318],[-4.7367981837645594,41.67139659049414],[-4.7367006520466823,41.671311116738643],[-4.7366023828314265,41.670853259509627],[-4.7351059366987283,41.670908375471321],[-4.7344369737081307,41.671092573049286],[-4.7347668945141628,41.671627970038678],[-4.7346688076388856,41.671668276068893],[-4.7346655343225796,41.671669621549889],[-4.7346727145219747,41.671676342929736],[-4.7346123555484159,41.671710128601838],[-4.7346017223418357,41.671699492796378],[-4.7345988883738963,41.671700916305852],[-4.7345832487545536,41.671708770271451],[-4.7344763889574217,41.671765183755866],[-4.7341386221347648,41.671466891313798],[-4.7338410615279898,41.671723568477397],[-4.7336124175332728,41.671582360945926],[-4.7336283161042791,41.671568352530393],[-4.7336064216837324,41.671556654422943],[-4.7339312319800833,41.671253409119601],[-4.7338998594635724,41.671109414186759],[-4.7337348094270562,41.671039303510277],[-4.7337286769220448,41.671036701237789],[-4.7336145508684542,41.670988279300872],[-4.7336040028144026,41.670983804499826],[-4.7335884802130668,41.670977217924815],[-4.733572267468789,41.670970339135039],[-4.7335204052194255,41.670948318426468],[-4.7334454892121016,41.670916508451228],[-4.7333435838959277,41.67087323924676],[-4.7329711612139169,41.671353472936666],[-4.7326940647597153,41.671639802890716],[-4.7305728967632774,41.673520129322696],[-4.7265671683711021,41.677089846530592],[-4.7245362019903494,41.678855769028424],[-4.724070326285454,41.679217354008827],[-4.723282705274646,41.679661895340047],[-4.7228493519380121,41.67916986548537],[-4.7223848394525758,41.67863285233976],[-4.7223481077235734,41.678592872829981],[-4.7223111201914563,41.678557399589366],[-4.7222745086060813,41.678521921601877],[-4.722237518777777,41.678486449271894],[-4.7222004125442467,41.678446475326744],[-4.7221637998825745,41.678410997318984],[-4.7221268125572804,41.678375524014044],[-4.7220902011777026,41.678340045962877],[-4.7220530915182888,41.678300072019823],[-4.722016480222611,41.67826459394314],[-4.7219794930872467,41.678229121487085],[-4.7219427606420918,41.678189141853871],[-4.7219057735670438,41.678153668471744],[-4.7218691624364615,41.678118190344129],[-4.7218321754670169,41.678082717836659],[-4.7217954443987331,41.67804273813406],[-4.7217584563127195,41.678007265618803],[-4.7217349636514694,41.677985100911414],[-4.7217218441463418,41.677971787458269],[-4.7216847373080943,41.677931812449131],[-4.7216481264265031,41.677896334245069],[-4.7216115143845236,41.677860856046379],[-4.7215745277060153,41.677825383448926],[-4.7215377957453732,41.677785403674442],[-4.721500807926299,41.677749930168936],[-4.7214641972502998,41.677714451901281],[-4.7214274666230942,41.677674472070315],[-4.7213904801539206,41.677638999408565],[-4.7213538684014322,41.67760352112078],[-4.721316880812962,41.677568048451384],[-4.7212801491368506,41.677528067686694],[-4.7212435387096381,41.677492589342748],[-4.7212069283229345,41.677457110986175],[-4.7211698221284006,41.677417136695929],[-4.721133210624691,41.677381658331832],[-4.7210965991614904,41.67734617995508],[-4.7210599877147938,41.677310700665387],[-4.7210228816968298,41.6772707263234],[-4.7209858956842972,41.677235253520401],[-4.7209485350391347,41.677199786316329],[-4.7209111732104008,41.677164318216789],[-4.7208733168230461,41.677124355063462],[-4.7208352033562848,41.67708889909651],[-4.7207970923333544,41.677053443079934],[-4.720758980151639,41.677017987067686],[-4.7207204945165806,41.676982535734524],[-4.7206816318741431,41.676947090934661],[-4.7206427680737137,41.676911646138564],[-4.7206035320461854,41.676876206903003],[-4.7205639189886774,41.676840773299475],[-4.7205246818230426,41.676805333152565],[-4.7204846941815575,41.676769905130023],[-4.7204447065841384,41.676734477092509],[-4.7204047178299229,41.67669904905803],[-4.7203640996920537,41.676668133782272],[-4.7203237375539384,41.676632711309452],[-4.7202829971635376,41.676597293584557],[-4.7202418845737633,41.676561882317934],[-4.7202008919306255,41.676530972590072],[-4.7201594035578731,41.676495566919144],[-4.7201179140298963,41.676460161250141],[-4.7200761697466733,41.676429261828545],[-4.7200343056381326,41.676393861736152],[-4.7199921879938058,41.676362968773162],[-4.7199495722354365,41.676327579900928],[-4.7199070776046952,41.676296692549208],[-4.7198644643146164,41.676261302707019],[-4.7198215951000853,41.676230420929905],[-4.7197786048550814,41.676195037598013],[-4.7197353598569842,41.676164161412594],[-4.7196917402326051,41.676133290817539],[-4.719647999563974,41.676097917766462],[-4.7196043800260616,41.676067047136243],[-4.7195603858627448,41.676036182095665],[-4.7195160146728297,41.676005322680197],[-4.7194715248778607,41.675969961671996],[-4.719426779109317,41.67593910782692],[-4.7193816574922662,41.675908258687635],[-4.7193361624768881,41.675877416018395],[-4.7192902904371552,41.675846578972333],[-4.7192440449761319,41.675815747495065],[-4.7191975435209876,41.675789423179587],[-4.7191505451872917,41.675758602028246],[-4.7191035481231234,41.675727781738992],[-4.7190559203905762,41.675701474216282],[-4.7190081740826875,41.675670665096987],[-4.7189601705408748,41.675644362255746],[-4.7189116725893312,41.675613564340587],[-4.7188629198234953,41.675587273567189],[-4.7188137912317361,41.675560988394835],[-4.7187645428824982,41.675530201641912],[-4.7187150384846284,41.675503921147616],[-4.7186647848226917,41.675477652739772],[-4.718614905865107,41.675451378705041],[-4.7185642764194942,41.675425115873409],[-4.7185136470146753,41.675398853018564],[-4.7184622670990164,41.675372600465131],[-4.7184113816836906,41.675350844744493],[-4.7183596272077191,41.67532459864708],[-4.7183074957086948,41.675298358164305],[-4.718255486413848,41.675276619181162],[-4.7182029803082219,41.675250383351717],[-4.718150595222669,41.675228649940095],[-4.7180978331076133,41.675206922142046],[-4.7180445790212682,41.675180698324525],[-4.717991066430641,41.675158980797669],[-4.7179375551002023,41.675137264127514],[-4.7178836691431218,41.675115553033237],[-4.7178294061580717,41.675093847550229],[-4.7177751444097229,41.675072142022877],[-4.7177205080115936,41.675050441169823],[-4.7176662451342359,41.675028735607448],[-4.7176116088321214,41.675007035601368],[-4.7175570910759639,41.67498983714848],[-4.7175028282786231,41.674968130606381],[-4.7174481932816095,41.674946430502409],[-4.7173935547181847,41.674924730425523],[-4.7173389197933551,41.674903030268048],[-4.7172842813021179,41.674881330137659],[-4.7172297637112219,41.674864130625103],[-4.7171751288907826,41.6748424303875],[-4.7171204917047493,41.674820730159013],[-4.7170658545548187,41.674799029903788],[-4.7170112174409828,41.674777329621783],[-4.7169567012080362,41.674760129958365],[-4.7169020629616583,41.674738429640961],[-4.7168474283538648,41.674716729242938],[-4.7167784118364029,41.674690740352986],[-4.7134241459121249,41.673164622376412],[-4.7107744308919832,41.673303169300532],[-4.710607559367288,41.673310157082234],[-4.7105955500575254,41.673310335870639],[-4.7105835431492942,41.673310514622038],[-4.710571535040132,41.673310693390057],[-4.7105595269308642,41.673310872156826],[-4.7105475176206664,41.673311050940228],[-4.7105355083103717,41.673311229722358],[-4.710523500200777,41.673311408485375],[-4.7105114932918841,41.673311587229257],[-4.71049097294018,41.673316395161663],[-4.7104789636285362,41.673316573937925],[-4.7104669555175933,41.673316752695044],[-4.7104549474065429,41.673316931450913],[-4.7104429392953824,41.67331711020551],[-4.7104309311841135,41.673317288958877],[-4.710418923072738,41.67331746771098],[-4.710406913760445,41.673317646479695],[-4.7103920228254141,41.673322371496688],[-4.7103800147128494,41.673322550244755],[-4.7103680066001763,41.67332272899155],[-4.7103559972865847,41.673322907754986],[-4.7103439891736913,41.673323086499259],[-4.7103319810606923,41.67332326524231],[-4.7103199729475849,41.673323443984088],[-4.7103084586861845,41.673328118728307],[-4.7102964493712065,41.673328297485533],[-4.7102844412569409,41.673328476223631],[-4.7102724343433859,41.673328654942601],[-4.7102604262289036,41.673328833678177],[-4.710248415712682,41.673329012448256],[-4.7102365279924836,41.673333692744002],[-4.7102245186760303,41.673333871493718],[-4.7102125117372484,41.673334049306128],[-4.7102008782746063,41.673334222459147],[-4.710188870158639,41.673334401187283],[-4.710167973943566,41.673339215557036],[-4.7101559658264662,41.673339394281747],[-4.7101439577092545,41.673339573005208],[-4.7101319495919372,41.673339751727397],[-4.7101203149269679,41.673339924890158],[-4.7101084271950588,41.673344605172822],[-4.7100964178757732,41.673344783909201],[-4.7100844097571892,41.673344962626473],[-4.7100724016384961,41.673345141342452],[-4.7100603923188853,41.673345320075072],[-4.7100488792347832,41.673349994775826],[-4.7100368711149336,41.67335017348811],[-4.710024862994973,41.673350352199165],[-4.710012854874905,41.673350530908955],[-4.7099949606707421,41.673355300570257],[-4.7099833272029388,41.673355473701321],[-4.7099713202824791,41.673355652388928],[-4.7099593097594603,41.673355831128873],[-4.7099444199818326,41.673360556070712],[-4.7099327865127885,41.673360729196681],[-4.7099207783663797,41.673360906996571],[-4.7099087702436977,41.673361085695525],[-4.709896880090259,41.673365765992422],[-4.7098852478207975,41.673365939095703],[-4.7098732384961473,41.673366117808847],[-4.7098523434462454,41.673370932103936],[-4.7098407111755831,41.673371105202754],[-4.7098287018496929,41.673371283911237],[-4.7098078067945428,41.673376098198347],[-4.7097961745226788,41.673376271292653],[-4.7097841651955505,41.673376449996525],[-4.7097636447887234,41.673381258700665],[-4.7097516366612737,41.673381437383291],[-4.7097396285337156,41.673381616064653],[-4.709725112185982,41.673386335421476],[-4.7097131028565355,41.673386514117965],[-4.7096984685500205,41.673386731871865],[-4.7096367893144189,41.673396655428043],[-4.7095818634567639,41.673406479371131],[-4.709526443783183,41.673411807280281],[-4.7094720128896643,41.673426127161569],[-4.7094170869793981,41.673435951026768],[-4.7093629127612733,41.673445763683056],[-4.7093088576554525,41.673460077896699],[-4.7092550568524274,41.673469884947174],[-4.709201376331456,41.67348419263741],[-4.7091484475201666,41.673498490021743],[-4.7090955162831021,41.673512787417827],[-4.7090430811894342,41.673531580764795],[-4.7089912750653982,41.673545861378074],[-4.7089395903998739,41.673564642615759],[-4.7088881612816298,41.673578917575441],[-4.7088372270930856,41.673597688506305],[-4.7087866675294787,41.673616453843337],[-4.7087369763369242,41.673639709599236],[-4.7086875430780397,41.673658458143159],[-4.7086384844454363,41.673677201095011],[-4.7085899194961467,41.673700439139068],[-4.7085417315927494,41.673723672456774],[-4.7084942929661588,41.67374689461321],[-4.7084472289611705,41.673770111179941],[-4.7084009154352611,41.673793316569039],[-4.7083549789337322,41.673816516333936],[-4.7083099095726579,41.673844206543066],[-4.7082650969478799,41.673867388662075],[-4.7082211538845327,41.673895062091546],[-4.7081775866412041,41.673922729917145],[-4.7081347710764208,41.673950386551766],[-4.7080927035887186,41.67397803204976],[-4.7059862822506418,41.675400857349231],[-4.7056985591853939,41.675594268914715],[-4.7054114479965667,41.675796677386707],[-4.705129330563909,41.676003514388334],[-4.704851715780225,41.676210283888743],[-4.7045794706466237,41.676421476412294],[-4.7043118470401719,41.676637103994231],[-4.7042660050931815,41.676678313238931],[-4.7042212895354973,41.676719506659204],[-4.7041772056846662,41.676756187338853],[-4.7041343657911048,41.676797352905822],[-4.7040922763936051,41.67683850732616],[-4.7040514321470592,41.676884146618399],[-4.7040112196198454,41.676925273173616],[-4.7039721322691985,41.676966383028393],[-4.7039342888672389,41.677011977776203],[-4.7038971983434692,41.677057560446102],[-4.7038611130554795,41.677098625744208],[-4.7038262729163991,41.677144175920624],[-4.7037925579602531,41.677189709401652],[-4.7037595935123795,41.677235231744],[-4.7037277554526513,41.677280737374829],[-4.703697162538246,41.67733072788775],[-4.7036675748584926,41.677376200133793],[-4.7036391147751599,41.67742165565307],[-4.7036118986382638,41.677471596074838],[-4.7035854330188176,41.677521525362266],[-4.7035603497314513,41.677566930794903],[-4.7035365103932989,41.677616821132204],[-4.7035134227805173,41.67766670031925],[-4.7034967339531253,41.67770297457389],[-4.7034805385290035,41.677743744864266],[-4.7034654683271242,41.677784498470061],[-4.7034514070117925,41.677820733763184],[-4.7034382137817223,41.677861459538022],[-4.7034257710987788,41.677902174184091],[-4.7034144536456655,41.6779428721469],[-4.7034042650272312,41.677983553373309],[-4.7033944486767245,41.678024229079725],[-4.7033861334444031,41.678064882531118],[-4.7033785711696181,41.678105524819237],[-4.703371758251043,41.678146155997553],[-4.7033660693728256,41.678186770511594],[-4.7033611346577766,41.678227373844884],[-4.7033573227859593,41.678267960531912],[-4.7033542638797234,41.6783085360561],[-4.7033523278205012,41.678349094934184],[-4.7033515194140376,41.678389637094888],[-4.7033514627774462,41.678430168110651],[-4.7033525301946604,41.678470682462411],[-4.7033543493850427,41.67851118566913],[-4.7033569179481676,41.678551677766315],[-4.7033609888582903,41.678592147591246],[-4.7033654332587282,41.678632611878854],[-4.7033714999489247,41.678677555468553],[-4.703377821395212,41.678717991928181],[-4.7033856451970166,41.678758406114795],[-4.7033938436956833,41.678798814745662],[-4.7034035433531542,41.67883920112083],[-4.7034139935978994,41.67887957636723],[-4.7034250769135886,41.678915439775032],[-4.703437401822276,41.678955787226208],[-4.7034504809256106,41.678996123494393],[-4.7034646841088765,41.679036443095519],[-4.703479636686323,41.679076751584219],[-4.7034957169501839,41.679117043351596],[-4.7035124302638449,41.67915282237842],[-4.7035300105234663,41.679193091901283],[-4.7035487172738017,41.679233344719286],[-4.7035684317630713,41.679269079240342],[-4.703588639719249,41.679309309793418],[-4.7036102313283372,41.679345017375724],[-4.7036321976276474,41.679380718497427],[-4.7036554079825263,41.679420904520654],[-4.7036792501855977,41.679456577818002],[-4.7037038453986959,41.679492239944643],[-4.7037295635097243,41.679527885415368],[-4.7037560334326827,41.679563519731978],[-4.7037832527669226,41.679599142929533],[-4.7038112239392698,41.6796347558722],[-4.7038403215946314,41.679670351202468],[-4.7038701698662342,41.679705935393955],[-4.7039002740838161,41.67973701243001],[-4.7039316235889839,41.679772574342344],[-4.7039636049303324,41.679803623523881],[-4.7039968291650913,41.679839157615397],[-4.7040303117661901,41.679870185414217],[-4.7040645437608894,41.679901201188109],[-4.7040995275758606,41.67993220580108],[-4.7041352608102702,41.679963199288046],[-4.7041717470679654,41.679994181594857],[-4.7042089815462393,41.680025152792034],[-4.704246967872697,41.680056113725648],[-4.7042855847917568,41.680082561040813],[-4.7072031655897071,41.680962444582143],[-4.710477336524078,41.68148118284131],[-4.7116755945976294,41.681927187636319],[-4.7166624666156762,41.685446478624513],[-4.7175960420183047,41.686157568235288],[-4.7179320527366153,41.686706457676557],[-4.7179226052054899,41.687283027708638],[-4.7177890700326133,41.687838935369449],[-4.7175073902766851,41.688401559912776],[-4.7167073298409168,41.688985439454115],[-4.7153624088106527,41.689541419995891],[-4.713334621810934,41.689963461199554],[-4.7132044646394844,41.689990789203591],[-4.7132534700273112,41.690453832412288],[-4.7132769577431475,41.690675758999603],[-4.7132795224137585,41.690699996467735],[-4.7132875029862058,41.690775401198835],[-4.7133214170744226,41.691095872014238],[-4.7133252068619482,41.691131677406268],[-4.7133402996972853,41.691274300114756],[-4.7133553364225058,41.691416390458969],[-4.7132626415727215,41.69142098632031],[-4.7130356250739833,41.691430261672977],[-4.7130015958602183,41.691432552357881],[-4.7127338996071408,41.691447535004514],[-4.7127318136897713,41.691451795637349],[-4.7127099743078036,41.691496407052298],[-4.7126881507570948,41.691540982200138],[-4.7126572030093978,41.691606471768402],[-4.7126274112175901,41.691669517696916],[-4.7125973656535711,41.691733100595563],[-4.7125680424677423,41.691795153291238],[-4.7125383016688405,41.691858089454506],[-4.7125081611729751,41.69192176921441],[-4.7124784493652117,41.691984624769766],[-4.7124377158248842,41.692070795365346],[-4.7124261376707421,41.69209175084918],[-4.7124003350551948,41.692138452278826],[-4.712391446416917,41.692155794723369],[-4.7123509766120382,41.692234747905047],[-4.7123301640550963,41.692297294255845],[-4.7123114566398963,41.6923395441964],[-4.7122611758500188,41.692333088200016],[-4.7121744814180895,41.692321950959368],[-4.7120906707039101,41.692311166975188],[-4.7120072313589869,41.692300429634734],[-4.7119213769412145,41.6922893823618],[-4.7118339659042068,41.692278133950751],[-4.7117504097199721,41.692267382852734],[-4.7116662474430111,41.692256567769157],[-4.7115819650521447,41.692245753512452],[-4.711495372220714,41.692234587224313],[-4.7114097789998226,41.692223550087796],[-4.7113243852348825,41.692211876746775],[-4.7112642115162418,41.692203651044672],[-4.7111459651192602,41.692339611745446],[-4.7108975056355131,41.69259161436964],[-4.7105343267426312,41.692417078370418],[-4.7105193287981013,41.692431442149541],[-4.710420971501498,41.692525649142873],[-4.7103946503783636,41.692550848987501],[-4.7103925772804454,41.692552834299242],[-4.7102189420459446,41.692719129889532],[-4.7101881542394821,41.692749590327701],[-4.7098981690144885,41.692583513489794],[-4.709667383719454,41.692476852937787],[-4.7095196258922902,41.692551971449689],[-4.7091440399795257,41.692704115083025],[-4.7091050120588145,41.692669365140766],[-4.7091030164505234,41.692667425965872],[-4.7090286678610429,41.692595204916152],[-4.7089919123293047,41.692559454715727],[-4.708422614089117,41.692018941533007],[-4.7084186179873777,41.692015147894196],[-4.7083811684670023,41.691975216101092],[-4.7078543969599114,41.692223136952698],[-4.7073008591055627,41.692480985814733],[-4.7071649394596902,41.692450834508797],[-4.7071211670137973,41.692358546733658],[-4.7070793866847582,41.692366114365605],[-4.7069687055381335,41.692410987284326],[-4.7068458204520116,41.692334806029336],[-4.7065538454871083,41.69215379645388],[-4.7064629591807536,41.692097503602696],[-4.7064438409535008,41.692109267475487],[-4.7064338199255138,41.692102836027452],[-4.7063677299156321,41.692060422489689],[-4.7062428330210011,41.692002225284483],[-4.7060396111550542,41.69191564187237],[-4.7059207439783783,41.691844962480594],[-4.7057602270421626,41.69174698600019],[-4.7057383809188469,41.691760152967156],[-4.7056953297043176,41.69178609999188],[-4.7054620865379331,41.691926546925131],[-4.7054086123645531,41.691958232703435],[-4.705296924561412,41.692024194600883],[-4.7052932555819016,41.692026362926242],[-4.7052487721869491,41.69205264807605],[-4.7052449308907871,41.692054889209551],[-4.7050599073284927,41.69216280623148],[-4.7050326907617128,41.692178700728874],[-4.7050056157014186,41.692195403721563],[-4.7050011338086231,41.692198004713291],[-4.7048586304927067,41.692280712968461],[-4.7048255170696125,41.692299916608938],[-4.7046241849628991,41.692416672701491],[-4.7046154057272487,41.692409026582858],[-4.7045325460373002,41.692454599411683],[-4.704535993632569,41.692457878936075],[-4.7044773439881054,41.692489279895433],[-4.7043600421492089,41.692551991695488],[-4.7037728254533189,41.692866372697345],[-4.7037569670010475,41.692839138375597],[-4.7037316579282038,41.692786195007407],[-4.703730986262693,41.692774406210077],[-4.7034501796518677,41.692446768103288],[-4.703117079935744,41.692122695627468],[-4.703101946691894,41.692110587097176],[-4.7030803592699773,41.692091366184783],[-4.7029369331082007,41.692198345253829],[-4.7026915435240744,41.692387262263154],[-4.7025708270722255,41.692481393133441],[-4.7024056850852514,41.692608949373415],[-4.7022441663644639,41.692734627840231],[-4.7022018750028236,41.692698698978411],[-4.7019597535722708,41.692493146108731],[-4.7018921585505034,41.692435758850657],[-4.701508171254253,41.692109764966084],[-4.7011385608187233,41.691799556380289],[-4.7016045965136577,41.691592178076746],[-4.7018761802056384,41.69181196992993],[-4.7022058806125084,41.692104357751489],[-4.7022351371909847,41.692130298578597],[-4.7022659004446146,41.692109528212569],[-4.7025479268755044,41.691919110897345],[-4.70268014258947,41.692034596984243],[-4.7029938314064053,41.691673558624231],[-4.70331186079971,41.691307517584967],[-4.703350981710865,41.691260014568876],[-4.7033530772576864,41.691257461629078],[-4.7033407662682425,41.691250889128348],[-4.7033478759078333,41.691242497573157],[-4.7033605115777464,41.691247804323353],[-4.703640620172659,41.690907083936402],[-4.7038810242085445,41.69061459526192],[-4.7039058174039177,41.690584430750839],[-4.7040851026377348,41.690739353688478],[-4.7042932006924945,41.690914517491507],[-4.7044292187000796,41.69100877405802],[-4.7045904352953443,41.691094077743138],[-4.7048020246406823,41.690871700298302],[-4.705133572500082,41.690520765002994],[-4.7055757358549286,41.6900728662647],[-4.7056981345185811,41.689940459458946],[-4.7058335174758925,41.68975545703281],[-4.7058681918449992,41.68976960060472],[-4.7063006694628209,41.689994020103022],[-4.7068000056709343,41.690179348278136],[-4.7069358044241119,41.69023020010966],[-4.7070748312155253,41.690289561071019],[-4.7071172925141544,41.690318562182242],[-4.7071202347482872,41.690320770137753],[-4.7071232756669659,41.690322166025112],[-4.7071275022282926,41.690323003894626],[-4.7071317061811992,41.690322941431269],[-4.7071352881406421,41.690322077607696],[-4.7071646490267973,41.690314617036307],[-4.7071682786056384,41.690315553841486],[-4.7071731307430573,41.690317283082848],[-4.7071803745539444,41.690323119862711],[-4.7072113369214508,41.690344455079234],[-4.7072397935285872,41.690361866380165],[-4.7072779067935286,41.690380934617465],[-4.7073527679507308,41.690412876729773],[-4.7074088887009093,41.690431407126397],[-4.707565052796463,41.690475382483285],[-4.7076528068574257,41.690476870317404],[-4.7076818150395834,41.690483375219557],[-4.7076927628295335,41.690484373463164],[-4.7077047264091281,41.690482117803441],[-4.7077146580523044,41.690476636426851],[-4.7077210796579427,41.690468742090587],[-4.7077235669005635,41.690465378051812],[-4.7077335187386478,41.690456844908176],[-4.7077465221346655,41.690451062982547],[-4.7077612838248726,41.690448609911179],[-4.707776328675803,41.69044972918411],[-4.7078371438867226,41.690464340135051],[-4.7083249641626717,41.690581540516902],[-4.7083753990013619,41.690562237735051],[-4.7088489043199893,41.690661028311062],[-4.7091335752347385,41.690425782410344],[-4.7091690261453003,41.690401140548083],[-4.7091703072475184,41.690400058701471],[-4.709170643380741,41.690399774493926],[-4.7095929583754641,41.690042696261308],[-4.7095631441420336,41.690024130372855],[-4.7060374362614752,41.686424308550549],[-4.7047035438990772,41.684084346657826],[-4.7042783589118375,41.683694357747335],[-4.7022459152288345,41.68316606450243],[-4.7005213031247637,41.682777287653977],[-4.6988452518606225,41.68213557912609],[-4.6976425551353183,41.681617452961603],[-4.695985332230542,41.681016257849414],[-4.6944935479919518,41.680859540576748],[-4.6932740361800906,41.681084842639564],[-4.6926152598307267,41.681237530652176],[-4.6915719971745204,41.681456643395023],[-4.6913600165266871,41.681009371872953],[-4.691473091314867,41.680775361248969],[-4.6911726193248038,41.680590333483572],[-4.6900476209710709,41.681409653608732],[-4.6896804667534537,41.681686238276825],[-4.6892609765438804,41.682176638613292],[-4.6886534055295517,41.683033445774427],[-4.6886355947271285,41.68303035794257],[-4.688356087165217,41.682981901414394],[-4.6882895096977855,41.682971492526001],[-4.6881593894503979,41.682951031744793],[-4.6880544461505256,41.682934529550074],[-4.6868135585200967,41.683950820186077],[-4.6878584774459062,41.684321272778874],[-4.6883108345810198,41.6844817011144],[-4.6882578170545095,41.684602027942823],[-4.6882163196559423,41.684770432595272],[-4.6882158594816126,41.68499191422714],[-4.6882522801662256,41.685162597436843],[-4.6883510771317258,41.68527408978705],[-4.6885166246080008,41.68537433527073],[-4.6887578022619723,41.685513367723146],[-4.6890297279764654,41.68566572791466],[-4.6893892075657524,41.685844089548141],[-4.6898030908556025,41.686067315716983],[-4.6902598528566717,41.686299006358482],[-4.6906611326157028,41.686504131203101],[-4.6910753925849757,41.686681682313164],[-4.6915556486358323,41.686874203071746],[-4.6919881685756488,41.687051482927359],[-4.6924069100677093,41.687225542449724],[-4.6927120025687694,41.687359120771184],[-4.6930597635575459,41.687497654592072],[-4.6933626101212473,41.687604966506832],[-4.693633686151327,41.687724184443127],[-4.6939659888634884,41.687850423148539],[-4.6943916809746762,41.687995910829791],[-4.6947621491675013,41.688129511168079],[-4.6951454422006922,41.688284718193621],[-4.6955428493736679,41.688455658395839],[-4.695773668018421,41.688546912289013],[-4.696076428897646,41.688710148931108],[-4.6964386456612495,41.688936454441645],[-4.6968494472910534,41.689214461127882],[-4.6971417910632418,41.689447471407561],[-4.6974595105186641,41.689717753103956],[-4.6976830659657445,41.68994385143813],[-4.6979237064403048,41.69017987440224],[-4.6981026687405771,41.690446530525655],[-4.6982503767701491,41.690680593768967],[-4.6983722855484986,41.690920711491586],[-4.6985263588308168,41.691227724519386],[-4.6986434078549069,41.691515920324996],[-4.6987613571980527,41.691838238934622],[-4.6988930590282889,41.692162693086921],[-4.6990144645046579,41.692497568751676],[-4.6990654815315587,41.692765035278384],[-4.6991413336320322,41.693108598561516],[-4.6992300380341012,41.693479353820685],[-4.699304901690823,41.693844638582391],[-4.6993778716493235,41.694197342821568],[-4.6994316854170677,41.694570954748379],[-4.6993735254871227,41.694858767974715],[-4.6993511145414324,41.695048330789042],[-4.6993503454168835,41.695306833994088],[-4.6993628573193176,41.695608733098211],[-4.6993829027963967,41.695909259820716],[-4.6994230428847219,41.696219847882858],[-4.699421255463907,41.69649899140304],[-4.699420548435957,41.696759835366528],[-4.6994001415744897,41.697025564114902],[-4.6993633673225226,41.697308647634301],[-4.6993319659473611,41.697503656392605],[-4.6992629328810738,41.697720927821777],[-4.69917329738914,41.697959039133657],[-4.6990452211235159,41.698188622102592],[-4.6989124247236695,41.698353065460445],[-4.6987778863462824,41.698506096837697],[-4.6986523226202213,41.698598290348073],[-4.6985183202413294,41.698662146468799],[-4.6981715650510889,41.698742838324115],[-4.6979062258438846,41.698789090416],[-4.6976490859294548,41.69880441789752],[-4.6973288752464795,41.698793204414947],[-4.6968563667000316,41.698785321170469],[-4.6961877464475545,41.698737010200531],[-4.6955463361713381,41.698676852588015],[-4.6950362596754482,41.698634120007256],[-4.6940948526009008,41.698581802399019],[-4.6934770201265428,41.698549837632612],[-4.693032925938331,41.698520986382562],[-4.6926101574584926,41.698494158274457],[-4.6921954954245368,41.698483151941076],[-4.6916768316454363,41.698461156203344],[-4.6912919948616212,41.698423407934001],[-4.6908854466591272,41.698378053826588],[-4.6905508258018189,41.698339563117003],[-4.6901810652293392,41.698299248443284],[-4.6898681582690926,41.698277640871908],[-4.6894460792968262,41.698272497970265],[-4.6888943494984012,41.698268089475604],[-4.6883957496022628,41.698250377374627],[-4.6879263399468156,41.698245923525207],[-4.687571832158711,41.698264909645907],[-4.6872812634504557,41.698279534050641],[-4.6869482204444681,41.698361161553976],[-4.6866481832087059,41.698422758152368],[-4.6863272716124404,41.698504203062583],[-4.6859483570446914,41.698637928223285],[-4.6855903770079204,41.698758825710982],[-4.6851915386939069,41.698944358027639],[-4.6848802490688817,41.699099965634296],[-4.68450287063565,41.699352730098084],[-4.6842213361599727,41.699538790787742],[-4.683857020427852,41.699767224623102],[-4.6835904071169905,41.699903440043435],[-4.6834395628212011,41.700036425661473],[-4.6832926426654531,41.700209344171512],[-4.6831431638538383,41.700408599496875],[-4.6829981699575454,41.700669305485697],[-4.6828402524510917,41.700969108558965],[-4.6826956708744705,41.70125493586103],[-4.6825385788452696,41.701591203481854],[-4.6823979823975197,41.701919304342866],[-4.682248604989379,41.702261132784088],[-4.6821181615654082,41.702568548477799],[-4.6819666278258527,41.702878435278016],[-4.6817960714860307,41.703228589997501],[-4.6816443054510568,41.703603506190881],[-4.6815667580396116,41.703888620990575],[-4.6815145409222714,41.704149498193821],[-4.6814817072329271,41.704467103962081],[-4.6814923719602364,41.704678154524366],[-4.6815306386857545,41.704901412247445],[-4.6815811760553148,41.705060540223776],[-4.6816509193484164,41.705191017815345],[-4.6817465256948942,41.705317693340227],[-4.6818588932956153,41.705446466051143],[-4.681974295458331,41.705576365990467],[-4.6821113197681434,41.705724231891963],[-4.6822788939837103,41.705872910328495],[-4.6825059544624166,41.706099616765272],[-4.6826823786640555,41.706306439091776],[-4.6828328190766992,41.70650778739887],[-4.6829425130613673,41.706658304260444],[-4.6830416007355442,41.706807716354405],[-4.6831273797957973,41.706972181644886],[-4.6831462195943043,41.707072420137763],[-4.6831555720415281,41.707149920664172],[-4.6831649060186287,41.707300467397708],[-4.6831732217576221,41.707550279900957],[-4.683189707423753,41.707818347214726],[-4.6831791955797657,41.708037543541693],[-4.6831300322819729,41.708231006633184],[-4.6830798106223224,41.70844385045276],[-4.6829979662081698,41.708743889057544],[-4.6828676626713683,41.709052385874301],[-4.6827630750076432,41.709356089900155],[-4.6827104679954612,41.709602022053019],[-4.6827253774224893,41.70980049086414],[-4.6827665854020211,41.709947236440918],[-4.6828183978137341,41.710090405034592],[-4.6828922508013058,41.710267565262157],[-4.6829494187252241,41.710381023390461],[-4.6830436216290412,41.710513392452214],[-4.6831613403133252,41.710680994161557],[-4.6833589047754325,41.710930798780822],[-4.6835555554305106,41.711161281817908],[-4.6836388873023251,41.711286964602131],[-4.6837016640919407,41.711444833076712],[-4.6838225208156272,41.711686512963936],[-4.6839100185652311,41.711861220821554],[-4.6840799198851215,41.712047601136945],[-4.6841736455611906,41.712184570514793],[-4.6843117202004088,41.71247787584079],[-4.6844080568982891,41.712668756668798],[-4.6845617914850628,41.712898785396099],[-4.6847004767939193,41.713132457125027],[-4.6848828652996781,41.713410160799938],[-4.6850757048204548,41.713733555702433],[-4.6852803304573865,41.713988054711656],[-4.6855204925263889,41.714254552138343],[-4.685731855312234,41.714472295244477],[-4.686077849032479,41.714772724774114],[-4.6863560847502654,41.714982551001015],[-4.6865328732499787,41.715108964559462],[-4.6867211615612971,41.715222053870903],[-4.6869178922924872,41.715316377815775],[-4.6871132069438444,41.715384393041937],[-4.6874299138508571,41.715492957180523],[-4.687675337965346,41.71555104862432],[-4.6879150300867654,41.715569144117296],[-4.6881694136464453,41.715565317173336],[-4.688423199689514,41.71553862152949],[-4.6886740416143287,41.715514220266009],[-4.6889599079231292,41.715491556116547],[-4.6892215629010101,41.715476181483375],[-4.6895043319950593,41.715509672112063],[-4.6897524725711133,41.715542860777745],[-4.6899699817981366,41.714723028370628],[-4.6905128099960143,41.714675864795538],[-4.6913924781303731,41.715335718252199],[-4.6921634427537615,41.715140902988047],[-4.6922737403735022,41.715413891354267],[-4.694587608380167,41.715494448684062],[-4.6957808495036826,41.715614828092399]],[[-4.7400410700050282,41.690117441649697],[-4.7400391088981317,41.690131211924211],[-4.7398809637073542,41.689977423154311],[-4.739744332636846,41.689862247823562],[-4.739587420556469,41.689773115958566],[-4.7387820658474924,41.689404976853965],[-4.7386957232778695,41.68938626619196],[-4.7385586309005383,41.689395489337201],[-4.7380925821677486,41.689230963515037],[-4.7373890857085232,41.688961360250332],[-4.7370868836943583,41.688860123778596],[-4.7368470434090817,41.688807986676402],[-4.7366287150881403,41.688775542149102],[-4.7365143889160999,41.688780129757845],[-4.7362156101509623,41.688806091820375],[-4.7351790534977196,41.688848611634022],[-4.7351208632719519,41.687653327549015],[-4.7351205823439093,41.687647569320866],[-4.7348399678322384,41.687661480848874],[-4.7348399394180278,41.687661496589257],[-4.7347383521676454,41.687665080371829],[-4.7346388639988826,41.687668753062802],[-4.7345176816207299,41.687673535858764],[-4.734398953358542,41.68767753482723],[-4.7342805082293991,41.687681339358349],[-4.7340516504746217,41.687685153000537],[-4.7339322004647135,41.687685992029699],[-4.7338154463668802,41.687686996504866],[-4.7336928135235379,41.687687883315519],[-4.7335796550892315,41.687687613790466],[-4.733577815390368,41.687687609124602],[-4.7332310241598936,41.687682068249771],[-4.7330682633350811,41.687679560768984],[-4.7329970741287521,41.687677913647192],[-4.7327749771432686,41.687670391444122],[-4.7327748989532887,41.687670388119969],[-4.7326432474370606,41.687665415880538],[-4.732630758647324,41.687664793613479],[-4.7325586513898763,41.687661620823128],[-4.7324517426711159,41.687656531040666],[-4.7323435507156217,41.687651083127044],[-4.7322365477358499,41.687645165951025],[-4.7320942930931587,41.687631702028831],[-4.732058680929752,41.687626393561395],[-4.731952324271675,41.687609631344543],[-4.7319171183031798,41.687602488354592],[-4.7319058420991924,41.687600037388087],[-4.7318139732158926,41.687579535945062],[-4.7317800708327704,41.687570327847538],[-4.7317015622436251,41.687548490095516],[-4.7316792558636083,41.687542008242289],[-4.7315826841162902,41.687506986677292],[-4.7315481250769889,41.687496185218841],[-4.7315197745875306,41.687485210024761],[-4.7314883459380708,41.687471912456076],[-4.7314777759737217,41.687467568408593],[-4.731457197835363,41.68745836747059],[-4.7314162975872556,41.68743956543139],[-4.7313258385037571,41.6873936606328],[-4.7312875060657777,41.687372081823398],[-4.7311965193140271,41.687316305448114],[-4.7311952722466959,41.687315548763557],[-4.7311284047878974,41.687274714857757],[-4.7311272686358912,41.687274016845997],[-4.7309580768712882,41.687126532702187],[-4.7309274750081514,41.687052192370146],[-4.7309304031366199,41.687042646211452],[-4.7308979483793481,41.687012575489234],[-4.7308819736244558,41.686997774995803],[-4.7310524496351665,41.686826621460192],[-4.7316198434704395,41.686326215872363],[-4.7324446034503982,41.685716085092054],[-4.7331924365971059,41.685247266295789],[-4.7334653208566939,41.685112869715724],[-4.7339755659138785,41.684864961323207],[-4.734557834134586,41.684600235909741],[-4.7350992664461788,41.684377589193282],[-4.7358788889234313,41.684075561138442],[-4.7365511742766957,41.683825193071172],[-4.7371959332037488,41.683615272864365],[-4.7378283414747697,41.683442710022362],[-4.7382680478052857,41.683338831434625],[-4.738909231296593,41.683209025103736],[-4.7392677604982296,41.683136396816558],[-4.7394871874009006,41.683068733072389],[-4.7397588429861059,41.682957384667809],[-4.7401917635893653,41.682743505635266],[-4.7406149553916075,41.682522622858592],[-4.7408230356616468,41.682387927827399],[-4.7409519648425755,41.682288747218543],[-4.7415333858903157,41.681782360958231],[-4.7421083463322669,41.681248902858066],[-4.7423292416942378,41.681023932279032],[-4.7426233474926178,41.680684895444465],[-4.7429549559235635,41.680275085478279],[-4.7430638112020445,41.680139031930032],[-4.7431772493657345,41.680031504961541],[-4.7436357794937845,41.679637067379964],[-4.7442471954095646,41.67911305442388],[-4.7448060329131616,41.678619862236182],[-4.7449863742510487,41.678500475243673],[-4.745632900419027,41.679135023114988],[-4.7459224620208298,41.679129518348994],[-4.7459680562858919,41.679169565436339],[-4.745969830478681,41.679172977226827],[-4.7459780091696464,41.679188692994401],[-4.7459801149122427,41.679197924367131],[-4.746008183843931,41.679233146273461],[-4.7462651293274192,41.67927491427529],[-4.7465481078823482,41.679320492998194],[-4.7471926178829289,41.679299964409886],[-4.7477179450620808,41.679284162428793],[-4.7478722139706617,41.679279519026714],[-4.7480486057917757,41.679274228112298],[-4.748116592048742,41.679254325659429],[-4.7481574937292939,41.679230371548087],[-4.7481746404462637,41.679231808420461],[-4.7483747458968315,41.679358865118658],[-4.7485042199641025,41.679446444675079],[-4.7485752274506501,41.679499160960987],[-4.7486171102028232,41.67953024958571],[-4.7487472419582,41.679637210233182],[-4.7489614822358437,41.679875395819451],[-4.7491180011588687,41.680090912656482],[-4.7492616939851642,41.680290430534839],[-4.7493013693184665,41.680348923802605],[-4.7493260093587262,41.680393681117955],[-4.7493403375394099,41.680427611785817],[-4.7493566317649121,41.680488302879404],[-4.7493669897354973,41.680633648944699],[-4.7493774318666739,41.681077623597808],[-4.749363042687186,41.681183711658328],[-4.7493305895667843,41.681397371276574],[-4.749310179616768,41.681397547821682],[-4.7492525856348768,41.681398045498177],[-4.7492296999536308,41.681572176831523],[-4.7491760058080645,41.681573876932873],[-4.7488231908262541,41.681585045210014],[-4.7486594272488167,41.681573307163106],[-4.748403084004968,41.68158022190282],[-4.7482226209694289,41.681551636373413],[-4.7479290735356008,41.681505137318666],[-4.7478512042954346,41.681649805483183],[-4.7477670209733347,41.681745153610386],[-4.7476555492716024,41.681865188845364],[-4.7475914841120241,41.681918564144659],[-4.7474564814736846,41.682030296272096],[-4.7472902506228936,41.682165745776722],[-4.7467454066325034,41.682588991191132],[-4.7465850216632548,41.682787425450385],[-4.7464005881633868,41.68300743664026],[-4.7461521643504803,41.683339750662732],[-4.7460478952994132,41.68347456199875],[-4.7457095917114946,41.683914156693206],[-4.7456696624028831,41.683958218769213],[-4.7458502743689888,41.684144864139341],[-4.745824449535081,41.684194135767058],[-4.7457748700090772,41.684288727845285],[-4.7456587891216993,41.684474948250795],[-4.7455878625649186,41.684589149668433],[-4.7455037571627736,41.684713638730663],[-4.7454450328156303,41.684800786872742],[-4.7453521105306002,41.684886528856651],[-4.7452532851201461,41.684964406640432],[-4.7451644272172446,41.685019796391941],[-4.7450198330627193,41.685111338764685],[-4.7449319939605621,41.685168874464701],[-4.7448016384983669,41.685253715512317],[-4.7447499788964125,41.685298452569306],[-4.7446760577368652,41.685373068632195],[-4.7446209741264411,41.68544294481098],[-4.7445414232109027,41.685548761623934],[-4.7444859223405631,41.68559355688658],[-4.7444415400957585,41.685623052099679],[-4.7442242900421254,41.685729386719586],[-4.7441270018179633,41.685763080482062],[-4.7439251739734098,41.685829758218219],[-4.7439023925130366,41.685835958340036],[-4.743681574237308,41.685881460086897],[-4.7435655554167688,41.685905557314705],[-4.7434535993389852,41.685928872242393],[-4.7433475002039742,41.685951016490094],[-4.7432369247248722,41.685976831226313],[-4.7431612600128483,41.686004008504767],[-4.7430790345594502,41.686045412233582],[-4.7429562680284798,41.686129077774524],[-4.7428624347928192,41.686218253200423],[-4.742726336903174,41.686397622974162],[-4.7426388151319196,41.686486328706799],[-4.7426313826725499,41.686493858431454],[-4.7426127235824111,41.68650674627424],[-4.7425930993800538,41.686518644507807],[-4.7425697921527874,41.686530085216944],[-4.7424713620584846,41.686577061727391],[-4.742457472412033,41.68658307267139],[-4.7424449399222484,41.686590576152646],[-4.7424340396923261,41.686599392369359],[-4.7424250202816092,41.686609337419085],[-4.7424180855546023,41.686620174037053],[-4.7424133842499483,41.686631670297849],[-4.7424122666592456,41.686635893362457],[-4.7424098483702615,41.686657365916794],[-4.7424099314004504,41.68667891762454],[-4.7424125244685529,41.686700381730041],[-4.742414853132451,41.686715432591186],[-4.7424253970218109,41.686751731698401],[-4.7424494137589539,41.686784827259039],[-4.7425115450120483,41.686841851923823],[-4.7426000362852321,41.686930148717558],[-4.742683540637139,41.687019083998024],[-4.7428285751526653,41.687205236085433],[-4.7424229217497498,41.687313101051465],[-4.7423808986491505,41.687328536303589],[-4.7423283074928939,41.68736060500337],[-4.7421368564867112,41.687489570001091],[-4.7421125356824794,41.687514893558046],[-4.7421285538587261,41.687529466651647],[-4.7421303966041064,41.687531142772528],[-4.7418896230704748,41.687679729600731],[-4.7416674936975003,41.687816810088854],[-4.7414466326754212,41.687953105356598],[-4.7414438836149344,41.687954801549466],[-4.7412212925792181,41.688092164678103],[-4.7410006058060015,41.688228351971297],[-4.7409911814211991,41.688234168081621],[-4.7408302682484962,41.688333745036992],[-4.7406564355069527,41.688440189642698],[-4.7404892490707624,41.688543908759357],[-4.7403959291551736,41.68861850519643],[-4.7403660747872998,41.688652101970483],[-4.7403324418085546,41.688684062718472],[-4.7400707115912901,41.688932720156238],[-4.7398741079145381,41.689168248888016],[-4.7400642026910136,41.689244089255894],[-4.7404742738437644,41.689376492439735],[-4.7405063758446486,41.689386183671836],[-4.7403266022842931,41.689608669632257],[-4.7401066142037847,41.689935160040847],[-4.7400549168110775,41.690061618463211],[-4.7400438312668429,41.690098050804238],[-4.7400410700050282,41.690117441649697]]]},"properties":{"OBJECTID":45,"JOIN_COUNT":1,"TARGET_FID":45,"CODIGO_BAR":"00","NOMBRE_BAR":"EXTRARRADIO","ORIG_FID":4,"SHAPE.AREA":23731199.5666232,"SHAPE.LEN":46674.635211748195}},{"type":"Feature","id":46,"geometry":{"type":"Polygon","coordinates":[[[-4.851711872826888,41.815556638487664],[-4.8517442880021608,41.815561879893174],[-4.8518059478809255,41.815529184752862],[-4.8520060644228691,41.815404915596858],[-4.8529698094518423,41.814942671248645],[-4.8535269594838901,41.814625312137224],[-4.8541176973068811,41.814287235420565],[-4.8549220273027407,41.813841956133246],[-4.8551110313887484,41.813766856045312],[-4.8553269065034312,41.813688437645617],[-4.8555292206337848,41.813607357710119],[-4.8557450592363711,41.813494356232944],[-4.8560252908915844,41.813360141003386],[-4.856553218444585,41.813049003661149],[-4.8580267879687868,41.81215194509349],[-4.8591784701650793,41.811464695642186],[-4.8591877619957078,41.811453017877575],[-4.8594493377663159,41.81129027577532],[-4.8595874586836816,41.811204462216423],[-4.8596956756735015,41.811133543964523],[-4.8598054373042139,41.811082774095496],[-4.8599100734457314,41.811037851251321],[-4.8599974643033335,41.810996087894708],[-4.860096887871876,41.810954130466406],[-4.8601950152237201,41.810900666620604],[-4.860340084943835,41.810788803780063],[-4.8604964755641547,41.810685400811259],[-4.8607093611489134,41.810604141395771],[-4.8609335676176366,41.81053134159874],[-4.8611438990726796,41.810461649198245],[-4.8613389104403533,41.810395086792802],[-4.8615420406611243,41.810342802732478],[-4.8617952893694261,41.810275297276711],[-4.8620316917179363,41.810208060823804],[-4.8623285493320969,41.810116791514652],[-4.8627689968981587,41.810028955529006],[-4.8631308016991701,41.809985623776498],[-4.8635502578802923,41.809921181827441],[-4.8642221181100362,41.809826706200653],[-4.8645891502488956,41.809797694381281],[-4.8647140344936979,41.809787021279973],[-4.8647902248562485,41.809774257631418],[-4.8649170774704302,41.809731850618505],[-4.8652213761394378,41.809631805929463],[-4.8654815662716882,41.809538241096995],[-4.8656656506574061,41.809460319736623],[-4.865894428621039,41.809396083973787],[-4.8660958556946774,41.809335172473538],[-4.866441983359354,41.809266147444646],[-4.8673798520601359,41.809063580010353],[-4.867631981263969,41.809007607236126],[-4.8677711114790609,41.808973643568635],[-4.8679324636367252,41.808942201225463],[-4.8680595635834294,41.808908432895478],[-4.8681910565103079,41.808860182673889],[-4.8682863070557483,41.808824051073834],[-4.8683967088619271,41.808779025809919],[-4.8684840060627463,41.808734377278427],[-4.8685564679573652,41.808692850332022],[-4.868633095132223,41.808645492348276],[-4.8686990500496163,41.808595426826123],[-4.8687601931254489,41.808545438670599],[-4.8688596883859141,41.808440068154816],[-4.8690676000450885,41.808436687057892],[-4.8691003254052561,41.808436154412583],[-4.8691883992160587,41.808434721757777],[-4.8692230509648997,41.808434158622013],[-4.8693379908591758,41.808429406481466],[-4.8693553161161018,41.808429124452047],[-4.8706974609536102,41.80836981605524],[-4.872705364007512,41.808239119987967],[-4.8728379441985163,41.808228313456603],[-4.8729518984509248,41.808206282336265],[-4.8730673592463534,41.80816981534808],[-4.8731930712926594,41.808121654602303],[-4.8733366523100434,41.808058792838857],[-4.8734849631222552,41.80799297077504],[-4.873666814590691,41.807938129496215],[-4.8738323246004169,41.807900846921399],[-4.8741188013408641,41.807867355000354],[-4.8742677429802139,41.807856280699966],[-4.8743965772563858,41.80786570700198],[-4.8745370475872374,41.80787782437163],[-4.8746673245870795,41.80788722681865],[-4.8747783070233037,41.80786236034664],[-4.8749425415328727,41.807830861109046],[-4.8759895186178932,41.80773884124271],[-4.8763339166527784,41.807710160771308],[-4.8765366734471831,41.807695322155006],[-4.8766725586849526,41.807698866569218],[-4.8768358525509221,41.807684672333188],[-4.8769835301980358,41.80763038253172],[-4.8770464695126146,41.807609181181505],[-4.876687246103069,41.80693202037348],[-4.8766235687311799,41.806763024185145],[-4.8765936740493858,41.806662643448405],[-4.8765594491981927,41.806562333462374],[-4.8765141330980786,41.806444912366899],[-4.8764855985092908,41.806341628214824],[-4.8764161506016155,41.8061727243837],[-4.8763845616915269,41.806063725094667],[-4.8763730144658384,41.805948634210246],[-4.8763670779922963,41.805827688432757],[-4.8763637757392377,41.805698054341249],[-4.8763737407005152,41.805594139276288],[-4.8763810727117765,41.805498914301488],[-4.8764025660389247,41.805377520321315],[-4.8764483415954905,41.805180799683313],[-4.8765086876622856,41.805021304069342],[-4.8765794351311413,41.804904869304714],[-4.8766626343667001,41.804802642194879],[-4.8767565904165933,41.804706001540552],[-4.8770934079834571,41.804484352109995],[-4.8775165465102086,41.804218060467825],[-4.8781404692469694,41.803853381160771],[-4.8783030097458315,41.803764264603927],[-4.8784134548356635,41.803704818737216],[-4.8784957571716463,41.803654480197991],[-4.8785620962717129,41.803601519777985],[-4.8786175360591226,41.803554502637247],[-4.8787056508144486,41.803472367132628],[-4.8788487095993824,41.80339221288984],[-4.8789782101003265,41.803309400056328],[-4.8790968953318536,41.803235410221447],[-4.8792102853530155,41.803161506915778],[-4.8793241335501252,41.803070302755359],[-4.8794784400019555,41.802946736401083],[-4.8796000716197687,41.802858287537745],[-4.8796990230046049,41.802784619172954],[-4.8799137592172572,41.802686000697335],[-4.8802096645392945,41.802531296493605],[-4.8811690947938606,41.801968017324249],[-4.8812384016642989,41.801917888801427],[-4.8812971456923666,41.801885225625597],[-4.8813799515616694,41.80185216821792],[-4.88145095474614,41.801810657948941],[-4.8815016615693958,41.801766598116458],[-4.8815629063872059,41.801687780910875],[-4.8817291985988298,41.801480438184022],[-4.8818019070137524,41.801398551849779],[-4.8818780952862877,41.801336783748233],[-4.8819638212797063,41.801271974532533],[-4.8820748567680683,41.801183696699113],[-4.8821813350204577,41.801104139624179],[-4.8824622349673703,41.800897799422863],[-4.8829868240459353,41.800546250321808],[-4.8830970904581541,41.80048103787145],[-4.8831798698040974,41.800430688157569],[-4.8832611173304334,41.800377480546302],[-4.8833374693133154,41.800321472007141],[-4.8834323370195962,41.800256513573309],[-4.8835408451734752,41.800197094550619],[-4.8836690833848948,41.800137353600242],[-4.8837976337578839,41.800071842369888],[-4.8839227309251756,41.800003506488629],[-4.884070420070846,41.799917507475556],[-4.8842283580946564,41.799819813682866],[-4.8845332802905892,41.799595781921958],[-4.8846474511434206,41.799516095423677],[-4.8847088252324831,41.799474741168659],[-4.8847568119550093,41.799436488656312],[-4.8848050229353639,41.799389587169927],[-4.8848404121889919,41.799348658421245],[-4.8848640012434377,41.799299277166796],[-4.8848837357363992,41.799249960074164],[-4.8848951508516745,41.799212306859388],[-4.8849170647011562,41.79917160016408],[-4.8849468480590774,41.79913652751106],[-4.8849921147854323,41.799104083661817],[-4.8850765854337039,41.799062350094466],[-4.8851948255327402,41.799022944167696],[-4.8853432952146907,41.79898016067704],[-4.8855202485177696,41.798890797301006],[-4.8856495059133804,41.798816627119301],[-4.8857563957795618,41.798751469363438],[-4.8858078319089522,41.798716041827788],[-4.88591466507836,41.798665295146499],[-4.8860419636858365,41.798622858430285],[-4.8870227168521119,41.798445365209105],[-4.8872463349310031,41.798404227364045],[-4.8875482495301954,41.798324336337132],[-4.8877742478570809,41.798265865994971],[-4.888023486697902,41.798195485791375],[-4.8882681104023522,41.798099243312897],[-4.8884336454350796,41.798047528157738],[-4.8885212546740187,41.798014387525519],[-4.8886016456619643,41.797981363734444],[-4.8886912641315137,41.797951071086949],[-4.8887992758523664,41.797940650255761],[-4.8889416501427654,41.797952719673795],[-4.8890866009730143,41.797970510646827],[-4.8895362540078633,41.798003465437183],[-4.8899917141871594,41.798004620256677],[-4.8901657613882588,41.798013285727222],[-4.8902575836335815,41.798008893204589],[-4.8903318307752439,41.79799614373627],[-4.8904063885152995,41.797977624991965],[-4.8904776612797694,41.797962043234875],[-4.8905719741475941,41.797960491517912],[-4.8907038480960514,41.797975613670104],[-4.8908247955316142,41.797979387346309],[-4.891059446473168,41.797969762158509],[-4.8911507050484877,41.797962496146184],[-4.8912836531189861,41.797948781169914],[-4.8914577861281447,41.797960322622885],[-4.8917040403035559,41.797985088792856],[-4.8919029693244154,41.798004869983451],[-4.8921234655736114,41.798021413424152],[-4.8924424110416362,41.798013278568526],[-4.892736074735657,41.798045908315473],[-4.8929310145540237,41.798028286728119],[-4.8932195566696084,41.798017768801706],[-4.8934777315982974,41.798022160237139],[-4.8943175175892986,41.798028493149594],[-4.8946508383577489,41.798034526212426],[-4.8950542179846961,41.798065338933284],[-4.895361528963881,41.798103499959574],[-4.8957981644512607,41.798168346761372],[-4.8963599394656221,41.798248418740002],[-4.8967280524334393,41.798340329309035],[-4.8971835739266254,41.798474025536073],[-4.8977517239069304,41.798574158851387],[-4.8981901496643925,41.798650495160601],[-4.898324204038679,41.798674217765303],[-4.8986518142499245,41.798714917354673],[-4.8992173042895191,41.798757446256921],[-4.8996151684654707,41.798796981194222],[-4.9000229944077045,41.798798885011351],[-4.9006394027644138,41.798788690137108],[-4.9011004403032938,41.798766653887007],[-4.9014395417004222,41.798772570612158],[-4.9019407231414212,41.798821915869389],[-4.9022493995677126,41.798857153741316],[-4.9026025405382319,41.798865716520297],[-4.902850580676704,41.798852963329836],[-4.9036795395907475,41.798899754037834],[-4.904311127693374,41.798946927989519],[-4.90458983082336,41.798994183905378],[-4.9050283046563434,41.799136778685089],[-4.9057315406560802,41.799375848443255],[-4.9060244890274598,41.799448802043116],[-4.9062855301833306,41.799484819651553],[-4.9065947771806799,41.799522918388611],[-4.9068448278157497,41.799513005231802],[-4.9069779820718953,41.79952232327971],[-4.9070733417841428,41.799523622661432],[-4.9071758366622307,41.799521921412293],[-4.9072821260589174,41.79953456731878],[-4.9074982680048986,41.799533862068046],[-4.9078395825668633,41.799565659777464],[-4.9081217667970227,41.799584030520414],[-4.9083234515937875,41.799615264718625],[-4.9085766852957455,41.799680226479659],[-4.9089004640633886,41.799769952633092],[-4.9090548528059585,41.799813499930274],[-4.9092639815517334,41.799835962561041],[-4.9095715610711634,41.799882726240156],[-4.9099748793797273,41.799959600285469],[-4.9103983342278195,41.800082249869185],[-4.910927976606807,41.800246360821546],[-4.9114548089979904,41.800364404145704],[-4.9120248613222826,41.800478844287866],[-4.9124216015204452,41.80059328500095],[-4.91279486091614,41.800759990585149],[-4.9132513137461258,41.801020413027217],[-4.9136555945506766,41.801258648431364],[-4.9139303142175299,41.801478866545025],[-4.9141250364531937,41.801680242174697],[-4.914406407642657,41.801978161832864],[-4.9146285083737453,41.802193490410858],[-4.9148430178036282,41.802380124617748],[-4.9150100106854238,41.802507030445639],[-4.915413878227084,41.802730856170122],[-4.9159342004691817,41.803033434077584],[-4.9161799280435678,41.80318496207628],[-4.9164482398934055,41.803318822140803],[-4.9167906071994949,41.803465855737031],[-4.9168077260276046,41.803442514493653],[-4.9168248424104553,41.803419172387933],[-4.9169245768054592,41.803356988132542],[-4.9170291221652356,41.80329472257722],[-4.9171538275975397,41.803246530611091],[-4.9174628229867885,41.803146267525392],[-4.9178566306394247,41.803064765152271],[-4.9182302265025939,41.802983598152949],[-4.9191324374089431,41.802853253633799],[-4.9197500064863666,41.80276800685315],[-4.9202640985207049,41.802716186977108],[-4.9205435258775108,41.802674050142073],[-4.9206861904121109,41.802663019739661],[-4.9209023696926169,41.802598885277177],[-4.9212865104836441,41.802500239659715],[-4.9215543406764644,41.802472705546293],[-4.9220910934778459,41.802406088062696],[-4.9223883387120253,41.802331947766433],[-4.9224098206258589,41.80232582495087],[-4.9226742440628852,41.802281052961163],[-4.9228456063519594,41.802263776194032],[-4.9232060609293624,41.802194340367649],[-4.9235585061491216,41.802130800771117],[-4.9240579069528829,41.80203886222008],[-4.9241756896057467,41.802097411760201],[-4.9243319670976433,41.802155315214563],[-4.9244564641002393,41.802164758012253],[-4.9245685005079025,41.80216000016128],[-4.9246557343271542,41.802147010849524],[-4.9248350580248959,41.802025845709046],[-4.9249504028638782,41.801954747600533],[-4.9250500768850012,41.801906965767948],[-4.9252274821018238,41.801866527754349],[-4.9254779459166977,41.801821983349548],[-4.925673415972522,41.801789887896469],[-4.9257802565380118,41.801756395502018],[-4.9258973144415643,41.801662211323531],[-4.9263580439408434,41.80134035369673],[-4.9267745345679304,41.801036527889444],[-4.9269337403378897,41.800886878332747],[-4.92700706769722,41.800747314017755],[-4.9270858492826184,41.800645124768799],[-4.9271620022974529,41.800551623924598],[-4.9273298045375036,41.800447941442378],[-4.9280772838350986,41.800072273618397],[-4.9280824660027154,41.800020311520719],[-4.9280457469337158,41.79995175973351],[-4.9279808598547286,41.799875035599968],[-4.9278685564803748,41.799790461311829],[-4.9276668521217246,41.799678566250627],[-4.9275065668813225,41.799583268825764],[-4.9274054556161451,41.799518679666555],[-4.9272089713715594,41.799372113376144],[-4.9271400873943687,41.799451082026742],[-4.9270860447192453,41.799495217884235],[-4.9270485876561887,41.799530429247845],[-4.927024341803472,41.799556773658921],[-4.9269879805969543,41.799580439314475],[-4.9269454144240914,41.799589798827796],[-4.9268374179801793,41.799568554547101],[-4.9267170473065782,41.799535988678123],[-4.9266513464769872,41.799528444831815],[-4.9265913338445166,41.799517923468109],[-4.9265067311397148,41.799522223950078],[-4.9264730477576553,41.799522788119461],[-4.9262411018767951,41.799558378807767],[-4.9260647656193566,41.799569979943321],[-4.9259716724092888,41.799580186535778],[-4.9258802609256387,41.799550017047764],[-4.9257037401500963,41.799475161918814],[-4.9255912057251292,41.799430937958995],[-4.9255017545933661,41.799418026696813],[-4.9253986571710602,41.799399580064211],[-4.9253479602908747,41.799394665957102],[-4.9253134144618258,41.799366425543411],[-4.9252867892187044,41.799329406176177],[-4.9252951570710426,41.799303327431815],[-4.9253173038408722,41.799271255374968],[-4.9253225244972922,41.799236584142797],[-4.9253067082803197,41.799190737406178],[-4.9252175799608588,41.799140355653421],[-4.9250363014444671,41.799051169895264],[-4.9248113840177554,41.798919485440059],[-4.9246777783366911,41.798846792345024],[-4.9245497107858203,41.798814353188291],[-4.9243936987484096,41.798765090770125],[-4.9242557990281322,41.798709760540781],[-4.9241547797589202,41.798648049898354],[-4.9240352152050075,41.798578002830155],[-4.9239550448264655,41.798553407556227],[-4.9238803029960287,41.798517193977538],[-4.9237663925149455,41.798426877544543],[-4.9235706091220859,41.798303348716949],[-4.9235359796897153,41.798272227106708],[-4.9235058667492142,41.798215091374423],[-4.9234920272714762,41.79815480190819],[-4.9234954593994553,41.798108633402229],[-4.9234930321560855,41.798059680086944],[-4.9233583108470711,41.797949538351332],[-4.9233055902003828,41.797780383902648],[-4.9232198776181999,41.797441748117429],[-4.9231585984678006,41.797243918200245],[-4.9230777127230549,41.797066590039073],[-4.9229406465326502,41.796829680370166],[-4.9228911311412684,41.796735404473175],[-4.9228261305362935,41.796638504882715],[-4.9228097230850008,41.796460097779338],[-4.9227996584538882,41.796284465618584],[-4.9228509854909026,41.796246141332169],[-4.9228744542892739,41.796193873229306],[-4.922887784966659,41.796124482564203],[-4.9228969204328417,41.796043634834767],[-4.9228902285692211,41.795948641861187],[-4.9228126872547682,41.795641569609536],[-4.9227201167291854,41.795202177198682],[-4.9226565313158162,41.794894871137195],[-4.9226107679804869,41.794636259750355],[-4.9225728470211196,41.794446683612939],[-4.9227480255772065,41.79426795269989],[-4.9227060678848558,41.794104382662155],[-4.9226325978451229,41.793981687131371],[-4.9225543315298514,41.793827370159676],[-4.9224523175112394,41.793667687470894],[-4.9223845008778699,41.793524722753908],[-4.9223209125196306,41.79341050775038],[-4.9222666753474087,41.793319193511834],[-4.9222370624413134,41.793230347328269],[-4.9221897126546219,41.79309568695907],[-4.9221300262738703,41.792966996258293],[-4.9220833161119169,41.792869790931974],[-4.9219725059573411,41.792721782318011],[-4.9219112908283451,41.792590235023944],[-4.9218418610139123,41.792441533742291],[-4.9217734601700833,41.792246704128772],[-4.9216145619860008,41.791874705023403],[-4.9214133269697671,41.791503414021605],[-4.9211178203423449,41.790989600563798],[-4.9208733416599353,41.790604621659895],[-4.9207798084306127,41.790470733107341],[-4.9205261075390974,41.790163720455652],[-4.920171906420193,41.78976328161783],[-4.9196246742271708,41.789152800770076],[-4.9192455158625714,41.788738365848786],[-4.9190925357877937,41.78854782909584],[-4.9188236286212277,41.788166134958928],[-4.9185880572739835,41.787853051703983],[-4.9183115787248468,41.787410961394144],[-4.9178876476516749,41.786769593436254],[-4.9175099092234085,41.786208148366704],[-4.9173957739354535,41.786028489770352],[-4.9171548587109362,41.785680907930043],[-4.9169184092757066,41.785402418608719],[-4.9165737561318048,41.785062330214508],[-4.9163607979791379,41.78486126143838],[-4.9161042523386227,41.784634981870248],[-4.915918509832788,41.784491098441428],[-4.9157268581865639,41.78435884061166],[-4.9155398443457079,41.784220740981368],[-4.9153040089047586,41.783962412390402],[-4.9147662713873954,41.783360395246198],[-4.9144781827739159,41.783028003435547],[-4.9142784557652064,41.782737370755221],[-4.9139825955178678,41.78232153014465],[-4.913737330665886,41.781988421781513],[-4.9135881673394053,41.781763229926362],[-4.9134709537429142,41.781641256121993],[-4.9133836109630211,41.781585071025745],[-4.9132686780202022,41.781523581384178],[-4.9132213974754633,41.781325512264722],[-4.9131306563732418,41.781041707083219],[-4.9129943868233141,41.780764424318399],[-4.9127416466340579,41.780373800594553],[-4.9123583468987562,41.779751906986377],[-4.9118841144522625,41.779033540226763],[-4.9117842792239426,41.778896865898083],[-4.9116534648721553,41.778786644798281],[-4.9115911841129876,41.778666637554039],[-4.911491992007047,41.778486724020752],[-4.9114055932653145,41.778332534233897],[-4.9113394339032519,41.778195299918465],[-4.9112515939345416,41.77804113218982],[-4.9111749376631746,41.777906954519899],[-4.9110876961949561,41.77777295203559],[-4.9109804257544161,41.777645046877687],[-4.910859685203933,41.777517365735967],[-4.9107291567093556,41.777384082280179],[-4.9106032766163867,41.777293952285476],[-4.9105018755764194,41.777217825254375],[-4.9103978438353932,41.777150387180335],[-4.9103216618486831,41.777096896087755],[-4.9102573326954504,41.777037444569736],[-4.9101178037387996,41.777022470194716],[-4.9099451032345121,41.776976346413058],[-4.9093985458094629,41.776835566336736],[-4.9082406353660284,41.776543544002642],[-4.9074417636903025,41.776349304415923],[-4.9070658974922248,41.776251790250612],[-4.9068582284748903,41.776194715096267],[-4.9067487490354047,41.77617059329279],[-4.9066098135506602,41.776126786844443],[-4.9064682987689068,41.77607725891432],[-4.9061321898602026,41.775973319369434],[-4.9055501825061567,41.775772587670311],[-4.9053852383894094,41.775711918871863],[-4.905294179550526,41.775675962706003],[-4.9051982239989167,41.775637206534121],[-4.9050927901610519,41.77558707834698],[-4.9049455305818768,41.775505942005672],[-4.9048555719287847,41.775458439880751],[-4.9047312625595785,41.775388450868881],[-4.9046566996707801,41.775340692348742],[-4.9045608009613435,41.775287524369986],[-4.9044602625533429,41.775240196477078],[-4.9043335792910039,41.775187538784294],[-4.9040991719187819,41.775104961567514],[-4.9030110760716443,41.774731035320961],[-4.9027239568220136,41.774623391895126],[-4.9026034730678285,41.774585038995298],[-4.9025093907865651,41.774560659850636],[-4.9023970859465846,41.774522171245671],[-4.902229714126431,41.774444246591919],[-4.9013100986584961,41.773989700348466],[-4.9001066962195949,41.773392859373871],[-4.8999887330203302,41.773325643136978],[-4.8998266887299655,41.773264918303646],[-4.8996798660797136,41.773198177331224],[-4.8993856557003275,41.773061823896342],[-4.8988756736179786,41.772854100936243],[-4.8987445003268864,41.772795746215223],[-4.8986380566884575,41.772760039065268],[-4.8985575018482583,41.772721022688991],[-4.8984689959170948,41.772673490584801],[-4.8983862347241152,41.772608571950862],[-4.8982182204317839,41.772475894518877],[-4.8980919711293112,41.772388637884269],[-4.8979786508358458,41.772315577785605],[-4.8971339051615432,41.771868408370182],[-4.8964710972595773,41.771536391541368],[-4.8963393346880473,41.771457870191021],[-4.8962044599958716,41.771388046274218],[-4.896055806176836,41.771324214713992],[-4.8959306651223136,41.771274403358134],[-4.8958319203763656,41.771238566487128],[-4.8957362033883225,41.771191151279552],[-4.8956334155436627,41.771132325323677],[-4.8955136519173896,41.771036313454879],[-4.8952398895419824,41.770792976139418],[-4.8947334823669912,41.770345972841959],[-4.8945680283392106,41.770201720347814],[-4.8945020219611912,41.770133640401191],[-4.8944212767970114,41.770071567665497],[-4.8943450567989171,41.770032476789048],[-4.8942679584476361,41.769996281517024],[-4.8941901272715063,41.769951452070494],[-4.894118859453231,41.769900751990235],[-4.8940429532611365,41.769806896414195],[-4.8936584463920951,41.76933194015227],[-4.8932198841234715,41.768785825457627],[-4.8931663004143209,41.768714658769234],[-4.8931292995929327,41.768634572504929],[-4.8930931476094548,41.768534298644575],[-4.8930664733049651,41.768445395934087],[-4.8930087102117445,41.768264782981277],[-4.8929676367790398,41.768144414796033],[-4.8929474685296359,41.768064051030869],[-4.8928994057778272,41.767984146099138],[-4.8927807581128198,41.7678275912141],[-4.8924955417350766,41.767472040532255],[-4.8923771467545896,41.767373121564191],[-4.892007223003195,41.767082367247447],[-4.8916056825532293,41.766714316511312],[-4.8913805883094463,41.766455760461604],[-4.8911914493139808,41.766225433528248],[-4.890999916023782,41.765946149568322],[-4.8907255564778378,41.765550066544129],[-4.8902303705653019,41.764794486131954],[-4.8901001987641468,41.764589121871019],[-4.8899756501843177,41.764444188446738],[-4.88989050757072,41.764330309272964],[-4.8897737410040287,41.764188129641006],[-4.8896816660061511,41.764100302123957],[-4.8895951924202077,41.76400661913015],[-4.8894795249559451,41.763901887152926],[-4.8893794436526328,41.763819954344356],[-4.8893045661886871,41.763760663440522],[-4.8892095484024285,41.763687292505963],[-4.8890839774545638,41.763605779605804],[-4.8889922684791527,41.763546765332372],[-4.888870966994852,41.763479590541046],[-4.8887398230031343,41.763421224597984],[-4.8885852557149754,41.763351715369261],[-4.8883876308963483,41.763274266752148],[-4.8882270654218569,41.763213500075445],[-4.8880176982925283,41.763162181623741],[-4.8878103643941007,41.763131003884922],[-4.8876474478951852,41.763104859919977],[-4.8874721688994232,41.763067392390418],[-4.8872599171241724,41.763016119955566],[-4.8871102718569341,41.762966700563474],[-4.8869158732708486,41.762900723781478],[-4.886726370169467,41.76283754922396],[-4.8863813918145125,41.762739461033576],[-4.886159497662165,41.762671053374724],[-4.8858980929729485,41.762551415810556],[-4.8856521035131539,41.762448818810562],[-4.8853941504663876,41.762332008194839],[-4.884800288297602,41.762065076013528],[-4.8843751320014244,41.761890483243064],[-4.8845118192186945,41.761185034094929],[-4.8845092590132753,41.760966044686562],[-4.8845224413001898,41.760824611206644],[-4.8845501582641484,41.760703112865464],[-4.8846009703706015,41.760532242080771],[-4.8846814880104032,41.760340710203614],[-4.8848130745375791,41.760102229715329],[-4.8849457575526385,41.75990119625952],[-4.885061279259804,41.759639921616198],[-4.885265811520596,41.759132218402293],[-4.8856538757214594,41.758287193575974],[-4.8858845537942637,41.757851109149627],[-4.8859993246396662,41.757630194910497],[-4.8860973244746946,41.757395144671371],[-4.8861853344037263,41.757180432934909],[-4.8863275208372032,41.756745800751432],[-4.8864119281652654,41.756588787730102],[-4.8865433415477719,41.756295549459161],[-4.8866858306167886,41.756068415069478],[-4.8868033468900816,41.75580998878997],[-4.8868957648676119,41.755598085238937],[-4.8869622986750274,41.755389489833043],[-4.8870753057664666,41.755010093686188],[-4.887239438484877,41.754356066297383],[-4.8873437533340276,41.754008513717494],[-4.8874085895326225,41.753791299675349],[-4.8874859268815163,41.753573880158612],[-4.8875783396540857,41.753361976092755],[-4.8876384428639872,41.75319671619377],[-4.8877208077745511,41.753019561174305],[-4.8877874993577448,41.752865720322987],[-4.8878313694298292,41.752671906332473],[-4.8878479741172622,41.752467011249095],[-4.8878711138523689,41.752238953917249],[-4.8878990585084532,41.752059811132945],[-4.8879612850058844,41.751868577431658],[-4.8880279819927708,41.751665741892559],[-4.8880987201655408,41.751485896510864],[-4.8881734536906558,41.751245463545743],[-4.8882648408119973,41.751047986129954],[-4.8883342442360238,41.750888336187593],[-4.8883783006370853,41.750766568155086],[-4.8884083006071934,41.750624857552786],[-4.8884265325237379,41.750491986658709],[-4.8885086343359605,41.750355183558682],[-4.8885866006132481,41.750241505032022],[-4.8886823061626004,41.750092950707881],[-4.8887321901179037,41.749956677208402],[-4.8887484730665403,41.749806545824221],[-4.8887590962182159,41.749676681160757],[-4.8888094853227342,41.749557690891301],[-4.8889263907666578,41.749279098649737],[-4.889213031358925,41.748735453459759],[-4.8892219189088646,41.748677667480898],[-4.889233977270937,41.748596773608206],[-4.8892503954693662,41.748484106042575],[-4.8893181363725073,41.748021873400582],[-4.889375623954372,41.747882592439389],[-4.8894349525332528,41.74774039908317],[-4.8895081653964034,41.747612387695163],[-4.8896098350302477,41.747437796627743],[-4.8897149282216654,41.747248738740588],[-4.8898040964662881,41.747074353170042],[-4.8899244653823528,41.746864870090477],[-4.8900509140242523,41.746649523578384],[-4.8901477154940673,41.746489421629796],[-4.8904739213218189,41.745999882502772],[-4.8906003864051923,41.745850820260756],[-4.8907551949838393,41.745683998830216],[-4.8908787158718336,41.745549395149403],[-4.8910626799654837,41.74537633097453],[-4.8912702342579433,41.745171176088874],[-4.8914673773925639,41.744971957333888],[-4.8916417811881994,41.744784639254505],[-4.8919257571982575,41.744462944933957],[-4.892056376423719,41.744308048492378],[-4.8921840232211968,41.744150319686632],[-4.8923387932652931,41.74396620605809],[-4.8924706837366081,41.743805525836329],[-4.8926077765068667,41.743641876760719],[-4.8927154821564436,41.743493120373394],[-4.8928187976397686,41.743407841124245],[-4.8933514793653554,41.742923539096154],[-4.8940715181068972,41.742300692822106],[-4.8945106211883358,41.741938969600355],[-4.8947719132693077,41.741730041743935],[-4.8949867373910365,41.741576636774759],[-4.8952008813919647,41.741400185068791],[-4.8954075048403105,41.741229622127989],[-4.8955591459450964,41.741103196515979],[-4.8956661623158766,41.740980388363063],[-4.8957502727856115,41.74086372052178],[-4.895862774433926,41.740714882012519],[-4.8960331928262546,41.740556442941823],[-4.8964015717218929,41.740227583696708],[-4.8967431972253577,41.739953920111105],[-4.8970700832587175,41.739686264910063],[-4.8973396430798637,41.739448372935001],[-4.8975767669653489,41.739219662425143],[-4.8978743781966436,41.738938078139945],[-4.8981477508633722,41.738682828770443],[-4.8983533923810274,41.73846328404607],[-4.8986405904157797,41.738138638624378],[-4.898959398697702,41.737744301710883],[-4.8997059578124844,41.736948062941032],[-4.9003037661817315,41.736327198078641],[-4.9009235012991956,41.735651209440903],[-4.9016459224037234,41.734869766076301],[-4.9022860337087062,41.734037804682856],[-4.9030392811021279,41.733031045721653],[-4.9036333298973815,41.732269007180619],[-4.9045528883857772,41.731049099607233],[-4.9053930087574393,41.729778625668565],[-4.9057943899445826,41.729186926190671],[-4.9058994680073642,41.729032437654752],[-4.9065864875156224,41.729237193875775],[-4.9073553374284424,41.72946076451548],[-4.9081312287291841,41.729678448836403],[-4.9088125970388772,41.729854466480596],[-4.9099897652964088,41.730143288260443],[-4.9106094655021897,41.730282852570468],[-4.910885470182011,41.73033014073517],[-4.9111960281772236,41.73039126555409],[-4.9116271080011336,41.73051090582797],[-4.912229852896739,41.730662270952621],[-4.9125164132420425,41.730741082375268],[-4.9127183402484258,41.730804008982126],[-4.9129458846097203,41.730854980282061],[-4.913156006363133,41.73088606852783],[-4.9134111717458158,41.730927932611301],[-4.9135223252630986,41.730946256493894],[-4.9136286754757768,41.730964661189695],[-4.9136475070847219,41.730967229546877],[-4.9139541923443062,41.731011117990604],[-4.9144792559306012,41.731088833214322],[-4.9147740103463438,41.731135801294386],[-4.9150279407234621,41.731200738121437],[-4.9153512416573593,41.731301985662007],[-4.915601018194744,41.731372756443669],[-4.9159309502994244,41.731422016070759],[-4.9162265509201095,41.731448789913806],[-4.9165576713644041,41.731489381663643],[-4.9168334756595469,41.731513603959954],[-4.9171271364686673,41.731572109853936],[-4.9175962450677568,41.731627690693287],[-4.9178684107542558,41.731675024294553],[-4.9181594633372097,41.731710516231956],[-4.9183400643319954,41.731719032167398],[-4.9185733156498967,41.731735311977467],[-4.9188465996611965,41.731739397850248],[-4.9191780994705399,41.731728100016731],[-4.9195919686440996,41.731721189807153],[-4.9196275816383439,41.731092317932557],[-4.9196434273601728,41.730881667440414],[-4.9196421596926054,41.730645366899644],[-4.9196371157605086,41.730443711743369],[-4.919640400081434,41.730198687066199],[-4.9196403334766066,41.730002711079429],[-4.919646291364141,41.729815281554892],[-4.9196353087529348,41.72968865706391],[-4.9196277202223166,41.729579267443768],[-4.9196107638717477,41.729429687015234],[-4.9195918294893906,41.729294549149103],[-4.9195857385421577,41.72917072497895],[-4.9195915058842035,41.729089934783019],[-4.9196284356330091,41.728925044312589],[-4.9196556798770041,41.728725730693739],[-4.9196931582021195,41.728514718598326],[-4.9197492266201328,41.728185235789773],[-4.9197806777066848,41.727965678131461],[-4.9197964038475908,41.727815552370913],[-4.9198059845514228,41.727636706678382],[-4.919835102458082,41.727451772985638],[-4.9198850758564125,41.727240552857836],[-4.9199287461668577,41.727043848471936],[-4.919969072713152,41.726815496131287],[-4.9200198008930665,41.726581207541841],[-4.9200885846249722,41.726323561346653],[-4.9201264389263795,41.726141361798277],[-4.920172289102891,41.725953266206332],[-4.9202420870516841,41.725681194325894],[-4.9202810040237361,41.725470157905498],[-4.9203178912507921,41.725287974441045],[-4.9203467812161481,41.725111689725544],[-4.9203536676648554,41.725068345134183],[-4.9203745742693767,41.724866257809985],[-4.9203974398963792,41.724681427531358],[-4.9204075180950921,41.72447087226282],[-4.9204124621172376,41.724297869023125],[-4.9204362713965883,41.724144725879768],[-4.9204359978376688,41.724006393978861],[-4.9204143514964747,41.723877065644785],[-4.9203820464818051,41.72374503340891],[-4.920322347366433,41.723613459119299],[-4.9202724154056927,41.723519186825833],[-4.9202400770332764,41.723450559172868],[-4.9202257611136249,41.723421978533089],[-4.9201748362634889,41.723229734590944],[-4.920135856067243,41.723083404324441],[-4.920109303336802,41.722982977877912],[-4.9200367682279973,41.72267869734393],[-4.920030709177512,41.722652860749129],[-4.9199891361557979,41.722451815026645],[-4.9199411964197752,41.722311397695684],[-4.9198749082994375,41.72216840491847],[-4.9198212026710708,41.722028083896134],[-4.91975699541534,41.72184182677541],[-4.9196971105745746,41.721655496476188],[-4.9196500642675387,41.72148047993592],[-4.9196446576607133,41.721460396584099],[-4.9195578140417879,41.721127534806996],[-4.9194996993750584,41.720903706772738],[-4.919477849577965,41.720751325794595],[-4.9194701436972395,41.720702460886457],[-4.9194359232374829,41.720489764584237],[-4.9194161892876611,41.720311408546841],[-4.9193819668582721,41.720098712246873],[-4.9193594679729964,41.719940577896303],[-4.9193370549059985,41.71978532238883],[-4.9193006715941223,41.719613010469494],[-4.9192979616968939,41.719538124182336],[-4.9192964183226415,41.719486273300255],[-4.9193137237062876,41.719324591776655],[-4.9193160916768166,41.719307258787687],[-4.919335436622351,41.719165717790659],[-4.9193440402108681,41.719018592085078],[-4.9193408484775016,41.718943712942234],[-4.9193367148493437,41.718837149275565],[-4.9192766132341195,41.718578770084484],[-4.9192497910645088,41.718420708805048],[-4.9192271555898062,41.718274105016555],[-4.9191990789870665,41.718090123182471],[-4.9191227085790592,41.717785907675214],[-4.9190786571494103,41.717501322294964],[-4.919057656358012,41.717328754147296],[-4.9190362221543733,41.717141779186953],[-4.9188611911138258,41.717173523047649],[-4.9186573240193283,41.717205743773036],[-4.9184281230038387,41.71722686157436],[-4.9181413395532338,41.717251821625652],[-4.9176817718126102,41.717271014763142],[-4.9172835773718733,41.71730071278845],[-4.9170001035740842,41.71734002429411],[-4.9163543758114265,41.717437250203325],[-4.915791838745716,41.71751867736743],[-4.9156065374665392,41.717544819774865],[-4.915170409068474,41.717592434685201],[-4.915113871832375,41.717599141439237],[-4.9147635122558384,41.717636679510044],[-4.9144272883539104,41.717697035845276],[-4.9141623313805987,41.717744678026968],[-4.9139831727851897,41.717799538152349],[-4.9138259816846706,41.717865558570047],[-4.9132156690849484,41.718103396483492],[-4.9129829160348546,41.718199492400245],[-4.9128479683829536,41.718253614505727],[-4.9124721538863767,41.718389556892809],[-4.9121313866304348,41.71850762394304],[-4.9116407048610444,41.718645474693908],[-4.9113390567726114,41.718736950495845],[-4.9110238408073652,41.718857471213589],[-4.9106519267450279,41.719027928742022],[-4.9103950740834899,41.719089836099933],[-4.9100151333095301,41.71929788951644],[-4.9098777237031248,41.719366459522128],[-4.9098289605945631,41.719375915615409],[-4.9097737463731539,41.719362423126476],[-4.9087893655109447,41.719130917471098],[-4.9085605104910517,41.719082841509213],[-4.9085146011327963,41.719083602461502],[-4.9084672740191699,41.719084388750936],[-4.9016749000924102,41.721214358064685],[-4.901567218083728,41.721247840042402],[-4.9010116628041622,41.721421302641055],[-4.9000282520950051,41.72182663245156],[-4.8993227366326453,41.722051560028838],[-4.8989377027853722,41.722219313661903],[-4.8987617399506975,41.722285622927707],[-4.8986214265565504,41.722354226601652],[-4.8984932985388818,41.7224283937975],[-4.8983626256269588,41.722514130366484],[-4.8982389923099285,41.722593984477903],[-4.8981215246810912,41.72267085628728],[-4.8980210159396345,41.722735921208837],[-4.8979080126229091,41.722801190677011],[-4.8977901166168794,41.722863657875685],[-4.8976829385205249,41.722914422236563],[-4.8975692539169984,41.722956647709459],[-4.8974554879602605,41.722995991423382],[-4.8973586835788838,41.723023526508825],[-4.897219979412573,41.723048871447325],[-4.897087662763898,41.723062584171544],[-4.8969839607879164,41.723084469575085],[-4.8968872407868069,41.723114884059747],[-4.8967963732475965,41.723148085716879],[-4.8966751703507612,41.723196197730346],[-4.8965590255815199,41.723252873275811],[-4.8964453420149638,41.723295097621872],[-4.8962828875220268,41.723346769636521],[-4.89555703887702,41.72360083069622],[-4.8948045526924977,41.723881261776917],[-4.8941051574332359,41.724152168971521],[-4.8936435047226752,41.724364396888348],[-4.8935993983712951,41.724385297699079],[-4.8928383482994047,41.724735025460845],[-4.8924769782202739,41.724890841000132],[-4.8921832115374633,41.724990781235071],[-4.8901765525872891,41.725680891209961],[-4.8888948513480406,41.726151552351993],[-4.8888534562278965,41.726166643482763],[-4.8887616186497231,41.726199852047856],[-4.8882466396957822,41.726398526484083],[-4.8874902145469425,41.726661682873036],[-4.8874420904821729,41.726676883161971],[-4.8858723733217406,41.727166647746721],[-4.8842452513309027,41.727700563022246],[-4.8830310674444259,41.728049008072638],[-4.8823960550480017,41.728255384529227],[-4.8823346386974436,41.728276564686318],[-4.8822846723337001,41.728294675999457],[-4.8820899293741906,41.728361266620183],[-4.881817964434803,41.728434887982658],[-4.8810495464675174,41.728634796134408],[-4.8803852845548388,41.728844521660143],[-4.8800780579696621,41.72891295014643],[-4.8798454794611157,41.72896863146017],[-4.8794968922456698,41.729020442710755],[-4.8791130688814892,41.729084356787453],[-4.8790297673925416,41.729097246918322],[-4.8789349291516393,41.729110324796459],[-4.8787176228764828,41.729145578484278],[-4.8784726074812692,41.729187049075371],[-4.8782201524505631,41.729237287962185],[-4.8779885094798843,41.729275654978366],[-4.8777100144911065,41.729323435474662],[-4.8774756556982322,41.729367610033542],[-4.8772660627131437,41.729420027454573],[-4.8770518313642421,41.729478284469856],[-4.8768212558166386,41.729536807229913],[-4.8766328963630183,41.729591758658401],[-4.8764449558814871,41.729661113389113],[-4.8762934407410468,41.729709697306021],[-4.8761193548209265,41.729775943111505],[-4.8758964908737443,41.72985163151457],[-4.8755458702624344,41.729949575652604],[-4.8753091472228309,41.730028371294736],[-4.8749236870609298,41.730135527679671],[-4.8746083200599148,41.730238661324236],[-4.8744531858455353,41.730278655607343],[-4.8742890649181261,41.730307269752352],[-4.8741331753689581,41.730321339811148],[-4.8740369540592328,41.730320027562627],[-4.873910303672349,41.730330736400724],[-4.8737748548494535,41.730353118787221],[-4.8735906274641829,41.730384942005514],[-4.8735667595858834,41.730391094584341],[-4.8734480732000192,41.730427614539018],[-4.873260105025472,41.730479670173935],[-4.873052970433541,41.730517629375356],[-4.8728128353703388,41.730561891326211],[-4.8726508641434956,41.730581820910835],[-4.8724912127154969,41.730598832162151],[-4.8724451507797584,41.730602464201318],[-4.8722695747328402,41.73063414518159],[-4.8721786595783394,41.730650034736939],[-4.8720638798978024,41.730672078234221],[-4.8718948660362145,41.730697886612965],[-4.871711199818872,41.730732580668146],[-4.8715208045795206,41.730767381361616],[-4.8715104587429314,41.730758903647732],[-4.8706611992572499,41.729948472364249],[-4.8705521644783003,41.729820557416758],[-4.8704073969034987,41.729687456411405],[-4.8702736837308249,41.729554177936627],[-4.8701373577201448,41.729380592548068],[-4.8699678252648457,41.72917296425463],[-4.8698288069373987,41.729022479050073],[-4.8697184408940037,41.728848471467721],[-4.8695762866397079,41.728689390709043],[-4.8694889103626453,41.728578412957646],[-4.8694379593009645,41.728512955831135],[-4.8693027030408187,41.728425813879184],[-4.8691151391798293,41.728276115955147],[-4.8687084972161543,41.727951295705395],[-4.8684654314865741,41.727744859519056],[-4.8680985855000358,41.727465502329231],[-4.8677731851105541,41.727205644710132],[-4.867334685951846,41.726892864940709],[-4.8667525018314377,41.726467136583089],[-4.8655016585364068,41.725634365967316],[-4.8651521357265324,41.725421004219072],[-4.8648977154277215,41.725286795243719],[-4.8640672575434669,41.724821850136834],[-4.8631183310894501,41.724283885947834],[-4.8627481103192896,41.724102554622796],[-4.8623139846183152,41.723939548907687],[-4.861746962219855,41.723703761868371],[-4.8611028222428114,41.723411580407529],[-4.8609051879080898,41.723328319286303],[-4.8608107787839234,41.723289499288548],[-4.8605673839311017,41.723186803259971],[-4.8605050298523143,41.723158993105741],[-4.8599584115354597,41.722963215133774],[-4.859710359790494,41.722849065185123],[-4.8594272876780753,41.722721071079448],[-4.8592230780392143,41.722626386879242],[-4.8589842265665686,41.722497675050178],[-4.8587991411719651,41.722382505016704],[-4.8585839076015249,41.722239002386679],[-4.8584282262800489,41.722126238099207],[-4.8582791260624374,41.722024896427783],[-4.8582457778021384,41.722002380005904],[-4.8579440123868469,41.721759404270706],[-4.857883553676837,41.721780554083388],[-4.8577681364168077,41.721796829384537],[-4.8576323683340359,41.721807669469769],[-4.857478169634315,41.721813043217651],[-4.8573009643776972,41.721804378244222],[-4.8571006087391133,41.721793205159898],[-4.8568916198017718,41.72179946206726],[-4.8566719700667065,41.721803010604937],[-4.8565395650682301,41.721813795041854],[-4.8564479308940109,41.721821038348843],[-4.8564129277616939,41.721824485217326],[-4.8562745230588131,41.721844012601203],[-4.8560700569393562,41.721890544304195],[-4.8538450246000711,41.722655596766096],[-4.8532831067255184,41.722863515863381],[-4.8524733207213924,41.72314747761007],[-4.8523347940344506,41.723213113996231],[-4.8522889830452556,41.723225381082258],[-4.8522351357257483,41.723208955844598],[-4.8521709973673905,41.723152348933539],[-4.8521105242361342,41.723072627004058],[-4.8520883810524751,41.723038398835151],[-4.8520556817148117,41.723021634345983],[-4.8520231478685867,41.723010630475692],[-4.8519787642738823,41.723005580933282],[-4.8519322390541824,41.723026504786702],[-4.851889096593454,41.723064665778075],[-4.85176077757452,41.723167604195403],[-4.8517160274418716,41.723200025939704],[-4.8516632715810815,41.723238342710623],[-4.8514601680504272,41.723382832006195],[-4.8511868223564028,41.723542863409641],[-4.8507449959727706,41.723780539665164],[-4.8500556870731701,41.724174942452052],[-4.8493494648289728,41.724566732203066],[-4.8493286470773587,41.724578594840196],[-4.8493010987643022,41.724590566727358],[-4.8481911213687461,41.725089713911721],[-4.8477227410826877,41.725307631102162],[-4.8472612351391184,41.725513906547683],[-4.8469026270505546,41.725669534648418],[-4.8464764780254574,41.725817598316219],[-4.8460635362353051,41.725956803666449],[-4.8455787283309535,41.726088514085269],[-4.8451645880550647,41.726236380860541],[-4.844818028453437,41.726342814165051],[-4.8445703888988554,41.726427484266978],[-4.8444085279350793,41.726484839510562],[-4.8441121881042797,41.726581818048132],[-4.8438576121029682,41.726709828546667],[-4.8435479366674983,41.726861777753797],[-4.8433447762420254,41.726971670265428],[-4.8433011294130663,41.726992544441721],[-4.8432451517444211,41.727019379759376],[-4.8431992685402596,41.727046053978746],[-4.8431342388345691,41.727075916586251],[-4.8425916075030235,41.727355525606704],[-4.8422624218930732,41.727565424469518],[-4.8416265953441346,41.727932982868609],[-4.8409272550185207,41.72833325601794],[-4.8403995178971915,41.72862990859835],[-4.8399198882334407,41.728876793454738],[-4.8395328506434465,41.729099138612185],[-4.8393541362686845,41.729240335681126],[-4.8391289343335,41.729471618199405],[-4.8389729845716047,41.729635506086225],[-4.8389070981747917,41.729702846393479],[-4.8386243877803965,41.729958104407089],[-4.8380896762822561,41.73039895751058],[-4.8378650068658695,41.730598526847231],[-4.8376272526289252,41.730879002000627],[-4.8373561304833217,41.731220532630196],[-4.8371757160110072,41.731471270501167],[-4.8370026276635514,41.731658484782542],[-4.8368398455667139,41.731802304339944],[-4.8367227737956284,41.731896399835421],[-4.8366699197241347,41.731931828302145],[-4.8365854314054584,41.731987937209475],[-4.8363891957584517,41.732071766945481],[-4.8358337960801485,41.732293908072691],[-4.8353709809244965,41.732474218799496],[-4.8350001222574521,41.732624240465711],[-4.8346568984702198,41.73276517417635],[-4.8343494712308006,41.73287959816227],[-4.8342448483150235,41.732904322906087],[-4.8341503219759652,41.732928886341327],[-4.8338083287484022,41.732994865142331],[-4.8335957181306002,41.733044369962649],[-4.8332717458489336,41.733101412317197],[-4.833136685051886,41.733138150213755],[-4.8330111786176015,41.733206438562959],[-4.8327270261181896,41.733395417743537],[-4.8325347291163103,41.733516647137201],[-4.8322507876535221,41.733662392114653],[-4.8319181284099333,41.733803147346876],[-4.8316392877904617,41.733908461906381],[-4.8313230311942776,41.73401725440268],[-4.8310420915877836,41.734099542398262],[-4.8306502661155406,41.734189362019706],[-4.8302156553568407,41.734279860210975],[-4.8297867193948916,41.734350094384276],[-4.8291842675599659,41.734474962511122],[-4.8286920552748649,41.734586545962117],[-4.8284638792442829,41.734613231416233],[-4.8281124626946781,41.734618820135552],[-4.8276561749728106,41.734640486891379],[-4.8275956015959904,41.734641450641099],[-4.827477341639244,41.734643328515595],[-4.8270912290538543,41.734646585792028],[-4.8266508133060597,41.73468528598179],[-4.8262754048714882,41.73477771263461],[-4.8257918549559466,41.734923729327967],[-4.825433595388362,41.735027409053146],[-4.8250757262002359,41.735110904072187],[-4.8247340190193793,41.735153795470019],[-4.8243031389670845,41.735206745681815],[-4.8238980644238314,41.735270815636099],[-4.8235836937002636,41.735344969941863],[-4.8233117825120049,41.735406923748783],[-4.8230742303274141,41.735442394528263],[-4.8222758332427391,41.735527103743372],[-4.8210896573569668,41.735675592313541],[-4.8192656517760115,41.735940797214361],[-4.8189635338890922,41.736023392933646],[-4.8179266842342496,41.736351052809951],[-4.8160566859411631,41.73693107627966],[-4.8154028477725603,41.737128737099809],[-4.8152339695748481,41.73721210021516],[-4.8147800719143099,41.737268259684306],[-4.8137412706525557,41.73739129085989],[-4.8131594998117873,41.737484045421809],[-4.8132830347443702,41.737669430048378],[-4.8134626987054681,41.737969207878379],[-4.8141520103948467,41.738843110616926],[-4.8147988511212167,41.739660040770289],[-4.8150577112317388,41.740004677371026],[-4.8151079792706719,41.740081699697583],[-4.8153709449827042,41.740469501240668],[-4.816165680489334,41.741549234321717],[-4.8165238941656003,41.742039281647109],[-4.8169089972383983,41.742629773137878],[-4.8174191081322331,41.743405616261363],[-4.8177667100338839,41.743962113777414],[-4.8179789857649498,41.744359357429417],[-4.8183560997764845,41.745143066030799],[-4.8186999992479498,41.745806252098618],[-4.819066606172111,41.746523837217659],[-4.8193026800378647,41.747064803295665],[-4.8193285704803284,41.747266133475179],[-4.8193727595313982,41.747911005387586],[-4.8193931017354901,41.748256526263404],[-4.8194317174367587,41.748414425220304],[-4.8194571630548912,41.748514892716813],[-4.8195253605065735,41.748698262788665],[-4.8197150346839868,41.749026691523966],[-4.819894546276819,41.749386983055203],[-4.8200059210880006,41.749514911641377],[-4.8204961309164602,41.750025911736124],[-4.8210491864302716,41.750717479697286],[-4.8210581667149564,41.750728865689247],[-4.8215001406779416,41.751217570228732],[-4.821823668222323,41.751532345071951],[-4.8218744345630338,41.751609354520582],[-4.8222902017833906,41.752072532754688],[-4.8227970148072465,41.752692775089621],[-4.8230803437977903,41.753048533450254],[-4.823089919426363,41.753131959382827],[-4.8231100771025215,41.753215218253601],[-4.8231614196237427,41.753312393487633],[-4.8233323283677301,41.753554653732891],[-4.8235630409469197,41.753819019183005],[-4.8237509129335736,41.753997605286422],[-4.8239634835255467,41.754198855585372],[-4.8241037275962722,41.754326319789321],[-4.8241900942082907,41.754420057125259],[-4.8243118426975027,41.754591044347265],[-4.8246700315247857,41.755075301809306],[-4.8252811170221053,41.755910027419503],[-4.8259214003442157,41.756755814701826],[-4.8263468862012813,41.757287991419254],[-4.8264684955729482,41.757470507694279],[-4.8265266670581024,41.757587746443264],[-4.8265642337870105,41.757690900591925],[-4.8266033251527389,41.757796913468091],[-4.8266633228471614,41.757876656860795],[-4.826781710036407,41.758030404049471],[-4.8268915170396385,41.758169878046552],[-4.8269757429193705,41.758289582423942],[-4.827083561889042,41.758460789007643],[-4.8271937234105673,41.758663661174928],[-4.8273450351593041,41.758926401479663],[-4.827752009453615,41.759703835555889],[-4.8282881418530552,41.76079335327595],[-4.828726099957918,41.761746094882049],[-4.8292540578442367,41.762783861130103],[-4.8295518037130751,41.763254654593752],[-4.8297492298060325,41.763649229168067],[-4.8301033371001489,41.764392913083199],[-4.8305052038362772,41.765225175618859],[-4.8308509592574156,41.765911351119641],[-4.8310497593278203,41.76630301744008],[-4.8312948426229099,41.766731413408955],[-4.8315391342123464,41.767301040771251],[-4.8317990018427457,41.767775312219655],[-4.8320257239169431,41.768183824751645],[-4.8321810660740079,41.768535834756037],[-4.8323237740607681,41.768934158486218],[-4.8323392211945979,41.769020370889827],[-4.8327582491841747,41.76952380357789],[-4.83331581834857,41.770278643732766],[-4.8339546901266042,41.771150342721981],[-4.8345955152695295,41.772039299240241],[-4.8347853726470253,41.772301412315713],[-4.8348782934705641,41.772420974290505],[-4.8350149015446569,41.772536955216772],[-4.8351260259435991,41.772670633834807],[-4.8352785582823472,41.772973690637443],[-4.8356084269857762,41.773504474001385],[-4.8357985275173867,41.773757936084372],[-4.8359186949001352,41.773972168449539],[-4.836058900055817,41.774180312589841],[-4.8362440537099047,41.774344512151316],[-4.8363976814956464,41.774483274081923],[-4.8364812196353997,41.774594337580112],[-4.8366789980495337,41.774813091328632],[-4.8369790466714333,41.775208893336568],[-4.8374384374067869,41.775757774883843],[-4.8380236302096842,41.77653232267857],[-4.8386873985835734,41.777394951982544],[-4.8391312997507328,41.77799018673737],[-4.8394269927814904,41.778417755507903],[-4.8397270599526951,41.778897128963777],[-4.8400977638038052,41.779473357729124],[-4.8404071745685355,41.779892056009118],[-4.8405810813186676,41.780200526879646],[-4.8407653140894933,41.780382024278275],[-4.8410472212122757,41.780377508300397],[-4.8412905635763153,41.780370727844343],[-4.8418130087751035,41.780362357854884],[-4.8423594081869892,41.780333424902956],[-4.8427946678961886,41.780288980241487],[-4.843183594032789,41.780256806736887],[-4.8435774803040745,41.780213023096699],[-4.8442824122127863,41.780106605760643],[-4.8452180729153032,41.779973425237493],[-4.8461051424682582,41.779841017273611],[-4.8464910797575351,41.779788706100881],[-4.8468059977442186,41.779760590458189],[-4.8471814478277784,41.779728617419586],[-4.8474216332515851,41.779695936985782],[-4.8480687350386544,41.779671122917122],[-4.8489052416911305,41.779672078738038],[-4.8489707286373749,41.779740193333815],[-4.8490751918123927,41.779908550244279],[-4.8493262295002957,41.780169655375829],[-4.8496478327202697,41.780524729201993],[-4.8499940591384281,41.780882287532997],[-4.8503486608376756,41.781280058863132],[-4.8505779634024737,41.781521336829407],[-4.8507875588311737,41.781696644244128],[-4.8512031399421431,41.781955094278175],[-4.8516740810976868,41.78224723599503],[-4.8520023259191412,41.782481151619919],[-4.8520996401473351,41.782450763395325],[-4.8522528721034774,41.782624096747568],[-4.8522717992723567,41.782713133006091],[-4.8522760799822242,41.782828343224708],[-4.8522752509711431,41.782966693323864],[-4.8522471145920454,41.783393681960476],[-4.8522362434732926,41.784019249608505],[-4.8521878335213753,41.785046018716187],[-4.8521723364039042,41.785778294702119],[-4.8521597934919782,41.786078224174076],[-4.8521579328599316,41.786314577617148],[-4.8521406136852674,41.786482013381232],[-4.8520907750003479,41.786690318953767],[-4.8520299553485424,41.786901686353673],[-4.8519891576094158,41.787173250704619],[-4.851940663221983,41.787361360929623],[-4.8518883872179952,41.787535124463417],[-4.8518700346760264,41.787716984467025],[-4.8518672817197128,41.787855364584132],[-4.8518698670220877,41.788045534064089],[-4.8518831729193002,41.788206710877368],[-4.8519066458359124,41.788353314294184],[-4.8519309024534953,41.788476849413343],[-4.8519556891209676,41.788568674119176],[-4.8521121863650247,41.78903879885943],[-4.85224803309751,41.789543839423416],[-4.852375849355095,41.790037481933396],[-4.8524580282316796,41.790350293722312],[-4.8524939460731646,41.790511106560849],[-4.8525253061790758,41.790680638206702],[-4.8525368534067885,41.790847608273864],[-4.8525509072951909,41.791034709672481],[-4.8525671355591298,41.791397579411388],[-4.8526540300414425,41.792024453050281],[-4.8526875141459618,41.792401453773778],[-4.8527409771792476,41.792786778349189],[-4.8527790419429531,41.793172351298267],[-4.8528474553388961,41.793592018472054],[-4.8529017831919345,41.793957155375963],[-4.8529453574038506,41.794233123486869],[-4.8530380974981639,41.794678336554846],[-4.8530690284673828,41.794816174828192],[-4.853069578078987,41.794968910049441],[-4.8530654324715528,41.795159188784432],[-4.8530693661285209,41.795329161787407],[-4.8530860805165741,41.795524868948171],[-4.8531040520612247,41.795697496588097],[-4.8531444418251528,41.795912996153326],[-4.8532030555168051,41.796393341714527],[-4.853223799401766,41.796528460427474],[-4.8532261392884051,41.796542832093124],[-4.8532338904973278,41.796594584181548],[-4.8532606891831476,41.796689257164033],[-4.8532924660738237,41.796789613930912],[-4.8533418805360213,41.796883921917363],[-4.8534282682305854,41.797058331889602],[-4.8535568659940127,41.797260877562728],[-4.8537992844172582,41.797637389042315],[-4.8538774424348015,41.797843632400458],[-4.8539247199701068,41.797963912288807],[-4.8539278429174422,41.798038792844842],[-4.8539206918187299,41.798108076030964],[-4.853912049432374,41.798209086898048],[-4.8538980352569787,41.798390876875217],[-4.8538833383730466,41.798532331671225],[-4.8538772020745524,41.798653473819826],[-4.853894429480011,41.798800176477222],[-4.8538936685265019,41.798840536756764],[-4.8538906687985026,41.798970276258821],[-4.8538914528141817,41.799114361393066],[-4.8538980128139633,41.799258355081854],[-4.8539072098452269,41.799393660005087],[-4.8539337458547411,41.799545977393294],[-4.8542028262655785,41.800829884818469],[-4.8542560827921655,41.801073993068883],[-4.854302422638944,41.801295158266186],[-4.8544178639806317,41.801642016561374],[-4.8544823235791945,41.801857124037241],[-4.8545676780785971,41.802112242904521],[-4.854632716879248,41.802263938253894],[-4.8546706769260188,41.802444891515727],[-4.8547168902566487,41.802778454449559],[-4.8547679787336424,41.803013953004303],[-4.8547750078901171,41.803224226390782],[-4.8547511025386401,41.803380237522177],[-4.8547017933437369,41.803556835168521],[-4.8546387395395252,41.803707715311496],[-4.8545348984989785,41.803896721805671],[-4.8544559508158329,41.804114143228006],[-4.8543759710485936,41.804262415384834],[-4.8542886402818084,41.804439625894453],[-4.854173531555384,41.804672042206235],[-4.854093453136886,41.804883719297479],[-4.8539767318463607,41.805110399116323],[-4.8538670150112839,41.805362899782317],[-4.8538111779623394,41.805513664740978],[-4.8537656782593706,41.805655615715722],[-4.8537048313089111,41.805849690602088],[-4.8536387546920956,41.806029438661916],[-4.8535545906449817,41.806249827476471],[-4.8534573484480541,41.806467546145257],[-4.8533815277884722,41.806609984525508],[-4.8532450708215338,41.806836981179472],[-4.8531562728499669,41.806996922998891],[-4.8530578656482417,41.807174310368055],[-4.8528141208400593,41.807688351758074],[-4.8526815280939415,41.807932577734803],[-4.8525980022022281,41.808075139889084],[-4.8525222947136397,41.808171466497825],[-4.8524263231922165,41.808299820796805],[-4.8519761003456461,41.808984344047907],[-4.8518481985909032,41.80919102660755],[-4.851672827217393,41.80950510706063],[-4.8515980295248875,41.809633121035496],[-4.8515650683039695,41.809725874797032],[-4.8514981036853584,41.809908519734407],[-4.851461740897336,41.810050321515405],[-4.8514490782317168,41.810229209748123],[-4.8514374267412768,41.810376377219214],[-4.8514128153467126,41.810558339241538],[-4.8513844500781733,41.81084411139723],[-4.8513629249772192,41.811149948570389],[-4.8513605685869337,41.811369017628607],[-4.8513527174450264,41.811547826443359],[-4.8513409505129665,41.811741109576261],[-4.8513072086589437,41.811940510190276],[-4.8512803049905706,41.812076396162794],[-4.8512530028697611,41.812215170608518],[-4.8512036769022808,41.812391766844911],[-4.8511960742217557,41.812579217792106],[-4.8511826138364285,41.81276388200515],[-4.8511762891302199,41.812945548222721],[-4.8511861302792418,41.813170184704084],[-4.8511793082004306,41.813250989601656],[-4.8511752593490609,41.813294284840019],[-4.8512197393104568,41.813417494483623],[-4.8512649331277604,41.813532044623841],[-4.851315438350472,41.813663801461431],[-4.8513726326522937,41.813827153065333],[-4.8514415606546111,41.814096949784677],[-4.8514933613557982,41.814323790836568],[-4.8515189720745138,41.814510708032664],[-4.8515374623454344,41.814717910823411],[-4.8515541437010103,41.814962611314911],[-4.8515558206041147,41.81528824861973],[-4.8515860128800039,41.815400158417638],[-4.8516496482695644,41.815502883678938],[-4.8516903626681573,41.815545457115441],[-4.851711872826888,41.815556638487664]]]},"properties":{"OBJECTID":46,"JOIN_COUNT":1,"TARGET_FID":46,"CODIGO_BAR":"00","NOMBRE_BAR":"EXTRARRADIO","ORIG_FID":5,"SHAPE.AREA":50394058.543753602,"SHAPE.LEN":40743.377900800602}}]}